raceId,driverId,stop,lap,time,duration,milliseconds
841,153,1,1,17:05:23,26.898,26898
841,30,1,1,17:05:52,25.021,25021
841,17,1,11,17:20:48,23.426,23426
841,4,1,12,17:22:34,23.251,23251
841,13,1,13,17:24:10,23.842,23842
841,22,1,13,17:24:29,23.643,23643
841,20,1,14,17:25:17,22.603,22603
841,814,1,14,17:26:03,24.863,24863
841,816,1,14,17:26:50,25.259,25259
841,67,1,15,17:27:34,25.342,25342
841,2,1,15,17:27:41,22.994,22994
841,1,1,16,17:28:24,23.227,23227
841,808,1,16,17:28:39,24.535,24535
841,3,1,16,17:29:00,23.716,23716
841,155,1,16,17:29:06,24.064,24064
841,16,1,16,17:29:08,25.978,25978
841,15,1,16,17:29:49,24.899,24899
841,18,1,17,17:30:24,16.867,16867
841,153,2,17,17:31:06,24.463,24463
841,5,1,17,17:31:11,24.865,24865
841,30,2,17,17:32:08,23.988,23988
841,10,1,18,17:33:02,23.792,23792
841,18,2,19,17:33:53,23.303,23303
841,815,1,23,17:40:27,23.438,23438
841,22,2,23,17:40:45,37.856,37856
841,17,2,26,17:44:29,22.520,22520
841,4,2,27,17:46:04,24.733,24733
841,22,3,28,17:49:07,16.892,16892
841,67,2,29,17:49:47,23.100,23100
841,2,2,30,17:51:32,25.098,25098
841,13,2,31,17:52:28,24.500,24500
841,155,2,32,17:54:21,24.192,24192
841,20,2,36,17:59:17,24.036,24036
841,1,2,36,17:59:29,23.199,23199
841,153,3,35,17:59:45,26.348,26348
841,808,2,36,17:59:47,25.683,25683
841,814,2,36,18:00:48,24.332,24332
841,18,3,37,18:01:49,22.681,22681
841,16,2,37,18:02:15,23.871,23871
841,15,2,37,18:03:55,24.848,24848
841,816,2,38,18:06:53,26.446,26446
841,17,3,41,18:07:37,26.230,26230
841,22,4,40,18:08:03,26.309,26309
841,4,3,42,18:09:08,24.181,24181
841,13,3,48,18:18:54,24.095,24095
842,16,1,3,16:09:07,31.694,31694
842,22,1,3,16:10:04,32.978,32978
842,17,1,10,16:21:21,22.572,22572
842,814,1,11,16:23:16,22.773,22773
842,1,1,12,16:24:40,22.552,22552
842,20,1,13,16:26:17,23.019,23019
842,2,1,13,16:26:28,23.900,23900
842,18,1,13,16:26:29,22.400,22400
842,13,1,13,16:26:30,29.224,29224
842,15,1,13,16:27:03,25.516,25516
842,4,1,14,16:28:15,23.152,23152
842,30,1,14,16:28:34,22.576,22576
842,808,1,15,16:30:10,23.182,23182
842,67,1,15,16:30:23,23.280,23280
842,3,1,15,16:30:37,24.967,24967
842,5,1,15,16:30:37,29.084,29084
842,153,1,16,16:32:25,23.584,23584
842,16,2,16,16:32:31,22.046,22046
842,155,1,17,16:33:53,23.280,23280
842,815,1,17,16:34:14,23.597,23597
842,10,1,17,16:34:28,24.617,24617
842,816,1,17,16:34:39,26.252,26252
842,24,1,17,16:34:56,27.815,27815
842,22,2,17,16:35:41,24.502,24502
842,67,2,20,16:39:30,29.843,29843
842,17,2,22,16:42:37,21.991,21991
842,18,2,23,16:44:11,22.471,22471
842,1,2,24,16:45:48,22.611,22611
842,814,2,24,16:46:20,22.419,22419
842,20,2,25,16:47:27,21.893,21893
842,4,2,26,16:49:19,23.894,23894
842,2,2,26,16:49:31,23.221,23221
842,13,2,27,16:51:17,22.541,22541
842,808,2,27,16:51:25,22.680,22680
842,30,2,28,16:53:26,22.261,22261
842,3,2,29,16:55:28,22.577,22577
842,17,3,32,17:00:01,22.069,22069
842,153,2,32,17:00:55,22.888,22888
842,16,3,32,17:00:56,22.550,22550
842,67,3,32,17:01:03,27.439,27439
842,5,2,34,17:04:41,23.336,23336
842,10,2,34,17:05:19,24.429,24429
842,816,2,35,17:07:20,24.416,24416
842,155,2,36,17:07:26,23.442,23442
842,1,3,37,17:08:28,25.382,25382
842,814,3,37,17:09:21,23.977,23977
842,18,3,38,17:10:13,22.483,22483
842,13,3,38,17:10:28,22.893,22893
842,2,3,39,17:12:09,22.602,22602
842,24,2,38,17:13:32,26.554,26554
842,3,3,40,17:15:05,22.526,22526
842,20,3,41,17:15:08,22.313,22313
842,4,3,41,17:15:25,23.812,23812
842,30,3,42,17:18:08,22.227,22227
842,17,4,43,17:19:10,22.161,22161
842,808,3,44,17:21:08,28.694,28694
842,4,4,46,17:24:24,27.182,27182
842,24,3,44,17:25:07,38.823,38823
842,1,4,52,17:34:48,22.466,22466
843,153,1,9,15:19:36,22.419,22419
843,24,1,9,15:20:00,14.160,14160
843,30,1,10,15:21:12,20.522,20522
843,17,1,10,15:21:27,23.442,23442
843,813,1,10,15:21:35,23.160,23160
843,814,1,11,15:22:57,21.989,21989
843,3,1,12,15:24:32,20.771,20771
843,67,1,12,15:24:56,22.010,22010
843,18,1,14,15:27:59,23.779,23779
843,20,1,14,15:28:00,21.995,21995
843,155,1,14,15:28:17,21.855,21855
843,13,1,15,15:29:47,21.624,21624
843,1,1,15,15:29:49,20.878,20878
843,16,1,15,15:30:01,20.989,20989
843,4,1,16,15:31:34,22.524,22524
843,815,1,16,15:31:55,21.473,21473
843,22,1,16,15:32:01,21.709,21709
843,67,2,16,15:32:19,24.722,24722
843,10,1,16,15:32:33,22.683,22683
843,808,1,17,15:33:36,21.981,21981
843,2,1,18,15:35:28,22.216,22216
843,5,1,19,15:37:31,22.485,22485
843,15,1,20,15:39:24,23.029,23029
843,816,1,20,15:39:50,22.901,22901
843,24,2,21,15:42:05,24.467,24467
843,39,1,23,15:45:28,26.049,26049
843,18,2,24,15:45:35,20.758,20758
843,3,2,25,15:47:13,22.005,22005
843,1,2,25,15:47:20,20.533,20533
843,17,2,25,15:47:44,21.132,21132
843,813,2,25,15:48:09,22.062,22062
843,30,2,26,15:49:15,21.964,21964
843,10,2,28,15:54:22,21.908,21908
843,16,2,30,15:56:26,21.058,21058
843,155,2,30,15:56:28,21.936,21936
843,2,2,30,15:56:29,21.821,21821
843,20,2,31,15:57:37,21.533,21533
843,4,2,32,15:59:39,21.251,21251
843,814,2,32,15:59:51,21.218,21218
843,13,2,33,16:01:04,21.168,21168
843,67,3,33,16:02:13,21.928,21928
843,816,2,34,16:05:10,22.802,22802
843,22,2,35,16:05:24,21.481,21481
843,815,2,36,16:06:55,23.397,23397
843,18,3,37,16:08:00,21.237,21237
843,808,2,37,16:08:34,22.005,22005
843,1,3,38,16:09:38,20.567,20567
843,3,3,39,16:11:19,20.720,20720
843,30,3,39,16:11:49,21.400,21400
843,17,3,40,16:13:29,21.091,21091
843,10,3,39,16:14:17,33.827,33827
843,5,2,40,16:14:27,21.890,21890
843,813,3,40,16:14:36,27.620,27620
843,15,2,42,16:18:14,22.260,22260
843,24,3,45,16:25:39,23.499,23499
843,16,3,47,16:26:24,28.708,28708
843,815,3,48,16:28:01,13.900,13900
843,815,4,50,16:31:39,28.845,28845
844,815,1,1,15:05:18,29.270,29270
844,30,1,2,15:06:35,30.182,30182
844,808,1,8,15:16:06,21.422,21422
844,13,1,9,15:17:37,22.022,22022
844,1,1,9,15:17:38,20.833,20833
844,67,1,9,15:17:47,21.769,21769
844,17,1,10,15:19:04,21.050,21050
844,4,1,10,15:19:05,21.308,21308
844,3,1,10,15:19:09,22.573,22573
844,2,1,10,15:19:16,22.300,22300
844,22,1,10,15:19:20,22.717,22717
844,16,1,10,15:19:22,21.649,21649
844,20,1,11,15:20:32,20.623,20623
844,814,1,11,15:21:00,20.775,20775
844,813,1,11,15:21:09,23.881,23881
844,18,1,13,15:23:57,21.368,21368
844,155,1,13,15:24:09,21.820,21820
844,153,1,13,15:24:25,22.713,22713
844,15,1,13,15:24:28,23.066,23066
844,30,2,14,15:26:02,20.907,20907
844,39,1,14,15:26:26,27.353,27353
844,5,1,15,15:27:42,22.854,22854
844,24,1,15,15:28:03,24.634,24634
844,815,2,16,15:29:30,22.895,22895
844,816,1,16,15:29:37,22.779,22779
844,24,2,16,15:30:57,56.611,56611
844,808,2,19,15:33:42,21.323,21323
844,1,2,20,15:35:09,21.075,21075
844,17,2,21,15:36:27,20.421,20421
844,3,2,22,15:38:24,20.927,20927
844,2,2,22,15:38:25,21.919,21919
844,4,2,23,15:39:35,21.732,21732
844,13,2,23,15:39:58,21.322,21322
844,67,2,23,15:40:07,22.128,22128
844,155,2,23,15:40:15,23.455,23455
844,22,2,24,15:41:43,22.868,22868
844,814,2,24,15:41:50,20.930,20930
844,20,2,25,15:42:31,20.112,20112
844,16,2,25,15:43:21,21.084,21084
844,813,2,25,15:43:41,22.555,22555
844,15,2,25,15:43:47,22.862,22862
844,18,2,26,15:44:37,22.639,22639
844,39,2,27,15:47:59,24.962,24962
844,153,2,29,15:49:46,21.826,21826
844,30,3,30,15:51:13,20.379,20379
844,5,2,31,15:53:27,21.633,21633
844,814,3,32,15:54:38,20.887,20887
844,815,3,32,15:54:42,22.365,22365
844,3,3,33,15:55:49,20.949,20949
844,1,3,34,15:57:04,35.688,35688
844,816,2,33,15:57:20,24.837,24837
844,808,3,34,15:57:21,21.838,21838
844,13,3,34,15:57:22,23.471,23471
844,17,3,35,15:58:20,20.843,20843
844,4,3,36,15:59:49,21.702,21702
844,2,3,36,16:00:31,20.872,20872
844,24,3,35,16:02:57,25.125,25125
844,155,3,38,16:03:58,22.456,22456
844,18,3,39,16:05:05,21.417,21417
844,153,3,39,16:05:31,21.986,21986
844,20,3,40,16:05:46,20.385,20385
844,15,3,39,16:06:10,22.219,22219
844,67,3,40,16:06:48,22.032,22032
844,22,3,40,16:07:01,21.687,21687
844,16,3,40,16:07:05,21.006,21006
844,24,4,37,16:07:22,43.603,43603
844,813,3,41,16:09:04,21.827,21827
844,815,4,42,16:10:21,21.715,21715
844,3,4,44,16:12:55,20.308,20308
844,814,4,44,16:13:28,21.403,21403
844,17,4,45,16:13:49,22.087,22087
844,808,4,45,16:14:37,21.662,21662
844,30,4,45,16:14:46,20.597,20597
844,4,4,46,16:15:17,21.379,21379
844,813,4,45,16:15:30,13.925,13925
844,1,4,46,16:15:51,22.041,22041
844,2,4,46,16:16:10,21.884,21884
844,13,4,46,16:16:13,26.685,26685
844,20,4,47,16:16:40,20.489,20489
844,39,3,45,16:17:26,24.474,24474
844,5,3,53,16:28:36,23.114,23114
844,153,4,55,16:30:31,21.931,21931
845,155,1,1,14:05:11,24.871,24871
845,815,1,7,14:14:14,23.592,23592
845,813,1,8,14:15:48,22.689,22689
845,20,1,9,14:16:54,20.253,20253
845,67,1,9,14:17:17,20.818,20818
845,4,1,10,14:18:23,20.567,20567
845,17,1,10,14:18:27,20.881,20881
845,30,1,10,14:18:43,20.084,20084
845,1,1,11,14:19:57,19.761,19761
845,808,1,11,14:20:14,21.856,21856
845,3,1,11,14:20:17,20.647,20647
845,13,1,11,14:20:19,20.800,20800
845,153,1,11,14:20:28,20.741,20741
845,22,1,11,14:20:48,29.936,29936
845,16,1,13,14:23:57,20.773,20773
845,18,1,14,14:24:51,20.015,20015
845,39,1,14,14:25:56,24.843,24843
845,814,1,15,14:26:40,20.070,20070
845,15,1,15,14:26:50,22.364,22364
845,5,1,16,14:28:30,21.019,21019
845,24,1,16,14:28:55,23.157,23157
845,10,1,16,14:29:00,22.744,22744
845,816,1,17,14:30:41,23.176,23176
845,20,2,18,14:30:44,19.887,19887
845,4,2,19,14:32:13,20.238,20238
845,17,2,19,14:32:16,20.079,20079
845,813,2,20,14:34:36,24.821,24821
845,13,2,21,14:35:51,21.635,21635
845,2,1,21,14:36:21,21.322,21322
845,1,2,23,14:38:08,20.235,20235
845,22,2,23,14:39:40,21.226,21226
845,153,2,24,14:40:47,20.872,20872
845,67,2,25,14:42:10,24.745,24745
845,155,2,25,14:42:46,21.128,21128
845,30,2,26,14:43:25,20.487,20487
845,808,2,26,14:43:33,24.232,24232
845,3,2,27,14:45:01,19.534,19534
845,4,3,29,14:47:26,20.738,20738
845,17,3,29,14:47:27,20.279,20279
845,5,2,28,14:47:28,20.807,20807
845,815,2,29,14:48:40,21.143,21143
845,15,2,29,14:48:41,21.723,21723
845,39,2,28,14:48:52,24.448,24448
845,18,2,30,14:49:06,20.763,20763
845,16,2,30,14:50:19,20.267,20267
845,814,2,32,14:53:02,20.126,20126
845,20,3,34,14:54:42,20.426,20426
845,1,3,35,14:56:14,20.473,20473
845,816,2,34,14:58:05,22.982,22982
845,22,3,35,14:58:09,20.650,20650
845,13,3,36,14:58:48,22.419,22419
845,813,3,36,14:59:14,21.574,21574
845,2,2,36,14:59:22,21.953,21953
845,153,3,36,14:59:25,21.019,21019
845,4,4,39,15:02:54,20.380,20380
845,10,2,38,15:03:54,21.632,21632
845,30,3,41,15:06:21,20.451,20451
845,808,3,41,15:06:36,21.739,21739
845,5,3,41,15:07:42,23.068,23068
845,3,3,42,15:07:53,20.395,20395
845,67,3,42,15:08:31,20.819,20819
845,15,3,43,15:10:27,23.001,23001
845,155,3,44,15:11:40,20.500,20500
845,17,4,47,15:14:50,19.984,19984
845,20,4,48,15:15:41,20.292,20292
845,815,3,47,15:16:00,21.829,21829
845,18,3,48,15:16:10,20.107,20107
845,1,4,49,15:17:11,20.988,20988
845,16,3,48,15:17:54,23.230,23230
845,39,3,47,15:19:38,24.298,24298
845,2,3,50,15:20:32,20.796,20796
845,153,4,50,15:21:09,23.143,23143
845,816,3,49,15:21:44,21.708,21708
845,814,3,51,15:22:03,20.573,20573
845,813,4,53,15:25:26,22.077,22077
845,10,3,53,15:27:29,21.170,21170
845,22,4,54,15:27:32,20.637,20637
846,30,1,12,14:19:30,35.084,35084
846,18,1,15,14:22:57,25.280,25280
846,3,1,15,14:23:33,25.189,25189
846,20,1,16,14:24:15,28.536,28536
846,17,1,16,14:24:32,37.735,37735
846,4,1,17,14:25:41,25.352,25352
846,5,1,19,14:29:21,26.477,26477
846,814,1,20,14:30:24,24.970,24970
846,1,1,22,14:33:00,31.445,31445
846,10,1,22,14:33:33,26.827,26827
846,15,1,24,14:36:13,25.595,25595
846,813,1,25,14:37:09,26.468,26468
846,13,1,26,14:38:20,26.615,26615
846,39,1,25,14:38:46,28.325,28325
846,814,2,27,14:40:23,19.360,19360
846,808,1,28,14:41:17,28.856,28856
846,153,1,29,14:43:07,25.907,25907
846,22,1,32,14:46:47,25.921,25921
846,18,2,33,14:46:57,26.421,26421
846,814,3,32,14:47:35,47.226,47226
846,2,1,33,14:48:15,25.851,25851
846,67,1,33,14:48:16,26.073,26073
846,4,2,34,14:48:45,31.382,31382
846,3,2,33,14:48:50,25.310,25310
846,24,1,32,14:49:02,28.298,28298
846,816,1,33,14:49:39,27.577,27577
846,155,1,34,14:49:49,28.642,28642
846,16,1,34,14:49:51,25.037,25037
846,39,2,33,14:51:08,39.917,39917
846,1,2,43,15:03:45,19.347,19347
846,15,2,46,15:09:08,26.065,26065
846,18,3,48,15:09:55,24.670,24670
846,1,3,49,15:12:04,26.977,26977
846,5,2,52,15:17:38,25.878,25878
846,3,3,53,15:18:33,25.116,25116
846,813,2,54,15:18:38,25.687,25687
846,17,2,55,15:19:56,26.269,26269
846,153,2,56,15:22:30,27.550,27550
846,67,2,62,15:30:24,25.045,25045
846,816,2,63,15:33:21,26.464,26464
846,16,2,68,15:37:52,27.879,27879
846,22,2,68,15:38:54,25.675,25675
846,2,2,69,15:40:13,26.281,26281
847,18,1,8,13:15:11,23.650,23650
847,24,1,9,13:17:25,27.202,27202
847,18,2,13,13:25:10,14.501,14501
847,22,1,15,13:28:31,23.305,23305
847,16,1,16,13:30:09,24.052,24052
847,4,1,17,13:31:21,23.893,23893
847,3,1,17,13:31:28,23.105,23105
847,813,1,17,13:31:45,23.571,23571
847,67,1,17,13:31:50,23.949,23949
847,816,1,17,13:32:07,24.143,24143
847,30,1,18,13:33:04,24.472,24472
847,4,2,19,13:34:54,26.348,26348
847,18,3,19,13:35:02,23.868,23868
847,3,2,19,13:35:10,22.986,22986
847,153,1,19,13:35:14,26.045,26045
847,22,2,19,13:35:21,25.066,25066
847,5,1,19,13:35:26,44.037,44037
847,15,1,19,13:35:28,51.684,51684
847,813,2,19,13:35:30,24.943,24943
847,20,1,20,13:36:13,23.872,23872
847,17,1,20,13:36:40,29.546,29546
847,67,2,20,13:37:27,24.649,24649
847,13,1,21,13:38:09,24.886,24886
847,30,2,21,13:38:51,24.196,24196
847,816,2,23,13:43:32,30.497,30497
847,816,3,33,16:07:00,24.655,24655
847,30,3,34,16:08:48,22.832,22832
847,16,2,34,16:08:49,22.923,22923
847,10,1,34,16:08:50,24.425,24425
847,22,3,34,16:08:51,24.684,24684
847,67,3,34,16:08:53,23.970,23970
847,2,1,35,16:10:18,23.113,23113
847,814,1,35,16:10:20,22.479,22479
847,18,4,35,16:10:22,23.589,23589
847,37,1,35,16:10:23,30.288,30288
847,153,2,35,16:10:26,24.863,24863
847,813,3,35,16:10:29,23.593,23593
847,24,2,35,16:10:48,34.897,34897
847,155,1,36,16:11:49,23.687,23687
847,13,2,36,16:11:50,22.742,22742
847,808,1,36,16:11:52,23.816,23816
847,17,2,36,16:11:53,22.402,22402
847,4,3,36,16:11:54,26.129,26129
847,3,3,36,16:11:57,22.735,22735
847,15,2,36,16:12:14,23.332,23332
847,816,4,36,16:12:15,14.538,14538
847,20,2,37,16:13:21,22.958,22958
847,39,1,37,16:14:01,29.115,29115
847,18,5,37,16:14:55,31.718,31718
847,814,2,43,16:24:38,28.630,28630
847,16,3,45,16:27:43,14.565,14565
847,16,4,49,16:33:51,32.449,32449
847,17,3,50,16:35:03,22.770,22770
847,22,4,50,16:35:12,23.059,23059
847,67,4,50,16:35:23,26.561,26561
847,814,3,50,16:35:33,14.538,14538
847,18,6,51,16:36:41,23.741,23741
847,153,3,51,16:36:45,23.338,23338
847,813,4,51,16:36:46,23.700,23700
847,10,2,51,16:37:16,25.079,25079
847,39,2,51,16:37:38,29.540,29540
847,30,4,52,16:37:50,22.869,22869
847,13,3,52,16:37:52,22.560,22560
847,2,2,52,16:37:57,23.364,23364
847,37,2,52,16:38:22,24.039,24039
847,15,3,52,16:38:45,25.140,25140
847,816,5,52,16:38:56,30.714,30714
847,20,3,53,16:39:07,22.526,22526
847,24,3,52,16:39:20,33.278,33278
847,155,2,53,16:39:22,24.618,24618
847,808,2,53,16:39:31,24.145,24145
847,3,4,53,16:39:36,22.702,22702
847,13,4,53,16:39:50,28.346,28346
847,814,4,53,16:40:04,23.129,23129
847,813,5,61,16:53:19,31.701,31701
848,813,1,10,14:22:02,21.301,21301
848,2,1,11,14:23:23,22.114,22114
848,22,1,11,14:23:27,21.163,21163
848,155,1,11,14:23:29,23.492,23492
848,1,1,12,14:24:49,20.340,20340
848,3,1,12,14:25:02,21.054,21054
848,16,1,12,14:25:09,20.676,20676
848,17,1,13,14:26:28,20.465,20465
848,20,1,14,14:28:11,21.006,21006
848,4,1,14,14:28:15,21.477,21477
848,18,1,14,14:28:31,20.997,20997
848,30,1,14,14:28:40,21.201,21201
848,814,1,14,14:28:51,20.567,20567
848,67,1,14,14:28:54,21.321,21321
848,5,1,14,14:29:11,23.241,23241
848,39,1,14,14:29:43,28.030,28030
848,13,1,15,14:30:07,20.718,20718
848,808,1,15,14:30:49,22.104,22104
848,30,2,15,14:30:59,30.665,30665
848,24,1,15,14:31:23,24.459,24459
848,10,1,17,14:34:56,21.900,21900
848,15,1,18,14:36:30,23.327,23327
848,816,1,18,14:36:56,21.943,21943
848,153,1,19,14:37:50,21.391,21391
848,1,2,24,14:46:06,21.035,21035
848,815,1,25,14:48:56,21.939,21939
848,67,2,26,14:50:28,20.460,20460
848,5,2,26,14:51:06,21.126,21126
848,2,2,27,14:52:04,22.285,22285
848,814,2,27,14:52:08,20.818,20818
848,808,2,27,14:52:26,21.168,21168
848,17,2,28,14:52:53,20.319,20319
848,16,2,28,14:53:47,20.286,20286
848,22,2,28,14:53:53,21.262,21262
848,813,2,28,14:54:30,21.805,21805
848,4,2,29,14:54:36,20.551,20551
848,24,2,28,14:55:33,22.766,22766
848,20,2,30,14:56:16,20.441,20441
848,18,2,30,14:56:46,20.325,20325
848,3,2,30,14:57:07,23.547,23547
848,39,2,29,14:58:17,24.675,24675
848,13,2,31,14:58:23,25.537,25537
848,30,3,31,14:59:40,21.168,21168
848,155,2,33,15:03:14,20.545,20545
848,15,2,34,15:05:36,22.131,22131
848,816,2,37,15:11:48,22.250,22250
848,808,3,39,15:13:41,21.105,21105
848,2,3,40,15:15:10,21.472,21472
848,22,3,40,15:15:16,21.286,21286
848,17,3,42,15:17:11,20.367,20367
848,1,3,42,15:17:41,20.212,20212
848,153,2,42,15:18:33,21.103,21103
848,5,3,42,15:19:57,22.632,22632
848,16,3,43,15:20:21,21.036,21036
848,10,2,42,15:20:26,22.030,22030
848,814,3,44,15:22:18,21.069,21069
848,4,3,45,15:22:21,20.136,20136
848,24,3,43,15:23:02,22.235,22235
848,813,3,44,15:23:06,21.490,21490
848,3,3,45,15:23:36,20.896,20896
848,67,3,45,15:24:07,20.995,20995
848,20,3,47,15:25:39,20.331,20331
848,39,3,44,15:26:13,26.059,26059
848,13,3,48,15:28:09,20.404,20404
848,18,3,48,15:28:21,20.479,20479
849,30,1,9,13:20:38,30.242,30242
849,2,1,10,13:22:37,24.716,24716
849,18,1,11,13:24:05,25.070,25070
849,16,1,11,13:24:13,25.737,25737
849,155,1,11,13:24:19,28.448,28448
849,813,1,11,13:24:27,26.238,26238
849,67,1,11,13:24:30,26.279,26279
849,808,1,11,13:24:37,24.880,24880
849,22,1,11,13:24:38,25.860,25860
849,10,1,11,13:24:52,25.416,25416
849,24,1,11,13:25:12,26.643,26643
849,816,1,11,13:25:14,28.742,28742
849,17,1,12,13:25:41,23.973,23973
849,4,1,12,13:25:42,26.566,26566
849,1,1,12,13:25:49,25.100,25100
849,814,1,12,13:26:02,26.612,26612
849,3,1,12,13:26:12,24.722,24722
849,815,1,12,13:26:13,25.386,25386
849,153,1,12,13:26:20,24.719,24719
849,817,1,12,13:27:17,25.872,25872
849,20,1,13,13:27:22,24.818,24818
849,13,1,13,13:27:39,24.159,24159
849,30,2,16,13:33:23,31.751,31751
849,155,2,20,13:40:27,31.551,31551
849,1,2,24,13:46:21,24.065,24065
849,814,2,24,13:46:50,45.291,45291
849,813,2,24,13:47:12,24.272,24272
849,16,2,25,13:48:32,24.077,24077
849,67,2,25,13:48:50,24.620,24620
849,17,2,26,13:49:36,25.490,25490
849,18,2,26,13:49:45,24.287,24287
849,13,2,26,13:49:48,23.929,23929
849,814,3,26,13:50:52,31.471,31471
849,20,2,27,13:51:10,31.558,31558
849,4,2,27,13:51:15,23.974,23974
849,816,2,28,13:55:39,25.428,25428
849,817,2,28,13:56:23,26.942,26942
849,3,2,30,13:56:50,24.399,24399
849,2,2,30,13:57:06,24.434,24434
849,10,2,30,13:58:43,24.959,24959
849,153,2,31,13:58:46,24.095,24095
849,30,3,31,13:58:47,24.651,24651
849,22,2,31,13:59:02,23.955,23955
849,815,2,32,14:00:08,25.619,25619
849,24,2,31,14:00:49,25.505,25505
849,813,3,35,14:05:42,23.869,23869
849,20,3,36,14:06:13,23.137,23137
849,1,3,37,14:07:50,23.340,23340
849,17,3,38,14:09:30,23.785,23785
849,808,2,38,14:10:21,24.172,24172
849,4,3,39,14:10:50,23.474,23474
849,18,3,39,14:11:08,23.292,23292
849,16,3,40,14:13:32,27.240,27240
849,13,3,41,14:14:35,23.238,23238
850,815,1,8,14:17:05,27.247,27247
850,67,1,10,14:20:28,27.301,27301
850,812,1,10,14:21:22,31.879,31879
850,17,1,14,14:26:23,20.440,20440
850,3,1,14,14:26:39,20.348,20348
850,30,1,15,14:28:22,20.768,20768
850,813,1,15,14:28:35,21.601,21601
850,1,1,16,14:29:38,20.982,20982
850,4,1,16,14:29:39,20.430,20430
850,20,1,16,14:29:57,20.394,20394
850,13,1,17,14:31:36,20.344,20344
850,155,1,20,14:36:51,20.882,20882
850,24,1,20,14:37:44,22.048,22048
850,817,1,21,14:39:29,22.319,22319
850,16,1,22,14:39:56,20.839,20839
850,10,1,22,14:41:05,22.252,22252
850,808,1,23,14:41:53,21.449,21449
850,153,1,23,14:42:02,21.062,21062
850,814,1,23,14:42:05,23.676,23676
850,18,1,24,14:43:15,20.952,20952
850,816,1,24,14:44:42,20.762,20762
850,5,1,26,14:47:26,22.088,22088
850,17,2,30,14:52:32,21.299,21299
850,812,2,28,14:53:09,22.331,22331
850,1,2,31,14:54:10,20.496,20496
850,4,2,32,14:55:46,20.035,20035
850,813,2,35,15:01:53,21.057,21057
850,3,2,36,15:03:03,20.975,20975
850,67,2,36,15:04:03,20.954,20954
850,30,2,37,15:04:59,20.299,20299
850,20,2,40,15:09:11,20.274,20274
850,13,2,41,15:10:46,20.185,20185
850,815,2,41,15:11:48,21.645,21645
850,153,2,43,15:15:07,21.689,21689
850,808,2,46,15:19:54,20.572,20572
850,16,2,48,15:22:30,20.879,20879
850,155,2,48,15:23:03,21.267,21267
850,10,2,48,15:25:25,21.252,21252
850,1,3,51,15:26:17,20.403,20403
850,816,2,49,15:27:24,23.588,23588
850,817,2,49,15:27:43,24.053,24053
850,5,2,50,15:27:48,21.175,21175
850,814,2,51,15:28:11,22.535,22535
850,4,3,53,15:29:30,19.975,19975
850,3,3,53,15:30:50,20.047,20047
850,812,3,51,15:32:52,22.458,22458
850,17,3,56,15:34:20,20.324,20324
850,30,3,56,15:35:53,19.930,19930
850,13,3,59,15:39:43,21.903,21903
850,20,3,59,15:39:44,20.110,20110
851,17,1,10,14:20:59,20.854,20854
851,13,1,10,14:21:09,22.293,22293
851,808,1,10,14:21:18,25.532,25532
851,22,1,10,14:21:19,22.640,22640
851,18,1,11,14:22:29,21.786,21786
851,814,1,11,14:22:46,22.262,22262
851,813,1,11,14:23:04,23.397,23397
851,2,1,11,14:23:12,21.371,21371
851,10,1,11,14:23:27,22.222,22222
851,816,1,11,14:23:32,25.337,25337
851,1,1,12,14:23:59,21.880,21880
851,20,1,12,14:24:05,20.690,20690
851,4,1,12,14:24:10,22.886,22886
851,3,1,12,14:24:17,20.767,20767
851,155,1,12,14:24:35,23.725,23725
851,67,1,12,14:24:42,22.349,22349
851,5,1,12,14:24:53,22.772,22772
851,16,1,12,14:24:55,21.902,21902
851,815,1,12,14:24:56,22.215,22215
851,24,1,12,14:25:35,23.633,23633
851,30,1,13,14:26:02,21.948,21948
851,153,1,13,14:26:24,23.734,23734
851,15,1,13,14:26:49,23.118,23118
851,817,1,13,14:27:04,22.844,22844
851,813,2,16,14:31:22,13.186,13186
851,2,2,23,14:42:16,25.434,25434
851,22,2,24,14:43:19,22.217,22217
851,153,2,24,14:43:20,22.552,22552
851,5,2,24,14:43:45,22.147,22147
851,815,2,24,14:43:49,20.570,20570
851,17,2,25,14:44:03,20.000,20000
851,4,2,25,14:44:04,23.208,23208
851,13,2,25,14:44:34,21.138,21138
851,808,2,25,14:44:47,24.194,24194
851,67,2,25,14:44:55,21.460,21460
851,1,2,26,14:45:16,20.803,20803
851,30,2,26,14:46:04,20.071,20071
851,24,2,25,14:46:40,22.501,22501
851,16,2,26,14:46:48,20.589,20589
851,18,2,27,14:46:49,21.065,21065
851,3,2,27,14:47:28,19.939,19939
851,814,2,27,14:47:32,20.801,20801
851,20,2,28,14:48:22,20.611,20611
851,813,3,28,14:49:55,21.426,21426
851,10,2,28,14:50:32,20.613,20613
851,817,2,28,14:51:12,23.563,23563
851,816,2,29,14:52:27,20.916,20916
851,815,3,32,14:56:05,13.201,13201
851,155,2,34,14:58:08,22.852,22852
851,4,3,36,15:00:23,19.936,19936
851,22,3,37,15:02:51,20.580,20580
851,17,3,39,15:04:48,20.673,20673
851,24,3,37,15:05:37,27.839,27839
851,1,3,40,15:05:54,20.861,20861
851,13,3,40,15:06:53,22.453,22453
851,20,3,41,15:07:32,19.664,19664
851,18,3,42,15:08:53,20.046,20046
851,814,3,42,15:10:06,20.935,20935
851,67,3,43,15:11:41,20.360,20360
851,5,3,43,15:12:56,20.990,20990
851,815,4,44,15:14:07,20.917,20917
851,817,3,43,15:14:54,21.651,21651
851,4,4,47,15:16:33,20.126,20126
851,153,3,47,15:17:40,21.345,21345
851,816,3,47,15:20:46,49.849,49849
851,3,3,50,15:22:04,20.563,20563
851,17,4,51,15:22:51,21.122,21122
851,808,3,50,15:22:54,21.353,21353
851,22,4,50,15:22:55,31.539,31539
851,5,4,49,15:22:56,22.364,22364
851,16,3,50,15:23:22,21.796,21796
851,24,4,48,15:23:32,23.010,23010
851,813,4,50,15:23:34,23.016,23016
851,1,4,52,15:24:11,20.855,20855
851,17,5,53,15:26:20,20.715,20715
851,22,5,52,15:26:36,25.596,25596
851,1,5,54,15:27:35,21.628,21628
851,808,4,53,15:28:00,21.609,21609
851,5,5,52,15:28:12,21.715,21715
851,16,4,53,15:28:27,21.503,21503
851,816,4,51,15:28:37,22.470,22470
851,3,4,54,15:28:47,23.244,23244
851,813,5,53,15:28:55,22.825,22825
851,24,5,51,15:28:58,22.458,22458
851,10,3,53,15:30:17,20.929,20929
851,1,6,56,15:30:48,13.173,13173
851,13,4,58,15:33:53,21.157,21157
851,155,3,62,15:40:56,21.258,21258
852,10,1,1,14:05:58,35.092,35092
852,811,1,1,14:06:10,30.795,30795
852,5,1,1,14:06:14,28.539,28539
852,17,1,3,14:09:42,21.015,21015
852,18,1,3,14:09:46,26.046,26046
852,30,1,4,14:11:45,20.153,20153
852,20,1,5,14:13:27,20.898,20898
852,815,1,5,14:13:49,26.092,26092
852,10,2,6,14:16:35,13.914,13914
852,4,1,8,14:19:18,20.994,20994
852,811,2,8,14:20:14,13.968,13968
852,13,1,9,14:21:21,22.267,22267
852,1,1,10,14:23:14,21.895,21895
852,3,1,11,14:25:16,23.090,23090
852,24,1,11,14:26:05,21.766,21766
852,808,1,12,14:27:22,21.395,21395
852,813,1,12,14:27:31,21.421,21421
852,20,2,13,14:29:09,21.411,21411
852,16,1,13,14:29:31,22.773,22773
852,22,1,13,14:29:38,21.818,21818
852,30,2,13,14:29:39,20.226,20226
852,18,2,13,14:29:40,21.756,21756
852,817,1,13,14:30:19,23.780,23780
852,15,1,13,14:30:20,22.159,22159
852,816,1,13,14:30:22,22.939,22939
852,5,2,13,14:30:46,22.009,22009
852,155,1,14,14:32:10,24.161,24161
852,814,1,14,14:32:11,21.334,21334
852,10,3,14,14:33:40,24.204,24204
852,811,3,21,14:47:48,20.756,20756
852,815,2,22,14:49:35,14.089,14089
852,815,3,23,14:51:40,23.883,23883
852,24,2,27,14:59:56,30.959,30959
852,4,2,29,15:02:28,21.243,21243
852,813,2,29,15:03:01,22.303,22303
852,155,2,29,15:03:08,21.269,21269
852,20,3,30,15:04:14,20.786,20786
852,3,2,30,15:04:42,21.171,21171
852,13,2,30,15:04:43,21.856,21856
852,808,2,30,15:04:45,21.979,21979
852,814,2,30,15:05:01,21.350,21350
852,17,2,31,15:06:19,20.947,20947
852,16,2,31,15:06:38,20.983,20983
852,30,3,31,15:06:39,21.319,21319
852,22,2,31,15:06:56,21.478,21478
852,15,2,31,15:07:16,21.484,21484
852,18,3,32,15:08:15,21.640,21640
852,13,3,32,15:08:49,21.485,21485
852,5,3,33,15:11:16,22.306,22306
852,10,4,35,15:15:37,21.721,21721
852,816,2,36,15:17:29,22.114,22114
852,22,3,40,15:24:23,47.753,47753
853,155,1,1,14:05:42,27.550,27550
853,22,1,1,14:06:43,29.157,29157
853,811,1,2,14:08:02,22.534,22534
853,817,1,1,14:08:50,16:44.718,1004718
853,15,1,5,14:13:34,30.391,30391
853,814,1,13,14:25:33,21.870,21870
853,30,1,16,14:29:42,22.709,22709
853,67,1,16,14:30:10,24.234,24234
853,18,1,17,14:31:10,21.660,21660
853,1,1,18,14:32:41,22.083,22083
853,155,2,18,14:33:12,22.939,22939
853,4,1,19,14:34:04,22.539,22539
853,813,1,19,14:34:39,23.063,23063
853,811,2,19,14:34:43,23.145,23145
853,20,1,20,14:35:21,22.124,22124
853,153,1,20,14:36:08,21.988,21988
853,10,1,20,14:36:42,25.147,25147
853,13,1,21,14:37:20,21.821,21821
853,5,1,21,14:38:01,23.298,23298
853,15,2,24,14:43:14,23.420,23420
853,814,2,31,14:52:56,23.069,23069
853,22,2,32,14:54:59,23.414,23414
853,18,2,33,14:55:00,22.095,22095
853,817,2,20,14:55:30,30.777,30777
853,4,2,34,14:56:26,21.989,21989
853,1,2,34,14:56:36,21.876,21876
853,20,2,35,14:57:38,21.378,21378
853,5,2,35,14:59:46,22.611,22611
853,30,2,37,15:01:01,22.014,22014
853,813,2,37,15:02:04,22.614,22614
853,10,2,38,15:04:43,22.784,22784
853,67,2,40,15:06:23,24.086,24086
853,811,3,40,15:06:27,22.273,22273
853,13,2,41,15:07:06,22.148,22148
853,153,2,41,15:07:43,22.279,22279
854,817,1,1,20:06:48,44.170,44170
854,3,1,9,20:21:25,29.549,29549
854,4,1,10,20:23:15,30.621,30621
854,30,1,10,20:23:27,29.610,29610
854,811,1,10,20:23:47,35.398,35398
854,13,1,11,20:25:14,30.290,30290
854,1,1,11,20:25:15,30.142,30142
854,16,1,11,20:25:25,30.718,30718
854,813,1,11,20:25:39,30.888,30888
854,67,1,11,20:25:50,32.827,32827
854,5,1,11,20:25:56,32.202,32202
854,811,2,11,20:26:39,36.856,36856
854,17,1,12,20:27:10,30.462,30462
854,22,1,12,20:27:40,30.456,30456
854,13,2,12,20:28:04,32.351,32351
854,1,2,13,20:29:39,33.456,33456
854,24,1,13,20:30:31,34.329,34329
854,20,1,14,20:30:38,30.023,30023
854,18,1,14,20:30:49,30.169,30169
854,815,1,15,20:33:28,30.810,30810
854,1,3,15,20:34:04,24.342,24342
854,155,1,16,20:35:49,30.464,30464
854,15,1,16,20:36:05,31.048,31048
854,808,1,16,20:36:09,30.807,30807
854,817,2,15,20:36:19,34.782,34782
854,816,1,16,20:36:22,31.763,31763
854,153,1,17,20:38:05,30.948,30948
854,814,1,19,20:41:08,30.704,30704
854,15,2,19,20:43:14,33.317,33317
854,3,2,22,20:47:06,29.417,29417
854,30,2,24,20:51:04,29.473,29473
854,13,3,24,20:51:44,30.478,30478
854,153,2,24,20:52:14,24.299,24299
854,4,2,25,20:52:35,30.387,30387
854,813,2,25,20:53:37,30.187,30187
854,5,2,26,20:56:11,31.621,31621
854,24,2,26,20:57:30,32.122,32122
854,17,2,29,21:00:16,31.204,31204
854,816,2,28,21:00:59,31.592,31592
854,814,2,29,21:01:05,29.764,29764
854,16,2,29,21:01:11,33.418,33418
854,3,3,29,21:01:12,30.261,30261
854,815,2,29,21:01:17,33.344,33344
854,817,3,27,21:01:25,33.058,33058
854,811,3,28,21:01:27,30.832,30832
854,1,4,29,21:01:31,30.706,30706
854,20,2,30,21:01:48,30.809,30809
854,155,2,29,21:01:59,31.602,31602
854,18,2,30,21:02:11,29.921,29921
854,808,2,29,21:02:43,30.625,30625
854,22,2,30,21:04:10,30.544,30544
854,67,2,31,21:06:25,31.394,31394
854,153,3,35,21:16:28,31.836,31836
854,155,3,40,21:25:43,24.715,24715
854,13,4,41,21:26:06,30.983,30983
854,813,3,45,21:33:51,30.477,30477
854,15,3,44,21:36:23,31.168,31168
854,17,3,47,21:36:42,30.413,30413
854,24,3,45,21:38:30,31.687,31687
854,18,3,48,21:38:31,30.305,30305
854,1,5,48,21:39:06,29.876,29876
854,5,3,47,21:40:09,31.207,31207
854,20,3,49,21:40:10,30.796,30796
854,808,3,47,21:40:13,30.485,30485
854,4,3,49,21:40:46,29.972,29972
854,67,3,49,21:41:40,32.739,32739
854,24,4,46,21:41:47,42.920,42920
854,811,4,48,21:42:01,30.987,30987
854,155,4,53,21:51:26,30.869,30869
855,1,1,8,15:17:14,21.091,21091
855,16,1,8,15:17:26,21.511,21511
855,24,1,8,15:18:13,28.244,28244
855,20,1,9,15:18:49,22.374,22374
855,30,1,9,15:19:04,20.667,20667
855,18,1,10,15:20:34,21.094,21094
855,4,1,10,15:20:34,21.147,21147
855,17,1,10,15:20:39,21.820,21820
855,814,1,10,15:20:50,21.964,21964
855,155,1,10,15:20:59,24.263,24263
855,5,1,10,15:21:10,21.412,21412
855,13,1,11,15:22:19,21.313,21313
855,67,1,11,15:22:41,21.849,21849
855,15,1,11,15:22:59,21.636,21636
855,817,1,11,15:23:13,23.723,23723
855,22,1,12,15:24:26,22.130,22130
855,3,1,12,15:24:36,20.575,20575
855,10,1,12,15:24:57,25.563,25563
855,816,1,13,15:26:41,23.013,23013
855,811,1,15,15:29:45,25.927,25927
855,813,1,16,15:31:31,21.339,21339
855,153,1,17,15:33:17,21.792,21792
855,808,1,18,15:34:39,21.304,21304
855,20,2,19,15:35:48,21.596,21596
855,17,2,19,15:35:57,21.369,21369
855,18,2,20,15:37:28,20.713,20713
855,10,2,19,15:37:30,21.726,21726
855,815,1,20,15:38:10,21.655,21655
855,4,2,21,15:39:11,21.319,21319
855,1,2,21,15:39:19,22.821,22821
855,13,2,22,15:41:00,21.214,21214
855,5,2,22,15:42:00,21.519,21519
855,817,2,22,15:42:48,23.172,23172
855,16,2,23,15:43:10,21.337,21337
855,816,2,23,15:44:26,22.258,22258
855,30,2,24,15:44:52,22.570,22570
855,814,2,24,15:45:11,21.964,21964
855,155,2,24,15:45:21,22.299,22299
855,22,2,24,15:45:22,22.736,22736
855,3,2,24,15:45:23,20.665,20665
855,24,2,23,15:45:48,24.716,24716
855,15,2,24,15:46:04,22.233,22233
855,813,2,25,15:47:52,21.075,21075
855,20,3,33,16:01:45,21.705,21705
855,17,3,34,16:03:28,21.455,21455
855,1,3,35,16:05:09,21.292,21292
855,814,3,35,16:05:21,21.553,21553
855,811,2,35,16:05:42,22.466,22466
855,18,3,36,16:06:38,20.998,20998
855,13,3,36,16:06:46,21.100,21100
855,153,2,36,16:07:16,22.584,22584
855,24,3,35,16:07:51,22.631,22631
855,4,3,37,16:08:19,20.731,20731
855,815,2,37,16:08:38,24.461,24461
855,16,3,37,16:08:44,21.839,21839
855,22,3,37,16:08:54,21.890,21890
855,5,3,37,16:09:04,22.532,22532
855,10,3,36,16:09:24,22.877,22877
855,15,3,38,16:10:48,22.156,22156
855,816,3,37,16:11:06,24.269,24269
855,808,2,39,16:12:09,20.832,20832
855,817,3,38,16:12:53,22.910,22910
855,30,3,41,16:15:04,20.879,20879
855,3,3,41,16:15:25,20.809,20809
855,813,3,41,16:15:38,21.012,21012
856,24,1,1,15:05:51,26.379,26379
856,155,1,10,15:21:45,21.623,21623
856,22,1,10,15:21:47,21.722,21722
856,814,1,11,15:23:25,22.075,22075
856,15,1,12,15:25:30,22.441,22441
856,18,1,13,15:26:42,20.766,20766
856,3,1,13,15:26:43,20.091,20091
856,811,1,13,15:27:10,21.163,21163
856,5,1,13,15:27:13,21.951,21951
856,17,1,14,15:28:23,20.828,20828
856,13,1,14,15:28:28,23.642,23642
856,808,1,14,15:28:33,21.478,21478
856,30,1,14,15:28:35,20.238,20238
856,67,1,14,15:28:48,22.098,22098
856,1,1,15,15:30:01,20.846,20846
856,4,1,15,15:30:19,20.978,20978
856,20,1,16,15:31:42,19.985,19985
856,16,1,16,15:32:24,24.820,24820
856,813,1,16,15:32:31,21.569,21569
856,815,1,16,15:32:32,21.225,21225
856,10,1,16,15:33:19,22.533,22533
856,817,1,16,15:33:22,23.196,23196
856,816,1,16,15:33:28,26.905,26905
856,153,1,17,15:34:24,22.301,22301
856,24,2,16,15:34:32,23.544,23544
856,813,2,22,15:45:44,13.984,13984
856,155,2,24,15:49:22,25.578,25578
856,3,2,27,15:54:18,20.772,20772
856,813,3,28,15:56:30,22.035,22035
856,811,2,30,15:59:48,21.893,21893
856,814,2,31,16:01:23,21.060,21060
856,22,2,31,16:01:32,22.347,22347
856,1,2,33,16:04:21,20.584,20584
856,17,2,33,16:04:22,20.800,20800
856,20,2,34,16:05:58,20.170,20170
856,18,2,34,16:06:08,20.758,20758
856,13,2,34,16:06:13,21.080,21080
856,16,2,35,16:08:18,21.916,21916
856,67,2,36,16:10:01,21.992,21992
856,815,2,36,16:10:09,21.385,21385
856,15,2,36,16:10:35,22.851,22851
856,4,2,37,16:11:21,20.639,20639
856,153,2,37,16:11:31,22.325,22325
856,5,2,38,16:13:56,22.669,22669
856,816,2,38,16:14:40,22.412,22412
856,24,3,38,16:16:35,22.092,22092
856,10,2,41,16:19:51,22.481,22481
856,817,2,41,16:19:54,22.115,22115
856,155,3,42,16:21:02,21.472,21472
856,815,3,53,16:39:58,21.971,21971
857,815,1,1,15:05:16,22.676,22676
857,10,1,1,15:05:23,27.378,27378
857,22,1,1,15:05:36,33.650,33650
857,15,1,1,15:06:37,40.734,40734
857,814,1,2,15:06:50,21.525,21525
857,808,1,3,15:08:27,27.137,27137
857,16,1,15,15:27:09,21.424,21424
857,17,1,16,15:28:08,21.392,21392
857,4,1,16,15:28:09,21.873,21873
857,1,1,16,15:28:14,22.530,22530
857,153,1,16,15:28:37,22.856,22856
857,13,1,17,15:29:43,21.848,21848
857,3,1,17,15:29:56,21.149,21149
857,18,1,18,15:31:05,21.092,21092
857,30,1,18,15:31:35,20.893,20893
857,67,1,18,15:31:43,22.579,22579
857,20,1,19,15:32:31,21.415,21415
857,814,2,19,15:33:45,24.150,24150
857,5,1,21,15:36:36,22.226,22226
857,811,1,22,15:38:07,22.144,22144
857,39,1,22,15:38:47,24.046,24046
857,816,1,22,15:38:52,22.687,22687
857,1,2,24,15:40:48,27.193,27193
857,817,1,25,15:43:17,25.074,25074
857,15,2,27,15:49:31,22.894,22894
857,13,2,30,15:49:55,14.919,14919
857,13,3,31,15:51:40,27.619,27619
857,817,2,32,15:54:51,42.529,42529
857,808,2,33,15:55:13,22.519,22519
857,815,2,34,15:56:37,24.789,24789
857,16,2,35,15:58:06,21.977,21977
857,22,2,35,15:59:21,22.339,22339
857,17,2,37,16:00:03,21.240,21240
857,4,2,39,16:03:03,21.755,21755
857,814,3,39,16:04:47,20.984,20984
857,5,2,41,16:07:49,22.001,22001
857,3,2,45,16:12:29,22.978,22978
857,1,3,45,16:12:44,22.172,22172
857,18,2,46,16:13:11,21.838,21838
857,153,2,46,16:14:27,23.084,23084
857,20,2,47,16:14:36,21.449,21449
857,30,2,50,16:19:55,21.482,21482
857,39,2,50,16:23:00,23.605,23605
857,811,2,56,16:30:01,21.723,21723
857,816,2,55,16:30:49,22.472,22472
857,15,3,54,16:32:20,24.150,24150
857,817,3,56,16:32:48,28.474,28474
858,811,1,1,17:05:36,20.882,20882
858,815,1,2,17:07:22,24.654,24654
858,155,1,5,17:13:02,19.833,19833
858,13,1,15,17:30:30,20.471,20471
858,153,1,15,17:31:05,43.574,43574
858,1,1,16,17:32:01,19.439,19439
858,4,1,16,17:32:03,20.211,20211
858,18,1,16,17:32:14,20.908,20908
858,16,1,16,17:32:35,20.356,20356
858,30,1,16,17:32:36,19.660,19660
858,5,1,16,17:33:01,21.146,21146
858,17,1,17,17:34:01,25.182,25182
858,3,1,17,17:34:12,19.785,19785
858,15,1,17,17:35:11,20.824,20824
858,808,1,18,17:36:34,20.738,20738
858,22,1,18,17:36:43,24.219,24219
858,817,1,18,17:37:20,21.693,21693
858,811,2,20,17:40:33,20.330,20330
858,24,1,24,17:48:28,21.247,21247
858,813,1,25,17:49:31,20.201,20201
858,10,1,25,17:50:06,21.792,21792
858,814,1,27,17:52:50,20.216,20216
858,815,2,27,17:53:09,19.979,19979
858,813,2,30,17:58:49,12.897,12897
858,155,2,33,18:03:42,23.108,23108
858,22,2,34,18:05:35,20.534,20534
858,17,2,35,18:06:07,20.000,20000
858,153,2,34,18:06:16,21.363,21363
858,18,2,36,18:07:45,20.301,20301
858,16,2,36,18:08:17,20.614,20614
858,811,3,36,18:09:34,12.959,12959
858,808,2,38,18:12:53,19.968,19968
858,1,2,40,18:14:22,19.350,19350
858,5,2,39,18:14:52,20.652,20652
858,13,2,40,18:14:54,20.035,20035
858,30,2,42,18:18:51,20.638,20638
858,817,2,41,18:19:37,23.192,23192
858,4,2,43,18:19:38,21.314,21314
858,15,2,42,18:20:55,20.791,20791
858,10,2,44,18:24:59,20.561,20561
858,3,2,48,18:29:04,19.907,19907
858,17,3,54,18:39:14,19.525,19525
859,30,1,10,14:17:19,25.481,25481
859,811,1,12,14:19:18,21.900,21900
859,808,1,13,14:20:39,21.169,21169
859,16,1,14,14:21:51,21.097,21097
859,18,1,15,14:22:58,22.005,22005
859,4,1,16,14:24:15,20.773,20773
859,1,1,16,14:24:18,21.099,21099
859,3,1,16,14:24:30,20.773,20773
859,22,1,16,14:24:50,21.537,21537
859,20,1,17,14:25:24,20.927,20927
859,814,1,17,14:25:58,20.745,20745
859,813,1,17,14:26:13,21.561,21561
859,5,1,17,14:26:16,22.854,22854
859,17,1,18,14:26:46,20.755,20755
859,811,2,18,14:27:37,14.029,14029
859,67,1,19,14:28:43,22.417,22417
859,815,1,20,14:30:05,22.221,22221
859,816,1,20,14:30:42,21.859,21859
859,817,1,20,14:30:47,23.473,23473
859,13,1,21,14:30:57,21.696,21696
859,155,1,21,14:31:18,25.117,25117
859,153,1,21,14:31:26,22.773,22773
859,24,1,21,14:32:06,22.666,22666
859,10,1,21,14:32:08,22.452,22452
859,15,1,22,14:33:08,22.616,22616
859,811,3,28,14:41:14,23.289,23289
859,808,2,30,14:43:17,23.102,23102
859,18,2,31,14:44:05,21.038,21038
859,16,2,31,14:44:24,20.900,20900
859,5,2,31,14:45:14,22.013,22013
859,1,2,33,14:46:43,20.396,20396
859,30,2,32,14:46:47,20.782,20782
859,22,2,34,14:48:56,22.590,22590
859,4,2,35,14:49:11,20.664,20664
859,17,2,38,14:52:52,20.990,20990
859,20,2,39,14:54:13,20.652,20652
859,814,2,40,14:56:27,21.767,21767
859,3,2,42,14:58:56,20.658,20658
859,67,2,42,14:59:19,22.461,22461
859,816,2,41,14:59:31,23.542,23542
859,817,2,41,14:59:46,22.904,22904
859,15,2,42,15:00:23,21.555,21555
859,155,2,43,15:00:26,21.231,21231
859,1,3,44,15:01:16,20.681,20681
859,815,2,44,15:02:10,21.337,21337
859,13,2,45,15:02:33,21.053,21053
859,16,3,45,15:02:49,21.138,21138
859,808,3,45,15:03:14,21.781,21781
859,24,2,45,15:05:02,22.996,22996
859,153,2,48,15:07:11,21.855,21855
859,811,4,48,15:08:23,22.128,22128
859,5,3,49,15:09:19,21.478,21478
859,18,3,52,15:11:27,21.583,21583
859,30,3,51,15:11:49,21.373,21373
859,4,3,54,15:13:55,20.752,20752
859,22,3,53,15:14:17,21.638,21638
859,17,3,58,15:18:40,20.781,20781
859,20,3,59,15:20:05,22.094,22094
