driverStandingsId,raceId,driverId,points,position,positionText,wins
67805,958,154,28.0,11,11,0
67806,958,807,27.0,12,12,0
67807,958,822,56.0,7,7,0
67808,958,832,30.0,10,10,0
67809,958,830,100.0,6,6,1
67810,958,835,0.0,20,20,0
67811,958,825,6.0,16,16,0
67812,958,815,47.0,8,8,0
67813,958,18,13.0,15,15,0
67814,958,831,0.0,22,22,0
67815,958,836,1.0,17,17,0
67816,958,828,0.0,21,21,0
67817,958,8,114.0,4,4,0
67818,958,837,0.0,23,23,0
67819,958,821,0.0,19,19,0
67820,958,4,24.0,13,13,0
67821,958,826,23.0,14,14,0
67822,958,838,1.0,18,18,0
67823,959,3,198.0,2,2,5
67824,959,1,217.0,1,1,6
67825,959,20,120.0,5,5,0
67826,959,817,133.0,3,3,0
67827,959,13,38.0,9,9,0
67828,959,154,28.0,12,12,0
67829,959,807,33.0,10,10,0
67830,959,822,58.0,7,7,0
67831,959,832,30.0,11,11,0
67832,959,830,115.0,6,6,1
67833,959,835,0.0,20,20,0
67834,959,825,6.0,16,16,0
67835,959,815,48.0,8,8,0
67836,959,18,17.0,15,15,0
67837,959,831,0.0,22,22,0
67838,959,836,1.0,17,17,0
67839,959,828,0.0,21,21,0
67840,959,8,122.0,4,4,0
67841,959,837,0.0,23,23,0
67842,959,821,0.0,19,19,0
67843,959,4,24.0,13,13,0
67844,959,826,23.0,14,14,0
67845,959,838,1.0,18,18,0
67846,960,3,223.0,2,2,6
67847,960,1,232.0,1,1,6
67848,960,20,128.0,4,4,0
67849,960,817,151.0,3,3,0
67850,960,13,39.0,10,10,0
67851,960,154,28.0,13,13,0
67852,960,807,45.0,9,9,0
67853,960,822,62.0,7,7,0
67854,960,832,30.0,12,12,0
67855,960,830,115.0,6,6,1
67856,960,835,0.0,20,20,0
67857,960,825,6.0,16,16,0
67858,960,815,58.0,8,8,0
67859,960,18,17.0,15,15,0
67860,960,831,0.0,22,22,0
67861,960,836,1.0,17,17,0
67862,960,828,0.0,21,21,0
67863,960,8,124.0,5,5,0
67864,960,837,0.0,23,23,0
67865,960,821,0.0,19,19,0
67866,960,4,30.0,11,11,0
67867,960,826,23.0,14,14,0
67868,960,838,1.0,18,18,0
67869,960,839,0.0,24,24,0
67870,961,3,248.0,2,2,7
67871,961,1,250.0,1,1,6
67872,961,20,143.0,4,4,0
67873,961,817,161.0,3,3,0
67874,961,13,41.0,10,10,0
67875,961,154,28.0,13,13,0
67876,961,807,46.0,9,9,0
67877,961,822,70.0,7,7,0
67878,961,832,30.0,12,12,0
67879,961,830,121.0,6,6,1
67880,961,835,0.0,20,20,0
67881,961,825,6.0,16,16,0
67882,961,815,62.0,8,8,0
67883,961,18,17.0,15,15,0
67884,961,831,0.0,22,22,0
67885,961,836,1.0,17,17,0
67886,961,828,0.0,21,21,0
67887,961,8,136.0,5,5,0
67888,961,837,0.0,23,23,0
67889,961,821,0.0,19,19,0
67890,961,4,30.0,11,11,0
67891,961,826,23.0,14,14,0
67892,961,838,1.0,18,18,0
67893,961,839,0.0,24,24,0
67894,962,3,273.0,1,1,8
67895,962,1,265.0,2,2,6
67896,962,20,153.0,4,4,0
67897,962,817,179.0,3,3,0
67898,962,13,41.0,10,10,0
67899,962,154,28.0,13,13,0
67900,962,807,46.0,9,9,0
67901,962,822,70.0,7,7,0
67902,962,832,30.0,12,12,0
67903,962,830,129.0,6,6,1
67904,962,835,0.0,20,20,0
67905,962,825,7.0,16,16,0
67906,962,815,66.0,8,8,0
67907,962,18,17.0,15,15,0
67908,962,831,0.0,22,22,0
67909,962,836,1.0,17,17,0
67910,962,828,0.0,21,21,0
67911,962,8,148.0,5,5,0
67912,962,837,0.0,23,23,0
67913,962,821,0.0,19,19,0
67914,962,4,36.0,11,11,0
67915,962,826,25.0,14,14,0
67916,962,838,1.0,18,18,0
67917,962,839,0.0,24,24,0
67918,963,3,288.0,1,1,8
67919,963,1,265.0,2,2,6
67920,963,20,153.0,5,5,0
67921,963,817,204.0,3,3,1
67922,963,13,41.0,11,11,0
67923,963,154,28.0,13,13,0
67924,963,807,50.0,9,9,0
67925,963,822,80.0,7,7,0
67926,963,832,30.0,12,12,0
67927,963,830,147.0,6,6,1
67928,963,835,1.0,17,17,0
67929,963,825,7.0,16,16,0
67930,963,815,74.0,8,8,0
67931,963,18,19.0,15,15,0
67932,963,831,0.0,22,22,0
67933,963,836,1.0,18,18,0
67934,963,828,0.0,21,21,0
67935,963,8,160.0,4,4,0
67936,963,837,0.0,23,23,0
67937,963,821,0.0,20,20,0
67938,963,4,42.0,10,10,0
67939,963,826,25.0,14,14,0
67940,963,838,1.0,19,19,0
67941,963,839,0.0,24,24,0
67942,964,3,313.0,1,1,9
67943,964,1,280.0,2,2,6
67944,964,20,165.0,6,6,0
67945,964,817,212.0,3,3,1
67946,964,13,43.0,10,10,0
67947,964,154,28.0,13,13,0
67948,964,807,54.0,9,9,0
67949,964,822,81.0,7,7,0
67950,964,832,30.0,12,12,0
67951,964,830,165.0,5,5,1
67952,964,835,1.0,17,17,0
67953,964,825,7.0,16,16,0
67954,964,815,80.0,8,8,0
67955,964,18,19.0,15,15,0
67956,964,831,0.0,22,22,0
67957,964,836,1.0,18,18,0
67958,964,828,0.0,21,21,0
67959,964,8,170.0,4,4,0
67960,964,837,0.0,23,23,0
67961,964,821,0.0,20,20,0
67962,964,4,42.0,11,11,0
67963,964,826,25.0,14,14,0
67964,964,838,1.0,19,19,0
67965,964,839,0.0,24,24,0
68061,965,839,0.0,24,24,0
68060,965,838,1.0,19,19,0
68059,965,826,25.0,14,14,0
68058,965,4,52.0,10,10,0
68056,965,837,0.0,23,23,0
68055,965,8,170.0,5,5,0
68054,965,828,0.0,21,21,0
68053,965,836,1.0,18,18,0
68051,965,18,21.0,15,15,0
68050,965,815,84.0,7,7,0
68049,965,825,7.0,16,16,0
68047,965,830,165.0,6,6,1
68046,965,832,38.0,12,12,0
68044,965,807,54.0,9,9,0
68041,965,817,227.0,3,3,1
68048,965,835,1.0,17,17,0
68052,965,831,0.0,22,22,0
68045,965,822,81.0,8,8,0
68057,965,821,0.0,20,20,0
68042,965,13,49.0,11,11,0
68043,965,154,29.0,13,13,0
68039,965,1,305.0,2,2,7
68040,965,20,177.0,4,4,0
68038,965,3,331.0,1,1,9
68080,966,837,0.0,23,23,0
68077,966,836,1.0,18,18,0
68075,966,18,21.0,15,15,0
68110,967,20,197.0,4,4,0
68109,967,1,355.0,2,2,9
68108,967,3,367.0,1,1,9
68085,966,839,0.0,24,24,0
68084,966,838,1.0,19,19,0
68083,966,826,25.0,14,14,0
68082,966,4,52.0,10,10,0
68081,966,821,0.0,20,20,0
68079,966,8,178.0,5,5,0
68078,966,828,0.0,21,21,0
68076,966,831,0.0,22,22,0
68072,966,835,1.0,17,17,0
68073,966,825,7.0,16,16,0
68074,966,815,85.0,7,7,0
68071,966,830,177.0,6,6,1
68070,966,832,38.0,12,12,0
68069,966,822,85.0,8,8,0
68068,966,807,60.0,9,9,0
68067,966,154,29.0,13,13,0
68066,966,13,51.0,11,11,0
68065,966,817,242.0,3,3,1
68064,966,20,187.0,4,4,0
68062,966,3,349.0,1,1,9
68063,966,1,330.0,2,2,8
68111,967,817,246.0,3,3,1
68112,967,13,51.0,11,11,0
68113,967,154,29.0,13,13,0
68114,967,807,66.0,9,9,0
68115,967,822,85.0,8,8,0
68116,967,832,46.0,12,12,0
68117,967,830,192.0,5,5,1
68118,967,835,1.0,18,18,0
68119,967,825,7.0,16,16,0
68120,967,815,97.0,7,7,0
68121,967,18,21.0,15,15,0
68122,967,831,2.0,17,17,0
68123,967,836,1.0,19,19,0
68124,967,828,0.0,22,22,0
68125,967,8,178.0,6,6,0
68126,967,837,0.0,24,24,0
68127,967,821,0.0,21,21,0
68128,967,4,53.0,10,10,0
68129,967,826,25.0,14,14,0
68130,967,838,1.0,20,20,0
68131,967,839,0.0,23,23,0
68132,968,3,385.0,1,1,9
68133,968,1,380.0,2,2,10
68134,968,20,212.0,4,4,0
68135,968,817,256.0,3,3,1
68136,968,13,53.0,11,11,0
68137,968,154,29.0,13,13,0
68138,968,807,72.0,9,9,0
68139,968,822,85.0,8,8,0
68140,968,832,46.0,12,12,0
68141,968,830,204.0,5,5,1
68142,968,835,1.0,18,18,0
68143,968,825,7.0,16,16,0
68144,968,815,101.0,7,7,0
68145,968,18,21.0,15,15,0
68146,968,831,2.0,17,17,0
68147,968,836,1.0,19,19,0
68148,968,828,0.0,22,22,0
68149,968,8,186.0,6,6,0
68150,968,837,0.0,24,24,0
68151,968,821,0.0,21,21,0
68152,968,4,54.0,10,10,0
68153,968,826,25.0,14,14,0
68154,968,838,1.0,20,20,0
68155,968,839,0.0,23,23,0
68161,969,13,8.0,6,6,0
68162,969,815,6.0,7,7,0
68163,969,832,4.0,8,8,0
68164,969,826,2.0,9,9,0
68165,969,839,1.0,10,10,0
68166,969,807,0.0,11,11,0
68167,969,841,0.0,12,12,0
68168,969,838,0.0,13,13,0
68169,969,4,0.0,14,14,0
68170,969,825,0.0,15,15,0
68171,969,840,0.0,16,16,0
68172,969,817,0.0,17,17,0
68173,969,828,0.0,18,18,0
68174,969,835,0.0,19,19,0
68175,969,154,0.0,20,20,0
68176,970,20,43.0,1,1,1
68177,970,1,43.0,2,2,1
68178,970,822,23.0,4,4,0
68179,970,8,22.0,5,5,0
68180,970,830,25.0,3,3,0
68181,970,13,8.0,8,8,0
68182,970,815,8.0,9,9,0
68183,970,832,10.0,7,7,0
68184,970,826,2.0,11,11,0
68185,970,839,2.0,12,12,0
68186,970,807,0.0,13,13,0
68187,970,841,0.0,15,15,0
68188,970,838,0.0,16,16,0
68189,970,4,0.0,19,19,0
68190,970,825,4.0,10,10,0
68191,970,840,0.0,20,20,0
68192,970,817,12.0,6,6,0
68193,970,828,0.0,18,18,0
68194,970,835,0.0,17,17,0
68195,970,154,0.0,14,14,0
68196,971,20,68.0,1,1,2
68197,971,1,61.0,2,2,1
68198,971,822,38.0,3,3,0
68199,971,8,34.0,4,4,0
68200,971,830,25.0,5,5,0
68201,971,13,16.0,7,7,0
68202,971,815,14.0,8,8,0
68203,971,832,10.0,9,9,0
68204,971,826,2.0,14,14,0
68205,971,839,3.0,12,12,0
68206,971,807,2.0,13,13,0
68207,971,841,0.0,16,16,0
68208,971,838,0.0,18,18,0
68209,971,4,0.0,19,19,0
68210,971,825,4.0,11,11,0
68211,971,840,0.0,21,21,0
68212,971,817,22.0,6,6,0
68213,971,828,0.0,20,20,0
68214,971,835,0.0,17,17,0
68215,971,154,4.0,10,10,0
68216,971,836,0.0,15,15,0
68217,972,20,86.0,1,1,2
68218,972,1,73.0,2,2,1
68219,972,822,63.0,3,3,1
68220,972,8,49.0,4,4,0
68221,972,830,35.0,5,5,0
68222,972,13,18.0,8,8,0
68223,972,815,22.0,7,7,0
68224,972,832,11.0,9,9,0
68225,972,826,2.0,14,14,0
68226,972,839,9.0,10,10,0
68227,972,807,6.0,11,11,0
68228,972,841,0.0,17,17,0
68229,972,838,0.0,19,19,0
68230,972,4,0.0,20,20,0
68231,972,825,4.0,13,13,0
68232,972,840,0.0,16,16,0
68233,972,817,22.0,6,6,0
68234,972,828,0.0,21,21,0
68235,972,835,0.0,18,18,0
68236,972,154,4.0,12,12,0
68237,972,836,0.0,15,15,0
68238,973,20,104.0,1,1,2
68239,973,1,98.0,2,2,2
68240,973,822,63.0,3,3,1
68241,973,8,49.0,4,4,0
68242,973,830,35.0,6,6,0
68243,973,13,18.0,9,9,0
68244,973,815,34.0,7,7,0
68245,973,832,17.0,10,10,0
68246,973,826,4.0,15,15,0
68247,973,839,19.0,8,8,0
68248,973,807,14.0,11,11,0
68249,973,841,0.0,19,19,0
68250,973,838,0.0,21,21,0
68251,973,4,0.0,18,18,0
68252,973,825,4.0,14,14,0
68253,973,840,0.0,17,17,0
68254,973,817,37.0,5,5,0
68255,973,828,0.0,16,16,0
68256,973,835,0.0,20,20,0
68257,973,154,5.0,12,12,0
68258,973,836,4.0,13,13,0
68259,974,20,129.0,1,1,3
68260,974,1,104.0,2,2,2
68261,974,822,75.0,3,3,1
68262,974,8,67.0,4,4,0
68263,974,830,45.0,6,6,0
68264,974,13,20.0,9,9,0
68265,974,815,34.0,7,7,0
68266,974,832,25.0,8,8,0
68267,974,826,4.0,15,15,0
68268,974,839,19.0,10,10,0
68269,974,807,14.0,11,11,0
68270,974,841,0.0,20,20,0
68271,974,838,0.0,21,21,0
68272,974,4,0.0,19,19,0
68273,974,825,5.0,13,13,0
68274,974,840,0.0,18,18,0
68275,974,817,52.0,5,5,0
68276,974,828,0.0,17,17,0
68277,974,835,0.0,16,16,0
68278,974,154,9.0,12,12,0
68279,974,836,4.0,14,14,0
68280,974,18,0.0,22,22,0
68281,975,20,141.0,1,1,3
68282,975,1,129.0,2,2,3
68283,975,822,93.0,3,3,1
68284,975,8,73.0,4,4,0
68285,975,830,45.0,6,6,0
68286,975,13,20.0,10,10,0
68287,975,815,44.0,7,7,0
68288,975,832,25.0,9,9,0
68289,975,826,4.0,15,15,0
68290,975,839,27.0,8,8,0
68291,975,807,18.0,11,11,0
68292,975,841,0.0,20,20,0
68293,975,838,0.0,21,21,0
68294,975,4,0.0,19,19,0
68295,975,825,5.0,13,13,0
68296,975,840,2.0,16,16,0
68297,975,817,67.0,5,5,0
68298,975,828,0.0,18,18,0
68299,975,835,0.0,17,17,0
68300,975,154,10.0,12,12,0
68301,975,836,4.0,14,14,0
68302,975,18,0.0,22,22,0
68303,976,20,153.0,1,1,3
68304,976,1,139.0,2,2,3
68305,976,822,111.0,3,3,1
68306,976,8,73.0,5,5,0
68307,976,830,45.0,6,6,0
68308,976,13,20.0,10,10,0
68309,976,815,44.0,7,7,0
68310,976,832,29.0,9,9,0
68311,976,826,4.0,16,16,0
68312,976,839,35.0,8,8,0
68313,976,807,18.0,11,11,0
68314,976,841,0.0,21,21,0
68315,976,838,0.0,20,20,0
68316,976,4,2.0,17,17,0
68317,976,825,11.0,13,13,0
68318,976,840,17.0,12,12,0
68319,976,817,92.0,4,4,1
68320,976,828,0.0,19,19,0
68321,976,835,0.0,18,18,0
68322,976,154,10.0,14,14,0
68323,976,836,5.0,15,15,0
68324,976,18,0.0,22,22,0
68325,977,20,171.0,1,1,3
68326,977,1,151.0,2,2,3
68327,977,822,136.0,3,3,2
68328,977,8,83.0,5,5,0
68329,977,830,45.0,7,7,0
68330,977,13,22.0,10,10,0
68331,977,815,50.0,6,6,0
68332,977,832,29.0,9,9,0
68333,977,826,4.0,16,16,0
68334,977,839,39.0,8,8,0
68335,977,807,18.0,12,12,0
68336,977,841,0.0,21,21,0
68337,977,838,0.0,20,20,0
68338,977,4,2.0,17,17,0
68339,977,825,11.0,14,14,0
68340,977,840,18.0,11,11,0
68341,977,817,107.0,4,4,1
68342,977,828,0.0,19,19,0
68343,977,835,0.0,18,18,0
68344,977,154,18.0,13,13,0
68345,977,836,5.0,15,15,0
68346,977,18,0.0,22,22,0
68347,978,20,177.0,1,1,3
68348,978,1,176.0,2,2,4
68349,978,822,154.0,3,3,2
68350,978,8,98.0,5,5,0
68351,978,830,57.0,6,6,0
68352,978,13,23.0,11,11,0
68353,978,815,52.0,7,7,0
68354,978,832,29.0,9,9,0
68355,978,826,4.0,16,16,0
68356,978,839,43.0,8,8,0
68357,978,807,26.0,10,10,0
68358,978,841,0.0,21,21,0
68359,978,838,0.0,20,20,0
68360,978,4,2.0,17,17,0
68361,978,825,11.0,14,14,0
68362,978,840,18.0,12,12,0
68363,978,817,117.0,4,4,1
68364,978,828,0.0,19,19,0
68365,978,835,0.0,18,18,0
68366,978,154,18.0,13,13,0
68367,978,836,5.0,15,15,0
68368,978,18,0.0,22,22,0
68369,979,20,202.0,1,1,4
68370,979,1,188.0,2,2,4
68371,979,822,169.0,3,3,2
68372,979,8,116.0,5,5,0
68373,979,830,67.0,6,6,0
68374,979,13,23.0,11,11,0
68375,979,815,56.0,7,7,0
68376,979,832,35.0,9,9,0
68377,979,826,4.0,17,17,0
68378,979,839,45.0,8,8,0
68379,979,807,26.0,10,10,0
68380,979,841,0.0,21,21,0
68381,979,838,1.0,18,18,0
68382,979,4,10.0,15,15,0
68383,979,825,11.0,14,14,0
68384,979,840,18.0,12,12,0
68385,979,817,117.0,4,4,1
68386,979,828,0.0,20,20,0
68387,979,835,0.0,19,19,0
68388,979,154,18.0,13,13,0
68389,979,836,5.0,16,16,0
68390,979,18,0.0,22,22,0
68391,979,814,0.0,23,23,0
68392,980,20,220.0,1,1,4
68393,980,1,213.0,2,2,5
68394,980,822,179.0,3,3,2
68395,980,8,128.0,5,5,0
68396,980,830,67.0,6,6,0
68397,980,13,27.0,11,11,0
68398,980,815,56.0,7,7,0
68399,980,832,36.0,9,9,0
68400,980,826,4.0,17,17,0
68401,980,839,47.0,8,8,0
68402,980,807,34.0,10,10,0
68403,980,841,0.0,21,21,0
68404,980,838,1.0,18,18,0
68405,980,4,10.0,15,15,0
68406,980,825,11.0,14,14,0
68407,980,840,18.0,13,13,0
68408,980,817,132.0,4,4,1
68409,980,828,0.0,20,20,0
68410,980,835,0.0,19,19,0
68411,980,154,24.0,12,12,0
68412,980,836,5.0,16,16,0
68413,980,18,0.0,22,22,0
68414,980,814,0.0,23,23,0
68415,981,20,235.0,2,2,4
68416,981,1,238.0,1,1,6
68417,981,822,197.0,3,3,2
68418,981,8,138.0,5,5,0
68419,981,830,68.0,6,6,0
68420,981,13,31.0,11,11,0
68421,981,815,58.0,7,7,0
68422,981,832,36.0,9,9,0
68423,981,826,4.0,17,17,0
68424,981,839,55.0,8,8,0
68425,981,807,34.0,10,10,0
68426,981,841,0.0,21,21,0
68427,981,838,1.0,18,18,0
68428,981,4,10.0,15,15,0
68429,981,825,11.0,14,14,0
68430,981,840,24.0,12,12,0
68431,981,817,144.0,4,4,1
68432,981,828,0.0,20,20,0
68433,981,835,0.0,19,19,0
68434,981,154,24.0,13,13,0
68435,981,836,5.0,16,16,0
68436,981,18,0.0,22,22,0
68437,981,814,0.0,23,23,0
68438,982,20,235.0,2,2,4
68439,982,1,263.0,1,1,7
68440,982,822,212.0,3,3,2
68441,982,8,138.0,5,5,0
68442,982,830,68.0,6,6,0
68443,982,13,31.0,11,11,0
68444,982,815,68.0,7,7,0
68445,982,832,48.0,9,9,0
68446,982,826,4.0,19,19,0
68447,982,839,56.0,8,8,0
68448,982,807,34.0,10,10,0
68449,982,841,0.0,21,21,0
68450,982,838,7.0,17,17,0
68451,982,4,10.0,15,15,0
68452,982,825,11.0,14,14,0
68453,982,840,28.0,12,12,0
68454,982,817,162.0,4,4,1
68455,982,828,0.0,20,20,0
68456,982,835,8.0,16,16,0
68457,982,154,26.0,13,13,0
68458,982,836,5.0,18,18,0
68459,982,18,0.0,22,22,0
68460,982,814,0.0,23,23,0
68461,983,20,247.0,2,2,4
68462,983,1,281.0,1,1,7
68463,983,822,222.0,3,3,2
68464,983,8,138.0,5,5,0
68465,983,830,93.0,6,6,1
68466,983,13,33.0,11,11,0
68467,983,815,76.0,7,7,0
68468,983,832,48.0,9,9,0
68469,983,826,4.0,19,19,0
68470,983,839,57.0,8,8,0
68471,983,807,34.0,10,10,0
68472,983,841,0.0,21,21,0
68473,983,838,13.0,14,14,0
68474,983,4,10.0,16,16,0
68475,983,825,11.0,15,15,0
68476,983,840,32.0,12,12,0
68477,983,817,177.0,4,4,1
68478,983,828,0.0,20,20,0
68479,983,835,8.0,17,17,0
68480,983,154,26.0,13,13,0
68481,983,836,5.0,18,18,0
68482,983,18,0.0,23,23,0
68483,983,814,0.0,24,24,0
68484,983,842,0.0,22,22,0
68485,984,20,247.0,2,2,4
68486,984,1,306.0,1,1,8
68487,984,822,234.0,3,3,2
68488,984,8,148.0,5,5,0
68489,984,830,111.0,6,6,1
68490,984,13,34.0,11,11,0
68491,984,815,82.0,7,7,0
68492,984,832,48.0,9,9,0
68493,984,826,4.0,19,19,0
68494,984,839,65.0,8,8,0
68495,984,807,34.0,10,10,0
68496,984,841,0.0,21,21,0
68497,984,838,13.0,15,15,0
68498,984,4,10.0,16,16,0
68499,984,825,15.0,14,14,0
68500,984,840,32.0,12,12,0
68501,984,817,192.0,4,4,1
68502,984,828,0.0,20,20,0
68503,984,835,8.0,17,17,0
68504,984,154,28.0,13,13,0
68505,984,836,5.0,18,18,0
68506,984,18,0.0,23,23,0
68507,984,814,0.0,24,24,0
68508,984,842,0.0,22,22,0
68509,985,20,265.0,2,2,4
68510,985,1,331.0,1,1,9
68511,985,822,244.0,3,3,2
68512,985,8,163.0,5,5,0
68513,985,830,123.0,6,6,1
68514,985,13,36.0,10,10,0
68515,985,815,86.0,7,7,0
68516,985,832,54.0,9,9,0
68517,985,826,5.0,19,19,0
68518,985,839,73.0,8,8,0
68519,985,807,34.0,11,11,0
68520,985,841,0.0,21,21,0
68521,985,838,13.0,15,15,0
68522,985,4,10.0,16,16,0
68523,985,825,15.0,14,14,0
68524,985,840,32.0,12,12,0
68525,985,817,192.0,4,4,1
68526,985,828,0.0,20,20,0
68527,985,835,8.0,17,17,0
68528,985,154,28.0,13,13,0
68529,985,836,5.0,18,18,0
68530,985,18,0.0,24,24,0
68531,985,814,0.0,25,25,0
68532,985,842,0.0,22,22,0
68533,985,843,0.0,23,23,0
68534,986,20,277.0,2,2,4
68535,986,1,333.0,1,1,9
68536,986,822,262.0,3,3,2
68537,986,8,178.0,5,5,0
68538,986,830,148.0,6,6,2
68539,986,13,36.0,11,11,0
68540,986,815,92.0,7,7,0
68541,986,832,54.0,9,9,0
68542,986,826,5.0,19,19,0
68543,986,839,83.0,8,8,0
68544,986,807,34.0,12,12,0
68545,986,841,0.0,21,21,0
68546,986,838,13.0,15,15,0
68547,986,4,11.0,16,16,0
68548,986,825,19.0,14,14,0
68549,986,840,40.0,10,10,0
68550,986,817,192.0,4,4,1
68551,986,828,0.0,20,20,0
68552,986,835,8.0,17,17,0
68553,986,154,28.0,13,13,0
68554,986,836,5.0,18,18,0
68555,986,18,0.0,24,24,0
68556,986,814,0.0,25,25,0
68557,986,842,0.0,22,22,0
68558,986,843,0.0,23,23,0
68559,987,20,302.0,2,2,5
68560,987,1,345.0,1,1,9
68561,987,822,280.0,3,3,2
68562,987,8,193.0,5,5,0
68563,987,830,158.0,6,6,2
68564,987,13,42.0,10,10,0
68565,987,815,94.0,7,7,0
68566,987,832,54.0,9,9,0
68567,987,826,5.0,19,19,0
68568,987,839,83.0,8,8,0
68569,987,807,35.0,12,12,0
68570,987,841,0.0,22,22,0
68571,987,838,13.0,16,16,0
68572,987,4,15.0,15,15,0
68573,987,825,19.0,14,14,0
68574,987,840,40.0,11,11,0
68575,987,817,200.0,4,4,1
68576,987,828,0.0,20,20,0
68577,987,835,8.0,17,17,0
68578,987,154,28.0,13,13,0
68579,987,836,5.0,18,18,0
68580,987,18,0.0,24,24,0
68581,987,814,0.0,25,25,0
68582,987,842,0.0,21,21,0
68583,987,843,0.0,23,23,0
68584,988,20,317.0,2,2,5
68585,988,1,363.0,1,1,9
68586,988,822,305.0,3,3,3
68587,988,8,205.0,4,4,0
68588,988,830,168.0,6,6,2
68589,988,13,43.0,11,11,0
68590,988,815,100.0,7,7,0
68591,988,832,54.0,9,9,0
68592,988,826,5.0,19,19,0
68593,988,839,87.0,8,8,0
68594,988,807,43.0,10,10,0
68595,988,841,0.0,22,22,0
68596,988,838,13.0,16,16,0
68597,988,4,17.0,15,15,0
68598,988,825,19.0,14,14,0
68599,988,840,40.0,12,12,0
68600,988,817,200.0,5,5,1
68601,988,828,0.0,20,20,0
68602,988,835,8.0,17,17,0
68603,988,154,28.0,13,13,0
68604,988,836,5.0,18,18,0
68605,988,18,0.0,24,24,0
68606,988,814,0.0,25,25,0
68607,988,842,0.0,21,21,0
68608,988,843,0.0,23,23,0
68609,989,20,25.0,1,1,1
68610,989,1,18.0,2,2,0
68611,989,8,15.0,3,3,0
68612,989,817,12.0,4,4,0
68613,989,4,10.0,5,5,0
68614,989,830,8.0,6,6,0
68615,989,807,6.0,7,7,0
68616,989,822,4.0,8,8,0
68617,989,838,2.0,9,9,0
68618,989,832,1.0,10,10,0
68619,989,815,0.0,11,11,0
68620,989,839,0.0,12,12,0
68621,989,844,0.0,13,13,0
68622,989,840,0.0,14,14,0
68623,989,843,0.0,15,15,0
68624,989,154,0.0,16,16,0
68625,989,825,0.0,17,17,0
68626,989,842,0.0,18,18,0
68627,989,828,0.0,19,19,0
68628,989,845,0.0,20,20,0
68708,990,845,0.0,20,20,0
68693,990,4,16.0,4,4,0
68694,990,830,8.0,10,10,0
68705,990,825,10.0,9,9,0
68701,990,844,0.0,16,16,0
68709,992,20,66.0,2,2,2
68707,990,828,2.0,12,12,0
68706,990,842,12.0,7,7,0
68691,990,8,15.0,5,5,0
68704,990,154,0.0,17,17,0
68702,990,840,0.0,18,18,0
68703,990,843,0.0,19,19,0
68700,990,839,1.0,14,14,0
68699,990,815,0.0,15,15,0
68698,990,832,1.0,13,13,0
68697,990,838,6.0,11,11,0
68696,990,822,22.0,3,3,0
68695,990,807,14.0,6,6,0
68692,990,817,12.0,8,8,0
68689,990,20,50.0,1,1,2
68690,990,1,33.0,2,2,0
68669,991,20,54.0,1,1,2
68670,991,1,45.0,2,2,0
68671,991,8,30.0,5,5,0
68672,991,817,37.0,4,4,1
68673,991,4,22.0,6,6,0
68674,991,830,18.0,8,8,0
68675,991,807,22.0,7,7,0
68676,991,822,40.0,3,3,0
68677,991,838,6.0,11,11,0
68678,991,832,3.0,12,12,0
68679,991,815,0.0,15,15,0
68680,991,839,1.0,14,14,0
68681,991,844,0.0,16,16,0
68682,991,840,0.0,18,18,0
68683,991,843,0.0,20,20,0
68684,991,154,0.0,17,17,0
68685,991,825,11.0,10,10,0
68686,991,842,12.0,9,9,0
68687,991,828,2.0,13,13,0
68688,991,845,0.0,19,19,0
68710,992,1,70.0,1,1,1
68711,992,8,48.0,3,3,0
68712,992,817,37.0,5,5,1
68713,992,4,28.0,6,6,0
68714,992,830,18.0,8,8,0
68715,992,807,22.0,7,7,0
68716,992,822,40.0,4,4,0
68717,992,838,8.0,14,14,0
68718,992,832,13.0,10,10,0
68719,992,815,15.0,9,9,0
68720,992,839,1.0,17,17,0
68721,992,844,8.0,13,13,0
68722,992,840,4.0,15,15,0
68723,992,843,1.0,18,18,0
68724,992,154,0.0,19,19,0
68725,992,825,11.0,12,12,0
68726,992,842,12.0,11,11,0
68727,992,828,2.0,16,16,0
68728,992,845,0.0,20,20,0
68729,993,20,78.0,2,2,2
68730,993,1,95.0,1,1,2
68731,993,8,48.0,4,4,0
68732,993,817,47.0,5,5,1
68733,993,4,32.0,7,7,0
68734,993,830,33.0,6,6,0
68735,993,807,22.0,8,8,0
68736,993,822,58.0,3,3,0
68737,993,838,8.0,14,14,0
68738,993,832,19.0,10,10,0
68739,993,815,17.0,11,11,0
68740,993,839,1.0,17,17,0
68741,993,844,9.0,13,13,0
68742,993,840,4.0,15,15,0
68743,993,843,1.0,18,18,0
68744,993,154,0.0,19,19,0
68745,993,825,19.0,9,9,0
68746,993,842,12.0,12,12,0
68747,993,828,2.0,16,16,0
68748,993,845,0.0,20,20,0
68749,994,20,96.0,2,2,2
68750,994,1,110.0,1,1,2
68751,994,8,60.0,5,5,0
68752,994,817,72.0,3,3,2
68753,994,4,32.0,7,7,0
68754,994,830,35.0,6,6,0
68755,994,807,26.0,8,8,0
68756,994,822,68.0,4,4,0
68757,994,838,8.0,15,15,0
68758,994,832,20.0,9,9,0
68759,994,815,17.0,12,12,0
68760,994,839,9.0,13,13,0
68761,994,844,9.0,14,14,0
68762,994,840,4.0,16,16,0
68763,994,843,1.0,18,18,0
68764,994,154,0.0,19,19,0
68765,994,825,19.0,10,10,0
68766,994,842,18.0,11,11,0
68767,994,828,2.0,17,17,0
68768,994,845,0.0,20,20,0
68769,995,20,121.0,1,1,3
68770,995,1,120.0,2,2,2
68771,995,8,68.0,5,5,0
68772,995,817,84.0,4,4,2
68773,995,4,32.0,7,7,0
68774,995,830,50.0,6,6,0
68775,995,807,32.0,8,8,0
68776,995,822,86.0,3,3,0
68777,995,838,8.0,15,15,0
68778,995,832,24.0,9,9,0
68779,995,815,17.0,12,12,0
68780,995,839,11.0,13,13,0
68781,995,844,10.0,14,14,0
68782,995,840,4.0,16,16,0
68783,995,843,1.0,18,18,0
68784,995,154,0.0,19,19,0
68785,995,825,19.0,10,10,0
68786,995,842,18.0,11,11,0
68787,995,828,2.0,17,17,0
68788,995,845,0.0,20,20,0
68789,996,20,131.0,2,2,3
68790,996,1,145.0,1,1,3
68791,996,8,83.0,5,5,0
68792,996,817,96.0,3,3,2
68793,996,4,32.0,8,8,0
68794,996,830,68.0,6,6,0
68795,996,807,34.0,7,7,0
68796,996,822,92.0,4,4,0
68797,996,838,8.0,15,15,0
68798,996,832,28.0,9,9,0
68799,996,815,17.0,12,12,0
68800,996,839,11.0,13,13,0
68801,996,844,11.0,14,14,0
68802,996,840,4.0,16,16,0
68803,996,843,1.0,18,18,0
68804,996,154,0.0,19,19,0
68805,996,825,27.0,10,10,0
68806,996,842,18.0,11,11,0
68807,996,828,2.0,17,17,0
68808,996,845,0.0,20,20,0
68809,997,20,146.0,1,1,3
68810,997,1,145.0,2,2,3
68811,997,8,101.0,3,3,0
68812,997,817,96.0,4,4,2
68813,997,4,36.0,8,8,0
68814,997,830,93.0,5,5,1
68815,997,807,34.0,9,9,0
68816,997,822,92.0,6,6,0
68817,997,838,8.0,16,16,0
68818,997,832,28.0,10,10,0
68819,997,815,23.0,11,11,0
68820,997,839,19.0,12,12,0
68821,997,844,13.0,14,14,0
68822,997,840,4.0,17,17,0
68823,997,843,1.0,19,19,0
68824,997,154,12.0,15,15,0
68825,997,825,37.0,7,7,0
68826,997,842,18.0,13,13,0
68827,997,828,3.0,18,18,0
68828,997,845,0.0,20,20,0
68829,998,20,171.0,1,1,4
68830,998,1,163.0,2,2,3
68831,998,8,116.0,3,3,0
68832,998,817,106.0,4,4,2
68833,998,4,40.0,8,8,0
68834,998,830,93.0,6,6,1
68835,998,807,42.0,7,7,0
68836,998,822,104.0,5,5,0
68837,998,838,8.0,16,16,0
68838,998,832,28.0,10,10,0
68839,998,815,24.0,12,12,0
68840,998,839,25.0,11,11,0
68841,998,844,13.0,14,14,0
68842,998,840,4.0,17,17,0
68843,998,843,1.0,19,19,0
68844,998,154,12.0,15,15,0
68845,998,825,39.0,9,9,0
68846,998,842,18.0,13,13,0
68847,998,828,3.0,18,18,0
68848,998,845,0.0,20,20,0
68849,999,20,171.0,2,2,4
68850,999,1,188.0,1,1,4
68851,999,8,131.0,3,3,0
68852,999,817,106.0,5,5,2
68853,999,4,40.0,8,8,0
68854,999,830,105.0,6,6,1
68855,999,807,52.0,7,7,0
68856,999,822,122.0,4,4,0
68857,999,838,8.0,16,16,0
68858,999,832,28.0,12,12,0
68859,999,815,30.0,10,10,0
68860,999,839,29.0,11,11,0
68861,999,844,13.0,15,15,0
68862,999,840,4.0,18,18,0
68863,999,843,2.0,19,19,0
68864,999,154,20.0,13,13,0
68865,999,825,39.0,9,9,0
68866,999,842,18.0,14,14,0
68867,999,828,5.0,17,17,0
68868,999,845,0.0,20,20,0
68869,1000,20,189.0,2,2,4
68870,1000,1,213.0,1,1,5
68871,1000,8,146.0,3,3,0
68872,1000,817,118.0,5,5,2
68873,1000,4,44.0,9,9,0
68874,1000,830,105.0,6,6,1
68875,1000,807,52.0,7,7,0
68876,1000,822,132.0,4,4,0
68877,1000,838,8.0,16,16,0
68878,1000,832,30.0,11,11,0
68879,1000,815,30.0,10,10,0
68880,1000,839,29.0,12,12,0
68881,1000,844,13.0,15,15,0
68882,1000,840,4.0,18,18,0
68883,1000,843,2.0,19,19,0
68884,1000,154,21.0,14,14,0
68885,1000,825,45.0,8,8,0
68886,1000,842,26.0,13,13,0
68887,1000,828,5.0,17,17,0
68888,1000,845,0.0,20,20,0
68889,1001,20,214.0,2,2,5
68890,1001,1,231.0,1,1,5
68891,1001,8,146.0,3,3,0
68892,1001,817,118.0,6,6,2
68893,1001,4,44.0,9,9,0
68894,1001,830,120.0,5,5,1
68895,1001,807,52.0,7,7,0
68896,1001,822,144.0,4,4,0
68897,1001,838,8.0,16,16,0
68898,1001,832,30.0,12,12,0
68899,1001,815,40.0,10,10,0
68900,1001,839,37.0,11,11,0
68901,1001,844,13.0,15,15,0
68902,1001,840,4.0,18,18,0
68903,1001,843,2.0,19,19,0
68904,1001,154,27.0,14,14,0
68905,1001,825,49.0,8,8,0
68906,1001,842,28.0,13,13,0
68907,1001,828,6.0,17,17,0
68908,1001,845,0.0,20,20,0
68963,1002,843,2.0,19,19,0
68966,1002,842,28.0,13,13,0
68958,1002,832,34.0,12,12,0
68968,1002,845,1.0,20,20,0
68956,1002,822,159.0,4,4,0
68967,1002,828,6.0,18,18,0
68952,1002,817,118.0,6,6,2
68965,1002,825,49.0,8,8,0
68964,1002,154,27.0,14,14,0
68962,1002,840,6.0,17,17,0
68960,1002,839,45.0,10,10,0
68961,1002,844,13.0,15,15,0
68959,1002,815,46.0,9,9,0
68957,1002,838,8.0,16,16,0
68955,1002,807,52.0,7,7,0
68954,1002,830,130.0,5,5,1
68953,1002,4,44.0,11,11,0
68949,1002,20,226.0,2,2,5
68950,1002,1,256.0,1,1,6
68951,1002,8,164.0,3,3,0
68969,1003,20,241.0,2,2,5
68970,1003,1,281.0,1,1,7
68971,1003,8,174.0,3,3,0
68972,1003,817,126.0,6,6,2
68973,1003,4,50.0,8,8,0
68974,1003,830,148.0,5,5,1
68975,1003,807,53.0,7,7,0
68976,1003,822,171.0,4,4,0
68977,1003,838,8.0,16,16,0
68978,1003,832,38.0,12,12,0
68979,1003,815,46.0,10,10,0
68980,1003,839,45.0,11,11,0
68981,1003,844,15.0,15,15,0
68982,1003,840,6.0,17,17,0
68983,1003,843,2.0,19,19,0
68984,1003,154,27.0,14,14,0
68985,1003,825,49.0,9,9,0
68986,1003,842,28.0,13,13,0
68987,1003,828,6.0,18,18,0
68988,1003,845,1.0,20,20,0
68989,1004,20,256.0,2,2,5
68990,1004,1,306.0,1,1,8
68991,1004,8,186.0,4,4,0
68992,1004,817,134.0,6,6,2
68993,1004,4,50.0,9,9,0
68994,1004,830,158.0,5,5,1
68995,1004,807,53.0,8,8,0
68996,1004,822,189.0,3,3,0
68997,1004,838,8.0,16,16,0
68998,1004,832,38.0,12,12,0
68999,1004,815,47.0,10,10,0
69000,1004,839,47.0,11,11,0
69001,1004,844,21.0,15,15,0
69002,1004,840,6.0,17,17,0
69003,1004,843,2.0,19,19,0
69004,1004,154,27.0,14,14,0
69005,1004,825,53.0,7,7,0
69006,1004,842,28.0,13,13,0
69007,1004,828,6.0,18,18,0
69008,1004,845,1.0,20,20,0
69009,1005,20,264.0,2,2,5
69010,1005,1,331.0,1,1,9
69011,1005,8,196.0,4,4,0
69012,1005,817,146.0,6,6,2
69013,1005,4,50.0,10,10,0
69014,1005,830,173.0,5,5,1
69015,1005,807,53.0,9,9,0
69016,1005,822,207.0,3,3,0
69017,1005,838,8.0,16,16,0
69018,1005,832,39.0,12,12,0
69019,1005,815,53.0,7,7,0
69020,1005,839,49.0,11,11,0
69021,1005,844,21.0,15,15,0
69022,1005,840,6.0,17,17,0
69023,1005,843,2.0,19,19,0
69024,1005,154,31.0,13,13,0
69025,1005,825,53.0,8,8,0
69026,1005,842,28.0,14,14,0
69027,1005,828,6.0,18,18,0
69028,1005,845,1.0,20,20,0
69067,1006,828,7.0,17,17,0
69065,1006,825,53.0,9,9,0
69063,1006,843,4.0,19,19,0
69062,1006,840,6.0,18,18,0
69060,1006,839,49.0,11,11,0
69058,1006,832,45.0,12,12,0
69056,1006,822,217.0,4,4,0
69054,1006,830,191.0,5,5,1
69052,1006,817,146.0,6,6,2
69050,1006,1,346.0,1,1,9
69066,1006,842,28.0,14,14,0
69068,1006,845,1.0,20,20,0
69055,1006,807,61.0,7,7,0
69061,1006,844,21.0,15,15,0
69064,1006,154,31.0,13,13,0
69057,1006,838,8.0,16,16,0
69053,1006,4,50.0,10,10,0
69059,1006,815,57.0,8,8,0
69051,1006,8,221.0,3,3,1
69049,1006,20,276.0,2,2,5
69069,1007,20,294.0,2,2,5
69070,1007,1,358.0,1,1,9
69071,1007,8,236.0,3,3,1
69072,1007,817,146.0,6,6,2
69073,1007,4,50.0,10,10,0
69074,1007,830,216.0,5,5,2
69075,1007,807,69.0,7,7,0
69076,1007,822,227.0,4,4,0
69077,1007,838,12.0,16,16,0
69078,1007,832,45.0,12,12,0
69079,1007,815,57.0,8,8,0
69080,1007,839,49.0,11,11,0
69081,1007,844,27.0,15,15,0
69082,1007,840,6.0,18,18,0
69083,1007,843,4.0,19,19,0
69084,1007,154,31.0,13,13,0
69085,1007,825,53.0,9,9,0
69086,1007,842,29.0,14,14,0
69087,1007,828,9.0,17,17,0
69088,1007,845,1.0,20,20,0
69089,1008,20,302.0,2,2,5
69090,1008,1,383.0,1,1,10
69091,1008,8,251.0,3,3,1
69092,1008,817,158.0,6,6,2
69093,1008,4,50.0,10,10,0
69094,1008,830,234.0,5,5,2
69095,1008,807,69.0,7,7,0
69096,1008,822,237.0,4,4,0
69097,1008,838,12.0,16,16,0
69098,1008,832,45.0,12,12,0
69099,1008,815,58.0,8,8,0
69100,1008,839,49.0,11,11,0
69101,1008,844,33.0,14,14,0
69102,1008,840,6.0,18,18,0
69103,1008,843,4.0,19,19,0
69104,1008,154,35.0,13,13,0
69105,1008,825,55.0,9,9,0
69106,1008,842,29.0,15,15,0
69107,1008,828,9.0,17,17,0
69108,1008,845,1.0,20,20,0
69109,1009,20,320.0,2,2,5
69110,1009,1,408.0,1,1,11
69111,1009,8,251.0,3,3,1
69112,1009,817,170.0,6,6,2
69113,1009,4,50.0,11,11,0
69114,1009,830,249.0,4,4,2
69115,1009,807,69.0,7,7,0
69116,1009,822,247.0,5,5,0
69117,1009,838,12.0,16,16,0
69118,1009,832,53.0,10,10,0
69119,1009,815,62.0,8,8,0
69120,1009,839,49.0,12,12,0
69121,1009,844,39.0,13,13,0
69122,1009,840,6.0,18,18,0
69123,1009,843,4.0,19,19,0
69124,1009,154,37.0,14,14,0
69125,1009,825,56.0,9,9,0
69126,1009,842,29.0,15,15,0
69127,1009,828,9.0,17,17,0
69128,1009,845,1.0,20,20,0
69768,1010,832,0.0,20,20,0
69767,1010,817,0.0,19,19,0
69766,1010,154,0.0,18,18,0
69765,1010,9,0.0,17,17,0
69764,1010,847,0.0,16,16,0
69763,1010,841,0.0,15,15,0
69762,1010,848,0.0,14,14,0
69761,1010,815,0.0,13,13,0
69760,1010,846,0.0,12,12,0
69750,1010,1,18.0,2,2,0
69230,1012,1,68.0,1,1,2
69759,1010,842,0.0,11,11,0
69758,1010,826,1.0,10,10,0
69757,1010,840,2.0,9,9,0
69756,1010,8,4.0,8,8,0
69755,1010,807,6.0,7,7,0
69754,1010,825,8.0,6,6,0
69753,1010,844,10.0,5,5,0
69752,1010,20,12.0,4,4,0
69751,1010,830,15.0,3,3,0
69749,1010,822,26.0,1,1,1
69229,1012,822,62.0,2,2,1
69227,1011,817,0.0,18,18,0
69226,1011,154,0.0,19,19,0
69224,1011,847,0.0,16,16,0
69222,1011,848,2.0,11,11,0
69219,1011,842,4.0,10,10,0
69216,1011,8,10.0,6,6,0
69211,1011,830,27.0,3,3,0
69228,1011,832,0.0,20,20,0
69223,1011,841,0.0,15,15,0
69218,1011,826,1.0,13,13,0
69225,1011,9,0.0,17,17,0
69220,1011,846,8.0,7,7,0
69215,1011,807,6.0,9,9,0
69221,1011,815,1.0,14,14,0
69217,1011,840,2.0,12,12,0
69214,1011,825,8.0,8,8,0
69213,1011,844,26.0,4,4,0
69212,1011,20,22.0,5,5,0
69210,1011,1,43.0,2,2,1
69209,1011,822,44.0,1,1,1
69231,1012,830,39.0,3,3,0
69232,1012,20,37.0,4,4,0
69233,1012,844,36.0,5,5,0
69234,1012,825,8.0,9,9,0
69235,1012,807,6.0,10,10,0
69236,1012,8,12.0,7,7,0
69237,1012,840,2.0,14,14,0
69238,1012,826,1.0,15,15,0
69239,1012,842,13.0,6,6,0
69240,1012,846,8.0,8,8,0
69241,1012,815,5.0,12,12,0
69242,1012,848,3.0,13,13,0
69243,1012,841,0.0,16,16,0
69244,1012,847,0.0,19,19,0
69245,1012,9,0.0,20,20,0
69246,1012,154,0.0,17,17,0
69247,1012,817,6.0,11,11,0
69248,1012,832,0.0,18,18,0
69249,1013,822,87.0,1,1,2
69250,1013,1,86.0,2,2,2
69251,1013,830,51.0,4,4,0
69252,1013,20,52.0,3,3,0
69253,1013,844,47.0,5,5,0
69254,1013,825,8.0,10,10,0
69255,1013,807,6.0,11,11,0
69256,1013,8,13.0,8,8,0
69257,1013,840,4.0,14,14,0
69258,1013,826,1.0,16,16,0
69259,1013,842,13.0,7,7,0
69260,1013,846,12.0,9,9,0
69261,1013,815,13.0,6,6,0
69262,1013,848,3.0,15,15,0
69263,1013,841,0.0,17,17,0
69264,1013,847,0.0,19,19,0
69265,1013,9,0.0,20,20,0
69266,1013,154,0.0,18,18,0
69267,1013,817,6.0,13,13,0
69268,1013,832,6.0,12,12,0
69308,1014,832,10.0,11,11,0
69307,1014,817,6.0,12,12,0
69306,1014,154,1.0,17,17,0
69305,1014,9,0.0,20,20,0
69303,1014,841,0.0,18,18,0
69302,1014,848,3.0,15,15,0
69299,1014,842,21.0,6,6,0
69297,1014,840,4.0,14,14,0
69296,1014,8,13.0,9,9,0
69293,1014,844,57.0,5,5,0
69291,1014,830,66.0,3,3,0
69290,1014,1,112.0,1,1,3
69301,1014,815,13.0,8,8,0
69298,1014,826,3.0,16,16,0
69300,1014,846,12.0,10,10,0
69289,1014,822,105.0,2,2,2
69304,1014,847,0.0,19,19,0
69292,1014,20,64.0,4,4,0
69295,1014,807,6.0,13,13,0
69294,1014,825,14.0,7,7,0
69309,1015,822,120.0,2,2,2
69310,1015,1,137.0,1,1,4
69311,1015,830,78.0,4,4,0
69312,1015,20,82.0,3,3,0
69313,1015,844,57.0,5,5,0
69314,1015,825,14.0,8,8,0
69315,1015,807,6.0,15,15,0
69316,1015,8,13.0,10,10,0
69317,1015,840,4.0,16,16,0
69318,1015,826,9.0,12,12,0
69319,1015,842,32.0,6,6,0
69320,1015,846,12.0,11,11,0
69321,1015,815,13.0,9,9,0
69322,1015,848,7.0,14,14,0
69323,1015,841,0.0,18,18,0
69324,1015,847,0.0,19,19,0
69325,1015,9,0.0,20,20,0
69326,1015,154,2.0,17,17,0
69327,1015,817,8.0,13,13,0
69328,1015,832,18.0,7,7,0
69329,1016,822,133.0,2,2,2
69330,1016,1,162.0,1,1,5
69331,1016,830,88.0,4,4,0
69332,1016,20,100.0,3,3,0
69333,1016,844,72.0,5,5,0
69334,1016,825,14.0,9,9,0
69335,1016,807,12.0,13,13,0
69336,1016,8,13.0,11,11,0
69337,1016,840,6.0,16,16,0
69338,1016,826,10.0,14,14,0
69339,1016,842,36.0,6,6,0
69340,1016,846,12.0,12,12,0
69341,1016,815,13.0,10,10,0
69342,1016,848,7.0,15,15,0
69343,1016,841,0.0,18,18,0
69344,1016,847,0.0,19,19,0
69345,1016,9,0.0,20,20,0
69346,1016,154,2.0,17,17,0
69347,1016,817,16.0,8,8,0
69348,1016,832,18.0,7,7,0
69424,1017,847,0.0,19,19,0
69428,1017,832,26.0,7,7,0
69416,1017,8,19.0,8,8,0
69417,1017,840,6.0,16,16,0
69409,1017,822,151.0,2,2,2
69427,1017,817,16.0,9,9,0
69426,1017,154,2.0,17,17,0
69425,1017,9,0.0,20,20,0
69423,1017,841,0.0,18,18,0
69422,1017,848,7.0,15,15,0
69421,1017,815,13.0,13,13,0
69419,1017,842,37.0,6,6,0
69420,1017,846,14.0,12,12,0
69418,1017,826,10.0,14,14,0
69414,1017,825,14.0,11,11,0
69415,1017,807,16.0,10,10,0
69413,1017,844,87.0,5,5,0
69412,1017,20,111.0,3,3,0
69411,1017,830,100.0,4,4,0
69410,1017,1,187.0,1,1,6
69429,1018,822,166.0,2,2,2
69430,1018,1,197.0,1,1,6
69431,1018,830,126.0,3,3,1
69432,1018,20,123.0,4,4,0
69433,1018,844,105.0,5,5,0
69434,1018,825,14.0,12,12,0
69435,1018,807,16.0,11,11,0
69436,1018,8,21.0,9,9,0
69437,1018,840,6.0,16,16,0
69438,1018,826,10.0,14,14,0
69439,1018,842,43.0,6,6,0
69440,1018,846,22.0,8,8,0
69441,1018,815,13.0,13,13,0
69442,1018,848,7.0,15,15,0
69443,1018,841,1.0,18,18,0
69444,1018,847,0.0,19,19,0
69445,1018,9,0.0,20,20,0
69446,1018,154,2.0,17,17,0
69447,1018,817,16.0,10,10,0
69448,1018,832,30.0,7,7,0
69449,1019,822,184.0,2,2,2
69450,1019,1,223.0,1,1,7
69451,1019,830,136.0,3,3,1
69452,1019,20,123.0,4,4,0
69453,1019,844,120.0,5,5,0
69454,1019,825,14.0,12,12,0
69455,1019,807,17.0,11,11,0
69456,1019,8,25.0,8,8,0
69457,1019,840,6.0,16,16,0
69458,1019,826,12.0,14,14,0
69459,1019,842,55.0,6,6,0
69460,1019,846,22.0,9,9,0
69461,1019,815,13.0,13,13,0
69462,1019,848,7.0,15,15,0
69463,1019,841,1.0,18,18,0
69464,1019,847,0.0,19,19,0
69465,1019,9,0.0,20,20,0
69466,1019,154,2.0,17,17,0
69467,1019,817,22.0,10,10,0
69468,1019,832,38.0,7,7,0
69508,1020,832,48.0,7,7,0
69507,1020,817,22.0,11,11,0
69506,1020,154,8.0,17,17,0
69505,1020,9,1.0,19,19,0
69501,1020,815,13.0,16,16,0
69500,1020,846,22.0,10,10,0
69499,1020,842,55.0,6,6,0
69498,1020,826,27.0,8,8,0
69497,1020,840,18.0,12,12,0
69496,1020,8,25.0,9,9,0
69490,1020,1,225.0,1,1,7
69503,1020,841,1.0,18,18,0
69489,1020,822,184.0,2,2,2
69504,1020,847,0.0,20,20,0
69502,1020,848,15.0,15,15,0
69491,1020,830,162.0,3,3,2
69492,1020,20,141.0,4,4,0
69493,1020,844,120.0,5,5,0
69494,1020,825,18.0,13,13,0
69495,1020,807,17.0,14,14,0
69509,1021,822,188.0,2,2,2
69510,1021,1,250.0,1,1,8
69511,1021,830,181.0,3,3,2
69512,1021,20,156.0,4,4,0
69513,1021,844,132.0,5,5,0
69514,1021,825,18.0,13,13,0
69515,1021,807,17.0,14,14,0
69516,1021,8,31.0,8,8,0
69517,1021,840,18.0,12,12,0
69518,1021,826,27.0,9,9,0
69519,1021,842,63.0,6,6,0
69520,1021,846,24.0,10,10,0
69521,1021,815,13.0,16,16,0
69522,1021,848,16.0,15,15,0
69523,1021,841,1.0,18,18,0
69524,1021,847,0.0,20,20,0
69525,1021,9,1.0,19,19,0
69526,1021,154,8.0,17,17,0
69527,1021,817,22.0,11,11,0
69528,1021,832,58.0,7,7,0
69529,1022,822,203.0,2,2,2
69530,1022,1,268.0,1,1,8
69531,1022,830,181.0,3,3,2
69532,1022,20,169.0,4,4,0
69533,1022,844,157.0,5,5,1
69534,1022,825,18.0,16,16,0
69535,1022,807,21.0,14,14,0
69536,1022,8,31.0,9,9,0
69537,1022,840,19.0,15,15,0
69538,1022,826,33.0,8,8,0
69539,1022,842,65.0,6,6,0
69540,1022,846,24.0,11,11,0
69541,1022,815,21.0,13,13,0
69542,1022,848,26.0,10,10,0
69543,1022,841,1.0,18,18,0
69544,1022,847,0.0,20,20,0
69545,1022,9,1.0,19,19,0
69546,1022,154,8.0,17,17,0
69547,1022,817,22.0,12,12,0
69548,1022,832,58.0,7,7,0
69549,1023,822,221.0,2,2,2
69550,1023,1,284.0,1,1,8
69551,1023,830,185.0,3,3,2
69552,1023,20,169.0,5,5,0
69553,1023,844,182.0,4,4,2
69554,1023,825,18.0,16,16,0
69555,1023,807,31.0,11,11,0
69556,1023,8,31.0,12,12,0
69557,1023,840,19.0,15,15,0
69558,1023,826,33.0,10,10,0
69559,1023,842,65.0,6,6,0
69560,1023,846,25.0,14,14,0
69561,1023,815,27.0,13,13,0
69562,1023,848,34.0,9,9,0
69563,1023,841,3.0,18,18,0
69564,1023,847,0.0,20,20,0
69565,1023,9,1.0,19,19,0
69566,1023,154,8.0,17,17,0
69567,1023,817,34.0,8,8,0
69568,1023,832,58.0,7,7,0
69569,1024,822,231.0,2,2,2
69570,1024,1,296.0,1,1,8
69571,1024,830,200.0,4,4,2
69572,1024,20,194.0,5,5,1
69573,1024,844,200.0,3,3,2
69574,1024,825,18.0,16,16,0
69575,1024,807,33.0,11,11,0
69576,1024,8,31.0,13,13,0
69577,1024,840,19.0,15,15,0
69578,1024,826,33.0,10,10,0
69579,1024,842,69.0,6,6,0
69580,1024,846,31.0,12,12,0
69581,1024,815,27.0,14,14,0
69582,1024,848,42.0,8,8,0
69583,1024,841,4.0,18,18,0
69584,1024,847,0.0,20,20,0
69585,1024,9,1.0,19,19,0
69586,1024,154,8.0,17,17,0
69587,1024,817,34.0,9,9,0
69588,1024,832,58.0,7,7,0
69589,1025,822,249.0,2,2,2
69590,1025,1,322.0,1,1,9
69591,1025,830,212.0,4,4,2
69592,1025,20,194.0,5,5,1
69593,1025,844,215.0,3,3,2
69594,1025,825,20.0,15,15,0
69595,1025,807,34.0,11,11,0
69596,1025,8,31.0,14,14,0
69597,1025,840,19.0,16,16,0
69598,1025,826,33.0,12,12,0
69599,1025,842,69.0,6,6,0
69600,1025,846,35.0,9,9,0
69601,1025,815,33.0,13,13,0
69602,1025,848,52.0,8,8,0
69603,1025,841,4.0,18,18,0
69604,1025,847,0.0,20,20,0
69605,1025,9,1.0,19,19,0
69606,1025,154,8.0,17,17,0
69607,1025,817,34.0,10,10,0
69608,1025,832,66.0,7,7,0
69668,1026,832,76.0,6,6,0
69667,1026,817,34.0,12,12,0
69666,1026,154,8.0,17,17,0
69665,1026,9,1.0,19,19,0
69664,1026,847,0.0,20,20,0
69663,1026,841,4.0,18,18,0
69662,1026,848,64.0,8,8,0
69657,1026,840,21.0,15,15,0
69656,1026,8,31.0,14,14,0
69654,1026,825,20.0,16,16,0
69652,1026,20,212.0,5,5,1
69650,1026,1,338.0,1,1,9
69649,1026,822,274.0,2,2,3
69658,1026,826,34.0,11,11,0
69651,1026,830,212.0,4,4,2
69659,1026,842,75.0,7,7,0
69660,1026,846,35.0,10,10,0
69661,1026,815,37.0,9,9,0
69653,1026,844,223.0,3,3,2
69655,1026,807,34.0,13,13,0
69688,1027,832,76.0,7,7,0
69687,1027,817,38.0,10,10,0
69686,1027,154,8.0,17,17,0
69685,1027,9,1.0,19,19,0
69684,1027,847,0.0,20,20,0
69683,1027,841,4.0,18,18,0
69682,1027,848,74.0,8,8,0
69679,1027,842,77.0,6,6,0
69677,1027,840,21.0,15,15,0
69676,1027,8,31.0,14,14,0
69674,1027,825,20.0,16,16,0
69672,1027,20,230.0,4,4,1
69670,1027,1,363.0,1,1,10
69669,1027,822,289.0,2,2,3
69678,1027,826,34.0,13,13,0
69671,1027,830,220.0,5,5,2
69680,1027,846,35.0,12,12,0
69681,1027,815,43.0,9,9,0
69673,1027,844,236.0,3,3,2
69675,1027,807,35.0,11,11,0
69689,1028,822,314.0,2,2,4
69690,1028,1,381.0,1,1,10
69691,1028,830,235.0,4,4,2
69692,1028,20,230.0,5,5,1
69693,1028,844,249.0,3,3,2
69694,1028,825,20.0,16,16,0
69695,1028,807,37.0,12,12,0
69696,1028,8,31.0,14,14,0
69697,1028,840,21.0,15,15,0
69698,1028,826,34.0,13,13,0
69699,1028,842,77.0,8,8,0
69700,1028,846,41.0,11,11,0
69701,1028,815,44.0,10,10,0
69702,1028,848,84.0,6,6,0
69703,1028,841,4.0,18,18,0
69704,1028,847,0.0,20,20,0
69705,1028,9,1.0,19,19,0
69706,1028,154,8.0,17,17,0
69707,1028,817,46.0,9,9,0
69708,1028,832,80.0,7,7,0
69709,1029,822,314.0,2,2,4
69710,1029,1,387.0,1,1,10
69711,1029,830,260.0,3,3,3
69712,1029,20,230.0,5,5,1
69713,1029,844,249.0,4,4,2
69714,1029,825,20.0,16,16,0
69715,1029,807,37.0,13,13,0
69716,1029,8,43.0,12,12,0
69717,1029,840,21.0,15,15,0
69718,1029,826,35.0,14,14,0
69719,1029,842,95.0,6,6,0
69720,1029,846,45.0,11,11,0
69721,1029,815,46.0,10,10,0
69722,1029,848,84.0,8,8,0
69723,1029,841,14.0,17,17,0
69724,1029,847,0.0,20,20,0
69725,1029,9,1.0,19,19,0
69726,1029,154,8.0,18,18,0
69727,1029,817,54.0,9,9,0
69728,1029,832,95.0,7,7,0
69729,1030,822,326.0,2,2,4
69730,1030,1,413.0,1,1,11
69731,1030,830,278.0,3,3,3
69732,1030,20,240.0,5,5,1
69733,1030,844,264.0,4,4,2
69734,1030,825,20.0,16,16,0
69735,1030,807,37.0,14,14,0
69736,1030,8,43.0,12,12,0
69737,1030,840,21.0,15,15,0
69738,1030,826,37.0,13,13,0
69739,1030,842,95.0,7,7,0
69740,1030,846,49.0,11,11,0
69741,1030,815,52.0,10,10,0
69742,1030,848,92.0,8,8,0
69743,1030,841,14.0,17,17,0
69744,1030,847,0.0,20,20,0
69745,1030,9,1.0,19,19,0
69746,1030,154,8.0,18,18,0
69747,1030,817,54.0,9,9,0
69748,1030,832,96.0,6,6,0
69888,1034,830,52.0,3,3,0
69887,1034,817,20.0,9,9,0
69886,1034,840,20.0,8,8,0
69885,1034,825,1.0,16,16,0
69884,1034,154,0.0,20,20,0
69883,1034,847,0.0,19,19,0
69882,1034,8,0.0,18,18,0
69881,1034,848,26.0,6,6,0
69880,1034,826,1.0,15,15,0
69879,1034,849,0.0,17,17,0
69878,1034,20,10.0,13,13,0
69877,1034,841,2.0,14,14,0
69876,1034,839,12.0,11,11,0
69875,1034,842,12.0,12,12,0
69874,1034,815,22.0,7,7,0
69873,1034,832,15.0,10,10,0
69872,1034,1,88.0,1,1,3
69871,1034,846,36.0,4,4,0
69870,1034,844,33.0,5,5,0
69869,1034,822,58.0,2,2,1
70016,1040,844,57.0,7,7,0
70014,1031,830,0.0,20,20,0
70012,1031,840,0.0,18,18,0
70010,1031,154,0.0,16,16,0
70008,1031,8,0.0,14,14,0
70006,1031,826,0.0,12,12,0
70015,1040,822,161.0,2,2,2
70013,1031,817,0.0,19,19,0
70011,1031,825,0.0,17,17,0
70009,1031,847,0.0,15,15,0
70007,1031,848,0.0,13,13,0
70005,1031,849,0.0,11,11,0
70004,1031,20,1.0,10,10,0
70003,1031,841,2.0,9,9,0
70002,1031,839,4.0,8,8,0
70001,1031,842,6.0,7,7,0
70000,1031,815,8.0,6,6,0
69999,1031,832,10.0,5,5,0
69998,1031,1,12.0,4,4,0
69997,1031,846,16.0,3,3,0
69996,1031,844,18.0,2,2,0
69995,1031,822,25.0,1,1,1
69809,1032,822,43.0,1,1,1
69810,1032,844,18.0,4,4,0
69811,1032,846,26.0,3,3,0
69812,1032,1,37.0,2,2,1
69813,1032,832,13.0,7,7,0
69814,1032,815,16.0,5,5,0
69815,1032,842,6.0,9,9,0
69816,1032,839,4.0,11,11,0
69817,1032,841,2.0,13,13,0
69818,1032,20,1.0,15,15,0
69819,1032,849,0.0,16,16,0
69820,1032,826,1.0,14,14,0
69821,1032,848,12.0,8,8,0
69822,1032,8,0.0,17,17,0
69823,1032,847,0.0,20,20,0
69824,1032,154,0.0,19,19,0
69825,1032,825,0.0,18,18,0
69826,1032,840,6.0,10,10,0
69827,1032,817,4.0,12,12,0
69828,1032,830,15.0,6,6,0
69868,1033,830,33.0,3,3,0
69866,1033,840,18.0,8,8,0
69864,1033,154,0.0,19,19,0
69863,1033,847,0.0,20,20,0
69861,1033,848,22.0,5,5,0
69860,1033,826,1.0,15,15,0
69858,1033,20,9.0,10,10,0
69856,1033,839,4.0,13,13,0
69854,1033,815,22.0,6,6,0
69852,1033,1,63.0,1,1,2
69850,1033,844,18.0,7,7,0
69849,1033,822,58.0,2,2,1
69853,1033,832,15.0,9,9,0
69865,1033,825,1.0,16,16,0
69851,1033,846,26.0,4,4,0
69867,1033,817,8.0,11,11,0
69855,1033,842,6.0,12,12,0
69862,1033,8,0.0,17,17,0
69859,1033,849,0.0,18,18,0
69857,1033,841,2.0,14,14,0
69889,1034,807,0.0,21,21,0
69890,1035,822,73.0,3,3,1
69891,1035,844,45.0,4,4,0
69892,1035,846,38.0,5,5,0
69893,1035,1,107.0,1,1,3
69894,1035,832,15.0,11,11,0
69895,1035,815,22.0,8,8,0
69896,1035,842,12.0,12,12,0
69897,1035,839,16.0,10,10,0
69898,1035,841,2.0,15,15,0
69899,1035,20,10.0,13,13,0
69900,1035,849,0.0,19,19,0
69901,1035,826,2.0,16,16,0
69902,1035,848,36.0,6,6,0
69903,1035,8,0.0,18,18,0
69904,1035,847,0.0,20,20,0
69905,1035,154,0.0,21,21,0
69906,1035,825,1.0,17,17,0
69907,1035,840,28.0,7,7,0
69908,1035,817,20.0,9,9,0
69909,1035,830,77.0,2,2,1
69910,1035,807,6.0,14,14,0
69911,1036,822,89.0,3,3,1
69912,1036,844,45.0,4,4,0
69913,1036,846,39.0,7,7,0
69914,1036,1,132.0,1,1,4
69915,1036,832,23.0,9,9,0
69916,1036,815,32.0,8,8,0
69917,1036,842,14.0,13,13,0
69918,1036,839,16.0,12,12,0
69919,1036,841,2.0,15,15,0
69920,1036,20,16.0,11,11,0
69921,1036,849,0.0,19,19,0
69922,1036,826,2.0,16,16,0
69923,1036,848,40.0,6,6,0
69924,1036,8,0.0,18,18,0
69925,1036,847,0.0,20,20,0
69926,1036,154,0.0,21,21,0
69927,1036,825,1.0,17,17,0
69928,1036,840,40.0,5,5,0
69929,1036,817,20.0,10,10,0
69930,1036,830,95.0,2,2,1
69931,1036,807,6.0,14,14,0
69932,1037,822,107.0,3,3,1
69933,1037,844,45.0,5,5,0
69934,1037,846,45.0,6,6,0
69935,1037,1,157.0,1,1,5
69936,1037,832,23.0,11,11,0
69937,1037,815,33.0,9,9,0
69938,1037,842,18.0,12,12,0
69939,1037,839,26.0,10,10,0
69940,1037,841,2.0,15,15,0
69941,1037,20,16.0,13,13,0
69942,1037,849,0.0,19,19,0
69943,1037,826,2.0,16,16,0
69944,1037,848,48.0,4,4,0
69945,1037,8,0.0,18,18,0
69946,1037,847,0.0,20,20,0
69947,1037,154,0.0,21,21,0
69948,1037,825,1.0,17,17,0
69949,1037,840,42.0,7,7,0
69950,1037,817,33.0,8,8,0
69951,1037,830,110.0,2,2,1
69952,1037,807,6.0,14,14,0
69953,1038,822,117.0,2,2,1
69954,1038,844,45.0,7,7,0
69955,1038,846,57.0,5,5,0
69956,1038,1,164.0,1,1,5
69957,1038,832,41.0,9,9,0
69958,1038,815,34.0,11,11,0
69959,1038,842,43.0,8,8,1
69960,1038,839,30.0,12,12,0
69961,1038,841,2.0,16,16,0
69962,1038,20,16.0,13,13,0
69963,1038,849,0.0,18,18,0
69964,1038,826,4.0,15,15,0
69965,1038,848,48.0,6,6,0
69966,1038,8,0.0,19,19,0
69967,1038,847,0.0,21,21,0
69968,1038,154,0.0,20,20,0
69969,1038,825,1.0,17,17,0
69970,1038,840,57.0,4,4,0
69971,1038,817,41.0,10,10,0
69972,1038,830,110.0,3,3,1
69973,1038,807,6.0,14,14,0
69974,1039,822,135.0,2,2,1
69975,1039,844,49.0,8,8,0
69976,1039,846,65.0,4,4,0
69977,1039,1,190.0,1,1,6
69978,1039,832,41.0,11,11,0
69979,1039,815,44.0,9,9,0
69980,1039,842,43.0,10,10,1
69981,1039,839,30.0,12,12,0
69982,1039,841,2.0,17,17,0
69983,1039,20,17.0,13,13,0
69984,1039,849,0.0,19,19,0
69985,1039,826,10.0,14,14,0
69986,1039,848,63.0,5,5,0
69987,1039,8,2.0,16,16,0
69988,1039,847,0.0,20,20,0
69989,1039,154,0.0,21,21,0
69990,1039,825,1.0,18,18,0
69991,1039,840,57.0,6,6,0
69992,1039,817,53.0,7,7,0
69993,1039,830,110.0,3,3,1
69994,1039,807,6.0,15,15,0
70017,1040,846,65.0,4,4,0
70018,1040,1,205.0,1,1,6
70019,1040,832,41.0,11,11,0
70020,1040,815,56.0,9,9,0
70021,1040,842,45.0,10,10,1
70022,1040,839,36.0,12,12,0
70023,1040,841,2.0,17,17,0
70024,1040,20,17.0,13,13,0
70025,1040,849,0.0,19,19,0
70026,1040,826,14.0,14,14,0
70027,1040,848,64.0,5,5,0
70028,1040,8,2.0,16,16,0
70029,1040,847,0.0,20,20,0
70030,1040,154,0.0,21,21,0
70031,1040,825,1.0,18,18,0
70032,1040,840,57.0,8,8,0
70033,1040,817,63.0,6,6,0
70034,1040,830,128.0,3,3,1
70035,1040,807,6.0,15,15,0
70036,1041,822,161.0,2,2,2
70037,1041,844,63.0,8,8,0
70038,1041,846,65.0,6,6,0
70039,1041,1,230.0,1,1,7
70040,1041,832,51.0,11,11,0
70041,1041,815,68.0,5,5,0
70042,1041,842,53.0,10,10,1
70043,1041,839,36.0,12,12,0
70044,1041,841,3.0,16,16,0
70045,1041,20,17.0,13,13,0
70046,1041,849,0.0,20,20,0
70047,1041,826,14.0,14,14,0
70048,1041,848,64.0,7,7,0
70049,1041,8,2.0,17,17,0
70050,1041,847,0.0,21,21,0
70051,1041,154,2.0,18,18,0
70052,1041,825,1.0,19,19,0
70053,1041,840,57.0,9,9,0
70054,1041,817,78.0,4,4,0
70055,1041,830,147.0,3,3,1
70056,1041,807,10.0,15,15,0
70057,1042,822,179.0,2,2,2
70058,1042,844,75.0,5,5,0
70059,1042,846,65.0,7,7,0
70060,1042,1,256.0,1,1,8
70061,1042,832,59.0,10,10,0
70062,1042,815,74.0,6,6,0
70063,1042,842,63.0,9,9,1
70064,1042,839,40.0,12,12,0
70065,1042,841,3.0,16,16,0
70066,1042,20,18.0,13,13,0
70067,1042,849,0.0,20,20,0
70068,1042,826,14.0,14,14,0
70069,1042,848,64.0,8,8,0
70070,1042,8,2.0,17,17,0
70071,1042,847,0.0,21,21,0
70072,1042,154,2.0,18,18,0
70073,1042,825,1.0,19,19,0
70074,1042,840,57.0,11,11,0
70075,1042,817,80.0,4,4,0
70076,1042,830,162.0,3,3,1
70077,1042,807,10.0,15,15,0
70078,1043,822,197.0,2,2,2
70079,1043,844,85.0,5,5,0
70080,1043,846,69.0,7,7,0
70081,1043,1,282.0,1,1,9
70082,1043,832,65.0,8,8,0
70083,1043,815,82.0,6,6,0
70084,1043,842,63.0,10,10,1
70085,1043,839,40.0,12,12,0
70086,1043,841,4.0,17,17,0
70087,1043,20,18.0,14,14,0
70088,1043,849,0.0,20,20,0
70089,1043,826,26.0,13,13,0
70090,1043,848,64.0,9,9,0
70091,1043,8,4.0,16,16,0
70092,1043,847,0.0,21,21,0
70093,1043,154,2.0,18,18,0
70094,1043,825,1.0,19,19,0
70095,1043,840,57.0,11,11,0
70096,1043,817,95.0,4,4,0
70097,1043,830,162.0,3,3,1
70098,1043,807,10.0,15,15,0
70099,1044,822,197.0,2,2,2
70100,1044,844,97.0,5,5,0
70101,1044,846,74.0,8,8,0
70102,1044,1,307.0,1,1,10
70103,1044,832,75.0,7,7,0
70104,1044,815,100.0,4,4,0
70105,1044,842,63.0,10,10,1
70106,1044,839,40.0,12,12,0
70107,1044,841,4.0,17,17,0
70108,1044,20,33.0,13,13,0
70109,1044,849,0.0,20,20,0
70110,1044,826,26.0,14,14,0
70111,1044,848,70.0,9,9,0
70112,1044,8,4.0,16,16,0
70113,1044,847,0.0,21,21,0
70114,1044,154,2.0,18,18,0
70115,1044,825,1.0,19,19,0
70116,1044,840,59.0,11,11,0
70117,1044,817,96.0,6,6,0
70118,1044,830,170.0,3,3,1
70119,1044,807,10.0,15,15,0
70120,1045,822,201.0,2,2,2
70121,1045,844,98.0,6,6,0
70122,1045,846,86.0,7,7,0
70123,1045,1,332.0,1,1,11
70124,1045,832,85.0,8,8,0
70125,1045,815,100.0,5,5,0
70126,1045,842,71.0,10,10,1
70127,1045,839,42.0,12,12,0
70128,1045,841,4.0,17,17,0
70129,1045,20,33.0,13,13,0
70130,1045,849,0.0,20,20,0
70131,1045,826,26.0,14,14,0
70132,1045,848,85.0,9,9,0
70133,1045,8,4.0,16,16,0
70134,1045,847,0.0,21,21,0
70135,1045,154,2.0,18,18,0
70136,1045,825,1.0,19,19,0
70137,1045,840,59.0,11,11,0
70138,1045,817,102.0,4,4,0
70139,1045,830,189.0,3,3,1
70140,1045,807,10.0,15,15,0
70141,1046,822,205.0,2,2,2
70142,1046,844,98.0,6,6,0
70143,1046,846,87.0,9,9,0
70144,1046,1,332.0,1,1,11
70145,1046,832,97.0,7,7,0
70146,1046,815,125.0,4,4,1
70147,1046,842,71.0,11,11,1
70148,1046,839,60.0,12,12,0
70149,1046,841,4.0,17,17,0
70150,1046,20,33.0,13,13,0
70151,1046,849,0.0,21,21,0
70152,1046,826,32.0,14,14,0
70153,1046,848,93.0,8,8,0
70154,1046,8,4.0,16,16,0
70155,1046,847,3.0,18,18,0
70156,1046,154,2.0,19,19,0
70157,1046,825,1.0,20,20,0
70158,1046,840,74.0,10,10,0
70159,1046,817,112.0,5,5,0
70160,1046,830,189.0,3,3,1
70161,1046,807,10.0,15,15,0
70162,1046,851,0.0,22,22,0
70163,1046,850,0.0,23,23,0
70208,1047,851,0.0,22,22,0
70207,1047,807,10.0,15,15,0
70206,1047,830,214.0,3,3,2
70205,1047,817,119.0,5,5,0
70203,1047,825,1.0,20,20,0
70201,1047,847,3.0,18,18,0
70198,1047,826,32.0,14,14,0
70196,1047,20,33.0,13,13,0
70194,1047,839,62.0,12,12,0
70192,1047,815,125.0,4,4,1
70190,1047,1,347.0,1,1,11
70191,1047,832,105.0,6,6,0
70193,1047,842,75.0,10,10,1
70202,1047,154,2.0,19,19,0
70209,1047,850,0.0,23,23,0
70195,1047,841,4.0,17,17,0
70204,1047,840,75.0,11,11,0
70189,1047,846,97.0,9,9,0
70200,1047,8,4.0,16,16,0
70199,1047,848,105.0,7,7,0
70197,1047,849,0.0,21,21,0
70188,1047,844,98.0,8,8,0
70187,1047,822,223.0,2,2,2
70718,1051,9,0.0,20,20,0
70717,1051,853,0.0,21,21,0
70716,1051,4,77.0,10,10,0
70715,1051,849,7.0,17,17,0
70714,1051,842,92.0,9,9,0
70713,1051,854,0.0,19,19,0
70712,1051,20,43.0,12,12,0
70711,1051,847,16.0,15,15,0
70710,1051,839,60.0,11,11,1
70709,1051,841,1.0,18,18,0
70708,1051,8,10.0,16,16,0
70707,1051,840,34.0,13,13,0
70706,1051,852,20.0,14,14,0
70705,1051,832,145.5,7,7,0
70704,1051,817,105.0,8,8,1
70703,1051,844,152.0,6,6,0
70702,1051,815,190.0,4,4,1
70701,1051,846,153.0,5,5,0
70700,1051,822,203.0,3,3,1
70699,1051,830,351.5,1,1,9
70698,1051,1,343.5,2,2,7
70231,1052,1,25.0,1,1,1
70232,1052,830,18.0,2,2,0
70233,1052,822,16.0,3,3,0
70234,1052,846,12.0,4,4,0
70235,1052,815,10.0,5,5,0
70236,1052,844,8.0,6,6,0
70237,1052,817,6.0,7,7,0
70238,1052,832,4.0,8,8,0
70239,1052,852,2.0,9,9,0
70240,1052,840,1.0,10,10,0
70241,1052,8,0.0,11,11,0
70242,1052,841,0.0,12,12,0
70243,1052,839,0.0,13,13,0
70244,1052,847,0.0,14,14,0
70245,1052,20,0.0,15,15,0
70246,1052,854,0.0,16,16,0
70247,1052,842,0.0,17,17,0
70248,1052,849,0.0,18,18,0
70249,1052,4,0.0,19,19,0
70250,1052,853,0.0,20,20,0
70300,1053,840,5.0,10,10,0
70295,1053,815,10.0,8,8,0
70310,1053,853,0.0,19,19,0
70309,1053,4,1.0,13,13,0
70308,1053,849,0.0,20,20,0
70307,1053,842,6.0,9,9,0
70298,1053,832,14.0,6,6,0
70296,1053,844,20.0,4,4,0
70292,1053,830,43.0,2,2,1
70305,1053,20,0.0,17,17,0
70304,1053,847,0.0,16,16,0
70306,1053,854,0.0,18,18,0
70303,1053,839,2.0,12,12,0
70302,1053,841,0.0,15,15,0
70301,1053,8,0.0,14,14,0
70299,1053,852,2.0,11,11,0
70297,1053,817,14.0,7,7,0
70294,1053,846,27.0,3,3,0
70293,1053,822,16.0,5,5,0
70291,1053,1,44.0,1,1,1
70311,1054,1,69.0,1,1,2
70312,1054,830,61.0,2,2,1
70313,1054,822,32.0,4,4,0
70314,1054,846,37.0,3,3,0
70315,1054,815,22.0,6,6,0
70316,1054,844,28.0,5,5,0
70317,1054,817,16.0,7,7,0
70318,1054,832,14.0,8,8,0
70319,1054,852,2.0,13,13,0
70320,1054,840,5.0,11,11,0
70321,1054,8,0.0,14,14,0
70322,1054,841,0.0,15,15,0
70323,1054,839,8.0,9,9,0
70324,1054,847,0.0,17,17,0
70325,1054,20,0.0,16,16,0
70326,1054,854,0.0,18,18,0
70327,1054,842,7.0,10,10,0
70328,1054,849,0.0,20,20,0
70329,1054,4,5.0,12,12,0
70330,1054,853,0.0,19,19,0
70331,1055,1,94.0,1,1,3
70332,1055,830,80.0,2,2,1
70333,1055,822,47.0,3,3,0
70334,1055,846,41.0,4,4,0
70335,1055,815,32.0,6,6,0
70336,1055,844,40.0,5,5,0
70337,1055,817,24.0,7,7,0
70338,1055,832,20.0,8,8,0
70339,1055,852,2.0,13,13,0
70340,1055,840,5.0,11,11,0
70341,1055,8,0.0,14,14,0
70342,1055,841,0.0,15,15,0
70343,1055,839,10.0,9,9,0
70344,1055,847,0.0,17,17,0
70345,1055,20,0.0,16,16,0
70346,1055,854,0.0,18,18,0
70347,1055,842,8.0,10,10,0
70348,1055,849,0.0,19,19,0
70349,1055,4,5.0,12,12,0
70350,1055,853,0.0,20,20,0
70351,1056,1,101.0,2,2,3
70352,1056,830,105.0,1,1,2
70353,1056,822,47.0,4,4,0
70354,1056,846,56.0,3,3,0
70355,1056,815,44.0,5,5,0
70356,1056,844,40.0,6,6,0
70357,1056,817,24.0,8,8,0
70358,1056,832,38.0,7,7,0
70359,1056,852,2.0,14,14,0
70360,1056,840,9.0,12,12,0
70361,1056,8,0.0,16,16,0
70362,1056,841,1.0,15,15,0
70363,1056,839,12.0,10,10,0
70364,1056,847,0.0,17,17,0
70365,1056,20,10.0,11,11,0
70366,1056,854,0.0,19,19,0
70367,1056,842,16.0,9,9,0
70368,1056,849,0.0,18,18,0
70369,1056,4,5.0,13,13,0
70370,1056,853,0.0,20,20,0
70371,1057,1,101.0,2,2,3
70372,1057,830,105.0,1,1,2
70373,1057,822,47.0,6,6,0
70374,1057,846,66.0,4,4,0
70375,1057,815,69.0,3,3,1
70376,1057,844,52.0,5,5,0
70377,1057,817,26.0,10,10,0
70378,1057,832,42.0,7,7,0
70379,1057,852,8.0,14,14,0
70380,1057,840,9.0,13,13,0
70381,1057,8,1.0,15,15,0
70382,1057,841,1.0,16,16,0
70383,1057,839,12.0,12,12,0
70384,1057,847,0.0,18,18,0
70385,1057,20,28.0,9,9,0
70386,1057,854,0.0,17,17,0
70387,1057,842,31.0,8,8,0
70388,1057,849,0.0,20,20,0
70389,1057,4,13.0,11,11,0
70390,1057,853,0.0,19,19,0
70391,1059,1,119.0,2,2,3
70392,1059,830,131.0,1,1,3
70393,1059,822,59.0,5,5,0
70394,1059,846,76.0,4,4,0
70395,1059,815,84.0,3,3,1
70396,1059,844,52.0,6,6,0
70397,1059,817,34.0,9,9,0
70398,1059,832,42.0,7,7,0
70399,1059,852,8.0,14,14,0
70400,1059,840,10.0,13,13,0
70401,1059,8,1.0,15,15,0
70402,1059,841,1.0,16,16,0
70403,1059,839,12.0,12,12,0
70404,1059,847,0.0,17,17,0
70405,1059,20,30.0,10,10,0
70406,1059,854,0.0,18,18,0
70407,1059,842,37.0,8,8,0
70408,1059,849,0.0,20,20,0
70409,1059,4,17.0,11,11,0
70410,1059,853,0.0,19,19,0
70411,1058,1,138.0,2,2,3
70412,1058,830,156.0,1,1,4
70413,1058,822,74.0,5,5,0
70414,1058,846,86.0,4,4,0
70415,1058,815,96.0,3,3,1
70416,1058,844,58.0,6,6,0
70417,1058,817,34.0,9,9,0
70418,1058,832,50.0,7,7,0
70419,1058,852,9.0,14,14,0
70420,1058,840,14.0,12,12,0
70421,1058,8,1.0,15,15,0
70422,1058,841,1.0,16,16,0
70423,1058,839,12.0,13,13,0
70424,1058,847,0.0,17,17,0
70425,1058,20,30.0,10,10,0
70426,1058,854,0.0,18,18,0
70427,1058,842,37.0,8,8,0
70428,1058,849,0.0,20,20,0
70429,1058,4,19.0,11,11,0
70430,1058,853,0.0,19,19,0
70468,1060,849,0.0,20,20,0
70467,1060,842,39.0,9,9,0
70465,1060,20,30.0,10,10,0
70464,1060,847,0.0,17,17,0
70461,1060,8,1.0,15,15,0
70458,1060,832,60.0,7,7,0
70456,1060,844,62.0,6,6,0
70455,1060,815,104.0,3,3,1
70454,1060,846,101.0,4,4,0
70452,1060,830,182.0,1,1,5
70470,1060,853,0.0,19,19,0
70469,1060,4,20.0,11,11,0
70466,1060,854,0.0,18,18,0
70453,1060,822,92.0,5,5,0
70460,1060,840,14.0,12,12,0
70463,1060,839,12.0,13,13,0
70462,1060,841,1.0,16,16,0
70459,1060,852,9.0,14,14,0
70457,1060,817,40.0,8,8,0
70451,1060,1,150.0,2,2,3
70471,1061,1,177.0,2,2,4
70472,1061,830,185.0,1,1,5
70473,1061,822,108.0,4,4,0
70474,1061,846,113.0,3,3,0
70475,1061,815,104.0,5,5,1
70476,1061,844,80.0,6,6,0
70477,1061,817,50.0,8,8,0
70478,1061,832,68.0,7,7,0
70479,1061,852,10.0,14,14,0
70480,1061,840,18.0,12,12,0
70481,1061,8,1.0,15,15,0
70482,1061,841,1.0,16,16,0
70483,1061,839,14.0,13,13,0
70484,1061,847,0.0,17,17,0
70485,1061,20,30.0,10,10,0
70486,1061,854,0.0,18,18,0
70487,1061,842,39.0,9,9,0
70488,1061,849,0.0,19,19,0
70489,1061,4,26.0,11,11,0
70490,1061,853,0.0,20,20,0
70528,1062,849,6.0,15,15,0
70527,1062,842,50.0,8,8,0
70525,1062,20,30.0,12,12,0
70524,1062,847,4.0,16,16,0
70523,1062,839,39.0,10,10,1
70521,1062,8,2.0,17,17,0
70520,1062,840,18.0,14,14,0
70517,1062,817,50.0,9,9,0
70515,1062,815,104.0,5,5,1
70513,1062,822,108.0,4,4,0
70530,1062,853,0.0,20,20,0
70529,1062,4,38.0,11,11,0
70526,1062,854,0.0,19,19,0
70519,1062,852,18.0,13,13,0
70516,1062,844,80.0,7,7,0
70512,1062,830,187.0,2,2,5
70514,1062,846,113.0,3,3,0
70522,1062,841,1.0,18,18,0
70518,1062,832,83.0,6,6,0
70511,1062,1,195.0,1,1,4
70531,1063,1,202.5,1,1,4
70532,1063,830,199.5,2,2,6
70533,1063,822,108.0,4,4,0
70534,1063,846,113.0,3,3,0
70535,1063,815,104.0,5,5,1
70536,1063,844,82.0,7,7,0
70537,1063,817,56.0,8,8,0
70538,1063,832,83.5,6,6,0
70539,1063,852,18.0,13,13,0
70540,1063,840,18.0,14,14,0
70541,1063,8,2.0,17,17,0
70542,1063,841,1.0,18,18,0
70543,1063,839,42.0,10,10,1
70544,1063,847,13.0,15,15,0
70545,1063,20,35.0,12,12,0
70546,1063,854,0.0,19,19,0
70547,1063,842,54.0,9,9,0
70548,1063,849,7.0,16,16,0
70549,1063,4,38.0,11,11,0
70550,1063,853,0.0,20,20,0
70551,1064,1,221.5,2,2,4
70552,1064,830,224.5,1,1,7
70553,1064,822,123.0,3,3,0
70554,1064,846,114.0,4,4,0
70555,1064,815,108.0,5,5,1
70556,1064,844,92.0,6,6,0
70557,1064,817,56.0,9,9,0
70558,1064,832,89.5,7,7,0
70559,1064,852,18.0,13,13,0
70560,1064,840,18.0,14,14,0
70561,1064,8,2.0,17,17,0
70562,1064,841,1.0,18,18,0
70563,1064,839,44.0,11,11,1
70564,1064,847,13.0,15,15,0
70565,1064,20,35.0,12,12,0
70566,1064,854,0.0,19,19,0
70567,1064,842,66.0,8,8,0
70568,1064,849,7.0,16,16,0
70569,1064,4,46.0,10,10,0
70570,1064,853,0.0,20,20,0
70571,1064,9,0.0,21,21,0
70572,1065,1,221.5,2,2,4
70573,1065,830,226.5,1,1,7
70574,1065,822,141.0,3,3,0
70575,1065,846,132.0,4,4,0
70576,1065,815,118.0,5,5,1
70577,1065,844,104.0,6,6,0
70578,1065,817,83.0,8,8,1
70579,1065,832,97.5,7,7,0
70580,1065,852,18.0,14,14,0
70581,1065,840,24.0,13,13,0
70582,1065,8,2.0,17,17,0
70583,1065,841,1.0,18,18,0
70584,1065,839,45.0,11,11,1
70585,1065,847,15.0,15,15,0
70586,1065,20,35.0,12,12,0
70587,1065,854,0.0,19,19,0
70588,1065,842,66.0,9,9,0
70589,1065,849,7.0,16,16,0
70590,1065,4,50.0,10,10,0
70591,1065,853,0.0,21,21,0
70592,1065,9,0.0,20,20,0
70593,1066,1,246.5,1,1,5
70594,1066,830,244.5,2,2,7
70595,1066,822,151.0,3,3,0
70596,1066,846,139.0,4,4,0
70597,1066,815,120.0,5,5,1
70598,1066,844,104.0,7,7,0
70599,1066,817,95.0,8,8,1
70600,1066,832,112.5,6,6,0
70601,1066,852,18.0,14,14,0
70602,1066,840,24.0,13,13,0
70603,1066,8,6.0,17,17,0
70604,1066,841,1.0,18,18,0
70605,1066,839,45.0,11,11,1
70606,1066,847,16.0,15,15,0
70607,1066,20,35.0,12,12,0
70608,1066,854,0.0,19,19,0
70609,1066,842,66.0,9,9,0
70610,1066,849,7.0,16,16,0
70611,1066,4,58.0,10,10,0
70612,1066,853,0.0,21,21,0
70613,1066,9,0.0,20,20,0
70614,1067,1,256.5,2,2,5
70615,1067,830,262.5,1,1,7
70616,1067,822,177.0,3,3,1
70617,1067,846,145.0,4,4,0
70618,1067,815,135.0,5,5,1
70619,1067,844,116.0,7,7,0
70620,1067,817,95.0,8,8,1
70621,1067,832,116.5,6,6,0
70622,1067,852,18.0,14,14,0
70623,1067,840,26.0,13,13,0
70624,1067,8,6.0,17,17,0
70625,1067,841,1.0,18,18,0
70626,1067,839,46.0,11,11,1
70627,1067,847,16.0,15,15,0
70628,1067,20,35.0,12,12,0
70629,1067,854,0.0,19,19,0
70630,1067,842,74.0,9,9,0
70631,1067,849,7.0,16,16,0
70632,1067,4,58.0,10,10,0
70633,1067,853,0.0,21,21,0
70634,1067,9,0.0,20,20,0
70635,1069,1,275.5,2,2,5
70636,1069,830,287.5,1,1,8
70637,1069,822,185.0,3,3,1
70638,1069,846,149.0,5,5,0
70639,1069,815,150.0,4,4,1
70640,1069,844,128.0,6,6,0
70641,1069,817,105.0,8,8,1
70642,1069,832,122.5,7,7,0
70643,1069,852,20.0,14,14,0
70644,1069,840,26.0,13,13,0
70645,1069,8,6.0,17,17,0
70646,1069,841,1.0,18,18,0
70647,1069,839,46.0,11,11,1
70648,1069,847,16.0,15,15,0
70649,1069,20,36.0,12,12,0
70650,1069,854,0.0,19,19,0
70651,1069,842,74.0,9,9,0
70652,1069,849,7.0,16,16,0
70653,1069,4,58.0,10,10,0
70654,1069,853,0.0,21,21,0
70655,1069,9,0.0,20,20,0
70656,1070,1,293.5,2,2,5
70657,1070,830,312.5,1,1,9
70658,1070,822,185.0,3,3,1
70659,1070,846,150.0,5,5,0
70660,1070,815,165.0,4,4,1
70661,1070,844,138.0,6,6,0
70662,1070,817,105.0,8,8,1
70663,1070,832,130.5,7,7,0
70664,1070,852,20.0,14,14,0
70665,1070,840,26.0,13,13,0
70666,1070,8,10.0,16,16,0
70667,1070,841,1.0,18,18,0
70668,1070,839,46.0,11,11,1
70669,1070,847,16.0,15,15,0
70670,1070,20,42.0,12,12,0
70671,1070,854,0.0,19,19,0
70672,1070,842,86.0,9,9,0
70673,1070,849,7.0,17,17,0
70674,1070,4,60.0,10,10,0
70675,1070,853,0.0,21,21,0
70676,1070,9,0.0,20,20,0
70677,1071,1,318.5,2,2,6
70678,1071,830,332.5,1,1,9
70679,1071,822,203.0,3,3,1
70680,1071,846,151.0,5,5,0
70681,1071,815,178.0,4,4,1
70682,1071,844,148.0,6,6,0
70683,1071,817,105.0,8,8,1
70684,1071,832,139.5,7,7,0
70685,1071,852,20.0,14,14,0
70686,1071,840,26.0,13,13,0
70687,1071,8,10.0,16,16,0
70688,1071,841,1.0,18,18,0
70689,1071,839,50.0,11,11,1
70690,1071,847,16.0,15,15,0
70691,1071,20,42.0,12,12,0
70692,1071,854,0.0,19,19,0
70693,1071,842,92.0,9,9,0
70694,1071,849,7.0,17,17,0
70695,1071,4,62.0,10,10,0
70696,1071,853,0.0,21,21,0
70697,1071,9,0.0,20,20,0
70719,1072,1,369.5,2,2,8
70720,1072,830,369.5,1,1,9
70721,1072,822,218.0,3,3,1
70722,1072,846,154.0,6,6,0
70723,1072,815,190.0,4,4,1
70724,1072,844,158.0,5,5,0
70725,1072,817,115.0,8,8,1
70726,1072,832,149.5,7,7,0
70727,1072,852,20.0,14,14,0
70728,1072,840,34.0,13,13,0
70729,1072,8,10.0,16,16,0
70730,1072,841,3.0,18,18,0
70731,1072,839,72.0,11,11,1
70732,1072,847,16.0,15,15,0
70733,1072,20,43.0,12,12,0
70734,1072,854,0.0,19,19,0
70735,1072,842,100.0,9,9,0
70736,1072,849,7.0,17,17,0
70737,1072,4,77.0,10,10,0
70738,1072,853,0.0,21,21,0
70739,1072,9,0.0,20,20,0
70740,1073,1,387.5,2,2,8
70741,1073,830,395.5,1,1,10
70742,1073,822,226.0,3,3,1
70743,1073,846,160.0,6,6,0
70744,1073,815,190.0,4,4,1
70745,1073,844,159.0,7,7,0
70746,1073,817,115.0,8,8,1
70747,1073,832,164.5,5,5,0
70748,1073,852,32.0,14,14,0
70749,1073,840,34.0,13,13,0
70750,1073,8,10.0,16,16,0
70751,1073,841,3.0,18,18,0
70752,1073,839,74.0,11,11,1
70753,1073,847,16.0,15,15,0
70754,1073,20,43.0,12,12,0
70755,1073,854,0.0,19,19,0
70756,1073,842,110.0,9,9,0
70757,1073,849,7.0,17,17,0
70758,1073,4,81.0,10,10,0
70759,1073,853,0.0,21,21,0
70760,1073,9,0.0,20,20,0
71395,1074,842,0.0,20,20,0
71394,1074,830,0.0,19,19,0
71393,1074,815,0.0,18,18,0
71392,1074,807,0.0,17,17,0
71391,1074,849,0.0,16,16,0
71390,1074,846,0.0,15,15,0
71389,1074,817,0.0,14,14,0
71388,1074,848,0.0,13,13,0
71387,1074,840,0.0,12,12,0
71386,1074,854,0.0,11,11,0
71385,1074,855,1.0,10,10,0
71384,1074,4,2.0,9,9,0
71383,1074,852,4.0,8,8,0
71382,1074,839,6.0,7,7,0
71381,1074,822,8.0,6,6,0
70796,71,33,0.0,14,14,0
70797,71,40,0.0,15,15,0
70798,71,30,0.0,18,18,0
70799,71,2,0.0,19,19,0
70800,71,27,0.0,20,20,0
70819,72,2,6.0,7,7,0
70820,72,27,0.0,17,17,0
70821,72,19,0.0,21,21,0
70841,73,27,0.0,19,19,0
70842,73,19,0.0,22,22,0
70843,73,37,4.0,11,11,0
70865,74,37,4.0,14,14,0
70866,74,25,6.0,12,12,0
70867,74,24,1.0,17,17,0
70913,76,37,4.0,14,14,0
70914,76,25,6.0,12,12,0
70915,76,24,1.0,17,17,0
70939,77,24,1.0,17,17,0
70963,78,24,1.0,17,17,0
70987,79,24,1.0,21,21,0
70988,79,41,0.0,24,24,0
71012,80,24,1.0,22,22,0
71013,80,41,0.0,24,24,0
71037,81,24,1.0,22,22,0
71038,81,41,0.0,24,24,0
71063,82,41,0.0,25,25,0
71064,82,38,0.0,24,24,0
71089,83,41,0.0,25,25,0
71090,83,38,0.0,24,24,0
71115,84,41,0.0,25,25,0
71116,84,38,0.0,24,24,0
71142,85,38,0.0,25,25,0
71143,85,42,2.0,22,22,0
71169,86,38,0.0,25,25,0
71170,86,42,2.0,22,22,0
71196,87,38,0.0,25,25,0
71197,87,42,2.0,22,22,0
71223,88,38,0.0,25,25,0
71224,88,42,2.0,22,22,0
71250,89,38,0.0,25,25,0
71251,89,42,2.0,22,22,0
71376,1074,844,26.0,1,1,1
71377,1074,832,18.0,2,2,0
71378,1074,1,15.0,3,3,0
71379,1074,847,12.0,4,4,0
71380,1074,825,10.0,5,5,0
71272,1075,844,45.0,1,1,1
71273,1075,832,33.0,2,2,0
71274,1075,1,16.0,5,5,0
71275,1075,847,22.0,4,4,0
71276,1075,825,12.0,8,8,0
71277,1075,822,8.0,9,9,0
71278,1075,839,14.0,6,6,0
71279,1075,852,4.0,11,11,0
71280,1075,4,2.0,13,13,0
71281,1075,855,1.0,14,14,0
71282,1075,854,0.0,15,15,0
71283,1075,840,0.0,16,16,0
71284,1075,848,0.0,18,18,0
71285,1075,817,0.0,19,19,0
71286,1075,846,6.0,10,10,0
71287,1075,849,0.0,20,20,0
71288,1075,807,0.0,17,17,0
71289,1075,815,12.0,7,7,0
71290,1075,830,25.0,3,3,1
71291,1075,842,4.0,12,12,0
71292,1076,844,71.0,1,1,2
71293,1076,832,33.0,3,3,0
71294,1076,1,28.0,5,5,0
71295,1076,847,37.0,2,2,0
71296,1076,825,12.0,9,9,0
71297,1076,822,12.0,10,10,0
71298,1076,839,20.0,7,7,0
71299,1076,852,4.0,13,13,0
71300,1076,4,2.0,14,14,0
71301,1076,855,1.0,15,15,0
71302,1076,854,0.0,17,17,0
71303,1076,840,0.0,18,18,0
71304,1076,848,1.0,16,16,0
71305,1076,817,8.0,11,11,0
71306,1076,846,16.0,8,8,0
71307,1076,849,0.0,20,20,0
71308,1076,807,0.0,19,19,0
71309,1076,815,30.0,4,4,0
71310,1076,830,25.0,6,6,1
71311,1076,842,6.0,12,12,0
71312,1076,20,0.0,21,21,0
71313,1077,844,86.0,1,1,2
71314,1077,832,38.0,5,5,0
71315,1077,1,28.0,7,7,0
71316,1077,847,49.0,4,4,0
71317,1077,825,15.0,10,10,0
71318,1077,822,24.0,8,8,0
71319,1077,839,20.0,9,9,0
71320,1077,852,10.0,12,12,0
71321,1077,4,2.0,15,15,0
71322,1077,855,1.0,16,16,0
71323,1077,854,0.0,19,19,0
71324,1077,840,1.0,18,18,0
71325,1077,848,1.0,17,17,0
71326,1077,817,11.0,11,11,0
71327,1077,846,35.0,6,6,0
71328,1077,849,0.0,21,21,0
71329,1077,807,0.0,20,20,0
71330,1077,815,54.0,3,3,0
71331,1077,830,59.0,2,2,2
71332,1077,842,6.0,13,13,0
71333,1077,20,4.0,14,14,0
71334,1078,844,104.0,1,1,2
71335,1078,832,53.0,5,5,0
71336,1078,1,36.0,6,6,0
71337,1078,847,59.0,4,4,0
71338,1078,825,15.0,10,10,0
71339,1078,822,30.0,8,8,0
71340,1078,839,24.0,9,9,0
71341,1078,852,10.0,12,12,0
71342,1078,4,2.0,16,16,0
71343,1078,855,1.0,18,18,0
71344,1078,854,0.0,19,19,0
71345,1078,840,2.0,17,17,0
71346,1078,848,3.0,15,15,0
71347,1078,817,11.0,11,11,0
71348,1078,846,35.0,7,7,0
71349,1078,849,0.0,21,21,0
71350,1078,807,0.0,20,20,0
71351,1078,815,66.0,3,3,0
71352,1078,830,85.0,2,2,3
71353,1078,842,6.0,13,13,0
71354,1078,20,4.0,14,14,0
71355,1079,844,104.0,2,2,2
71356,1079,832,65.0,5,5,0
71357,1079,1,46.0,6,6,0
71358,1079,847,74.0,4,4,0
71359,1079,825,15.0,10,10,0
71360,1079,822,38.0,8,8,0
71361,1079,839,30.0,9,9,0
71362,1079,852,11.0,11,11,0
71363,1079,4,4.0,15,15,0
71364,1079,855,1.0,18,18,0
71365,1079,854,0.0,19,19,0
71366,1079,840,2.0,17,17,0
71367,1079,848,3.0,16,16,0
71368,1079,817,11.0,12,12,0
71369,1079,846,39.0,7,7,0
71370,1079,849,0.0,21,21,0
71371,1079,807,0.0,20,20,0
71372,1079,815,85.0,3,3,0
71373,1079,830,110.0,1,1,4
71374,1079,842,6.0,13,13,0
71375,1079,20,4.0,14,14,0
71396,1080,844,116.0,2,2,2
71397,1080,832,83.0,5,5,0
71398,1080,1,50.0,6,6,0
71399,1080,847,84.0,4,4,0
71400,1080,825,15.0,10,10,0
71401,1080,822,40.0,8,8,0
71402,1080,839,30.0,9,9,0
71403,1080,852,11.0,12,12,0
71404,1080,4,10.0,13,13,0
71405,1080,855,1.0,18,18,0
71406,1080,854,0.0,19,19,0
71407,1080,840,2.0,17,17,0
71408,1080,848,3.0,16,16,0
71409,1080,817,11.0,11,11,0
71410,1080,846,48.0,7,7,0
71411,1080,849,0.0,21,21,0
71412,1080,807,0.0,20,20,0
71413,1080,815,110.0,3,3,1
71414,1080,830,125.0,1,1,4
71415,1080,842,6.0,14,14,0
71416,1080,20,5.0,15,15,0
71417,1081,844,116.0,3,3,2
71418,1081,832,83.0,5,5,0
71419,1081,1,62.0,6,6,0
71420,1081,847,99.0,4,4,0
71421,1081,825,15.0,12,12,0
71422,1081,822,40.0,8,8,0
71423,1081,839,31.0,9,9,0
71424,1081,852,11.0,15,15,0
71425,1081,4,16.0,11,11,0
71426,1081,855,1.0,18,18,0
71427,1081,854,0.0,19,19,0
71428,1081,840,2.0,17,17,0
71429,1081,848,3.0,16,16,0
71430,1081,817,15.0,13,13,0
71431,1081,846,50.0,7,7,0
71432,1081,849,0.0,21,21,0
71433,1081,807,0.0,20,20,0
71434,1081,815,129.0,2,2,1
71435,1081,830,150.0,1,1,5
71436,1081,842,16.0,10,10,0
71437,1081,20,13.0,14,14,0
71479,1082,20,13.0,14,14,0
71477,1082,830,175.0,1,1,6
71476,1082,815,129.0,2,2,1
71475,1082,807,0.0,20,20,0
71474,1082,849,0.0,21,21,0
71471,1082,848,3.0,17,17,0
71470,1082,840,3.0,18,18,0
71468,1082,855,5.0,16,16,0
71467,1082,4,18.0,10,10,0
71466,1082,852,11.0,15,15,0
71460,1082,832,102.0,5,5,0
71461,1082,1,77.0,6,6,0
71462,1082,847,111.0,4,4,0
71463,1082,825,15.0,12,12,0
71464,1082,822,46.0,8,8,0
71478,1082,842,16.0,11,11,0
71465,1082,839,39.0,9,9,0
71472,1082,817,15.0,13,13,0
71459,1082,844,126.0,3,3,2
71473,1082,846,50.0,7,7,0
71469,1082,854,0.0,19,19,0
71480,1083,844,138.0,3,3,2
71481,1083,832,127.0,4,4,1
71482,1083,1,93.0,6,6,0
71483,1083,847,111.0,5,5,0
71484,1083,825,16.0,12,12,0
71485,1083,822,46.0,8,8,0
71486,1083,839,39.0,9,9,0
71487,1083,852,11.0,15,15,0
71488,1083,4,28.0,10,10,0
71489,1083,855,5.0,16,16,0
71490,1083,854,4.0,17,17,0
71491,1083,840,3.0,19,19,0
71492,1083,848,3.0,18,18,0
71493,1083,817,15.0,14,14,0
71494,1083,846,58.0,7,7,0
71495,1083,849,0.0,20,20,0
71496,1083,807,0.0,21,21,0
71497,1083,815,147.0,2,2,1
71498,1083,830,181.0,1,1,6
71499,1083,842,16.0,11,11,0
71500,1083,20,15.0,13,13,0
71501,1084,844,170.0,2,2,3
71502,1084,832,133.0,4,4,1
71503,1084,1,109.0,6,6,0
71504,1084,847,128.0,5,5,0
71505,1084,825,22.0,11,11,0
71506,1084,822,46.0,9,9,0
71507,1084,839,52.0,8,8,0
71508,1084,852,11.0,16,16,0
71509,1084,4,29.0,10,10,0
71510,1084,855,5.0,17,17,0
71511,1084,854,12.0,15,15,0
71512,1084,840,3.0,19,19,0
71513,1084,848,3.0,18,18,0
71514,1084,817,17.0,12,12,0
71515,1084,846,64.0,7,7,0
71516,1084,849,0.0,20,20,0
71517,1084,807,0.0,21,21,0
71518,1084,815,151.0,3,3,1
71519,1084,830,208.0,1,1,6
71520,1084,842,16.0,13,13,0
71521,1084,20,15.0,14,14,0
71522,1085,844,170.0,2,2,3
71523,1085,832,144.0,4,4,1
71524,1085,1,127.0,6,6,0
71525,1085,847,143.0,5,5,0
71526,1085,825,22.0,11,11,0
71527,1085,822,46.0,9,9,0
71528,1085,839,56.0,8,8,0
71529,1085,852,11.0,16,16,0
71530,1085,4,37.0,10,10,0
71531,1085,855,5.0,17,17,0
71532,1085,854,12.0,15,15,0
71533,1085,840,4.0,18,18,0
71534,1085,848,3.0,19,19,0
71535,1085,817,19.0,12,12,0
71536,1085,846,70.0,7,7,0
71537,1085,849,0.0,20,20,0
71538,1085,807,0.0,21,21,0
71539,1085,815,163.0,3,3,1
71540,1085,830,233.0,1,1,7
71541,1085,842,16.0,13,13,0
71542,1085,20,15.0,14,14,0
71543,1086,844,178.0,2,2,3
71544,1086,832,156.0,5,5,1
71545,1086,1,146.0,6,6,0
71546,1086,847,158.0,4,4,0
71547,1086,825,22.0,11,11,0
71548,1086,822,46.0,9,9,0
71549,1086,839,58.0,8,8,0
71550,1086,852,11.0,16,16,0
71551,1086,4,41.0,10,10,0
71552,1086,855,5.0,17,17,0
71553,1086,854,12.0,15,15,0
71554,1086,840,4.0,18,18,0
71555,1086,848,3.0,19,19,0
71556,1086,817,19.0,12,12,0
71557,1086,846,76.0,7,7,0
71558,1086,849,0.0,20,20,0
71559,1086,807,0.0,21,21,0
71560,1086,815,173.0,3,3,1
71561,1086,830,258.0,1,1,8
71562,1086,842,16.0,13,13,0
71563,1086,20,16.0,14,14,0
71564,1087,844,186.0,3,3,3
71565,1087,832,171.0,4,4,1
71566,1087,1,146.0,6,6,0
71567,1087,847,170.0,5,5,0
71568,1087,825,22.0,11,11,0
71569,1087,822,46.0,10,10,0
71570,1087,839,64.0,8,8,0
71571,1087,852,11.0,16,16,0
71572,1087,4,51.0,9,9,0
71573,1087,855,5.0,17,17,0
71574,1087,854,12.0,15,15,0
71575,1087,840,4.0,19,19,0
71576,1087,848,4.0,18,18,0
71577,1087,817,19.0,13,13,0
71578,1087,846,76.0,7,7,0
71579,1087,849,0.0,20,20,0
71580,1087,807,0.0,21,21,0
71581,1087,815,191.0,2,2,1
71582,1087,830,284.0,1,1,9
71583,1087,842,18.0,14,14,0
71584,1087,20,20.0,12,12,0
71585,1088,844,201.0,2,2,3
71586,1088,832,175.0,5,5,1
71587,1088,1,158.0,6,6,0
71588,1088,847,188.0,4,4,0
71589,1088,825,22.0,11,11,0
71590,1088,822,46.0,10,10,0
71591,1088,839,66.0,8,8,0
71592,1088,852,11.0,16,16,0
71593,1088,4,59.0,9,9,0
71594,1088,855,5.0,17,17,0
71595,1088,854,12.0,15,15,0
71596,1088,840,5.0,18,18,0
71597,1088,848,4.0,19,19,0
71598,1088,817,19.0,13,13,0
71599,1088,846,82.0,7,7,0
71600,1088,849,0.0,20,20,0
71601,1088,807,0.0,21,21,0
71602,1088,815,201.0,3,3,1
71603,1088,830,310.0,1,1,10
71604,1088,842,18.0,14,14,0
71605,1088,20,20.0,12,12,0
71606,1089,844,219.0,2,2,3
71607,1089,832,187.0,5,5,1
71608,1089,1,168.0,6,6,0
71609,1089,847,203.0,4,4,0
71610,1089,825,22.0,12,12,0
71611,1089,822,46.0,10,10,0
71612,1089,839,66.0,8,8,0
71613,1089,852,11.0,16,16,0
71614,1089,4,59.0,9,9,0
71615,1089,855,6.0,17,17,0
71616,1089,854,12.0,15,15,0
71617,1089,840,5.0,18,18,0
71618,1089,848,4.0,19,19,0
71619,1089,817,19.0,14,14,0
71620,1089,846,88.0,7,7,0
71621,1089,849,0.0,21,21,0
71622,1089,807,0.0,22,22,0
71623,1089,815,210.0,3,3,1
71624,1089,830,335.0,1,1,11
71625,1089,842,22.0,11,11,0
71626,1089,20,20.0,13,13,0
71627,1089,856,2.0,20,20,0
71628,1091,844,237.0,2,2,3
71629,1091,832,202.0,5,5,1
71630,1091,1,170.0,6,6,0
71631,1091,847,203.0,4,4,0
71632,1091,825,22.0,14,14,0
71633,1091,822,46.0,10,10,0
71634,1091,839,66.0,8,8,0
71635,1091,852,11.0,17,17,0
71636,1091,4,59.0,9,9,0
71637,1091,855,6.0,18,18,0
71638,1091,854,12.0,16,16,0
71639,1091,840,13.0,15,15,0
71640,1091,848,4.0,19,19,0
71641,1091,817,29.0,11,11,0
71642,1091,846,100.0,7,7,0
71643,1091,849,0.0,21,21,0
71644,1091,807,0.0,22,22,0
71645,1091,815,235.0,3,3,2
71646,1091,830,341.0,1,1,11
71647,1091,842,23.0,13,13,0
71648,1091,20,24.0,12,12,0
71649,1091,856,2.0,20,20,0
71693,1092,856,2.0,21,21,0
71692,1092,20,32.0,11,11,0
71691,1092,842,23.0,13,13,0
71690,1092,830,366.0,1,1,12
71689,1092,815,253.0,2,2,2
71688,1092,807,0.0,22,22,0
71687,1092,849,2.0,20,20,0
71686,1092,846,101.0,7,7,0
71685,1092,817,29.0,12,12,0
71684,1092,848,4.0,19,19,0
71673,1092,832,202.0,5,5,1
71674,1092,1,180.0,6,6,0
71675,1092,847,207.0,4,4,0
71676,1092,825,22.0,14,14,0
71677,1092,822,46.0,10,10,0
71678,1092,839,78.0,8,8,0
71679,1092,852,11.0,17,17,0
71680,1092,4,65.0,9,9,0
71681,1092,855,6.0,18,18,0
71682,1092,854,12.0,16,16,0
71683,1092,840,13.0,15,15,0
71672,1092,844,252.0,3,3,3
71759,1093,856,2.0,21,21,0
71758,1093,20,36.0,11,11,0
71756,1093,830,391.0,1,1,13
71755,1093,815,265.0,3,3,2
71753,1093,849,2.0,20,20,0
71751,1093,817,29.0,12,12,0
71750,1093,848,4.0,19,19,0
71748,1093,854,12.0,16,16,0
71747,1093,855,6.0,18,18,0
71746,1093,4,71.0,9,9,0
71744,1093,839,78.0,8,8,0
71743,1093,822,46.0,10,10,0
71741,1093,847,218.0,4,4,0
71739,1093,832,202.0,5,5,1
71745,1093,852,12.0,17,17,0
71749,1093,840,13.0,15,15,0
71757,1093,842,23.0,14,14,0
71740,1093,1,198.0,6,6,0
71742,1093,825,24.0,13,13,0
71754,1093,807,0.0,22,22,0
71752,1093,846,109.0,7,7,0
71738,1093,844,267.0,2,2,3
71782,1095,844,290.0,2,2,3
71781,1094,856,2.0,21,21,0
71780,1094,20,36.0,11,11,0
71779,1094,842,23.0,14,14,0
71778,1094,830,416.0,1,1,14
71777,1094,815,280.0,2,2,2
71776,1094,807,0.0,22,22,0
71775,1094,849,2.0,20,20,0
71774,1094,846,111.0,7,7,0
71773,1094,817,35.0,12,12,0
71772,1094,848,4.0,19,19,0
71761,1094,832,212.0,6,6,1
71762,1094,1,216.0,5,5,0
71763,1094,847,231.0,4,4,0
71764,1094,825,24.0,13,13,0
71765,1094,822,47.0,10,10,0
71766,1094,839,82.0,8,8,0
71767,1094,852,12.0,17,17,0
71768,1094,4,71.0,9,9,0
71769,1094,855,6.0,18,18,0
71770,1094,854,12.0,16,16,0
71771,1094,840,13.0,15,15,0
71760,1094,844,275.0,3,3,3
71783,1095,832,234.0,6,6,1
71784,1095,1,240.0,5,5,0
71785,1095,847,265.0,4,4,1
71786,1095,825,25.0,13,13,0
71787,1095,822,49.0,10,10,0
71788,1095,839,86.0,8,8,0
71789,1095,852,12.0,17,17,0
71790,1095,4,81.0,9,9,0
71791,1095,855,6.0,18,18,0
71792,1095,854,12.0,16,16,0
71793,1095,840,14.0,15,15,0
71794,1095,848,4.0,19,19,0
71795,1095,817,35.0,12,12,0
71796,1095,846,113.0,7,7,0
71797,1095,849,2.0,20,20,0
71798,1095,807,0.0,22,22,0
71799,1095,815,290.0,3,3,2
71800,1095,830,429.0,1,1,14
71801,1095,842,23.0,14,14,0
71802,1095,20,36.0,11,11,0
71803,1095,856,2.0,21,21,0
71804,1096,844,308.0,2,2,3
71805,1096,832,246.0,5,5,1
71806,1096,1,240.0,6,6,0
71807,1096,847,275.0,4,4,1
71808,1096,825,25.0,13,13,0
71809,1096,822,49.0,10,10,0
71810,1096,839,92.0,8,8,0
71811,1096,852,12.0,17,17,0
71812,1096,4,81.0,9,9,0
71813,1096,855,6.0,18,18,0
71814,1096,854,12.0,16,16,0
71815,1096,840,18.0,15,15,0
71816,1096,848,4.0,19,19,0
71817,1096,817,37.0,11,11,0
71818,1096,846,122.0,7,7,0
71819,1096,849,2.0,20,20,0
71820,1096,807,0.0,22,22,0
71821,1096,815,305.0,3,3,2
71822,1096,830,454.0,1,1,15
71823,1096,842,23.0,14,14,0
71824,1096,20,37.0,12,12,0
71825,1096,856,2.0,21,21,0
72025,1098,857,0.0,20,20,0
72024,1098,844,0.0,19,19,0
72023,1098,839,0.0,18,18,0
72022,1098,846,0.0,17,17,0
72021,1098,855,0.0,16,16,0
72020,1098,807,0.0,15,15,0
72019,1098,856,0.0,14,14,0
72018,1098,825,0.0,13,13,0
72017,1098,858,0.0,12,12,0
72016,1098,852,0.0,11,11,0
72015,1098,848,1.0,10,10,0
72014,1098,842,2.0,9,9,0
72013,1098,822,4.0,8,8,0
72012,1098,847,6.0,7,7,0
72011,1098,840,8.0,6,6,0
72010,1098,1,10.0,5,5,0
72009,1098,832,12.0,4,4,0
72008,1098,4,15.0,3,3,0
72007,1098,815,18.0,2,2,0
72006,1098,830,25.0,1,1,1
71903,1099,839,4.0,10,10,0
71901,1099,855,0.0,17,17,0
71900,1099,807,0.0,15,15,0
71899,1099,856,0.0,18,18,0
71897,1099,858,0.0,16,16,0
71896,1099,852,0.0,14,14,0
71894,1099,842,4.0,11,11,0
71893,1099,822,4.0,9,9,0
71892,1099,847,18.0,6,6,0
71891,1099,840,8.0,7,7,0
71889,1099,832,20.0,4,4,0
71887,1099,815,43.0,2,2,1
71902,1099,846,0.0,20,20,0
71905,1099,857,0.0,19,19,0
71904,1099,844,6.0,8,8,0
71888,1099,4,30.0,3,3,0
71890,1099,1,20.0,5,5,0
71895,1099,848,1.0,13,13,0
71898,1099,825,1.0,12,12,0
71886,1099,830,44.0,1,1,1
71906,1100,830,69.0,1,1,2
71907,1100,815,54.0,2,2,1
71908,1100,4,45.0,3,3,0
71909,1100,832,20.0,5,5,0
71910,1100,1,38.0,4,4,0
71911,1100,840,20.0,6,6,0
71912,1100,847,18.0,7,7,0
71913,1100,822,4.0,11,11,0
71914,1100,842,4.0,14,14,0
71915,1100,848,1.0,18,18,0
71916,1100,852,1.0,16,16,0
71917,1100,858,0.0,19,19,0
71918,1100,825,1.0,17,17,0
71919,1100,856,0.0,20,20,0
71920,1100,807,6.0,9,9,0
71921,1100,855,2.0,15,15,0
71922,1100,846,8.0,8,8,0
71923,1100,839,4.0,12,12,0
71924,1100,844,6.0,10,10,0
71925,1100,857,4.0,13,13,0
71926,1101,830,93.0,1,1,2
71927,1101,815,87.0,2,2,2
71928,1101,4,60.0,3,3,0
71929,1101,832,34.0,5,5,0
71930,1101,1,48.0,4,4,0
71931,1101,840,27.0,8,8,0
71932,1101,847,28.0,7,7,0
71933,1101,822,4.0,12,12,0
71934,1101,842,4.0,14,14,0
71935,1101,848,1.0,17,17,0
71936,1101,852,2.0,16,16,0
71937,1101,858,0.0,19,19,0
71938,1101,825,1.0,18,18,0
71939,1101,856,0.0,20,20,0
71940,1101,807,6.0,10,10,0
71941,1101,855,2.0,15,15,0
71942,1101,846,10.0,9,9,0
71943,1101,839,4.0,13,13,0
71944,1101,844,28.0,6,6,0
71945,1101,857,4.0,11,11,0
71946,1102,830,119.0,1,1,3
71947,1102,815,105.0,2,2,2
71948,1102,4,75.0,3,3,0
71949,1102,832,44.0,5,5,0
71950,1102,1,56.0,4,4,0
71951,1102,840,27.0,8,8,0
71952,1102,847,40.0,6,6,0
71953,1102,822,4.0,13,13,0
71954,1102,842,8.0,10,10,0
71955,1102,848,1.0,18,18,0
71956,1102,852,2.0,16,16,0
71957,1102,858,0.0,19,19,0
71958,1102,825,2.0,17,17,0
71959,1102,856,0.0,20,20,0
71960,1102,807,6.0,11,11,0
71961,1102,855,2.0,15,15,0
71962,1102,846,10.0,9,9,0
71963,1102,839,6.0,12,12,0
71964,1102,844,34.0,7,7,0
71965,1102,857,4.0,14,14,0
71966,1104,830,144.0,1,1,4
71967,1104,815,105.0,2,2,2
71968,1104,4,93.0,3,3,0
71969,1104,832,48.0,6,6,0
71970,1104,1,69.0,4,4,0
71971,1104,840,27.0,8,8,0
71972,1104,847,50.0,5,5,0
71973,1104,822,4.0,14,14,0
71974,1104,842,14.0,10,10,0
71975,1104,848,1.0,18,18,0
71976,1104,852,2.0,16,16,0
71977,1104,858,0.0,20,20,0
71978,1104,825,2.0,17,17,0
71979,1104,856,0.0,19,19,0
71980,1104,807,6.0,12,12,0
71981,1104,855,2.0,15,15,0
71982,1104,846,12.0,11,11,0
71983,1104,839,21.0,9,9,0
71984,1104,844,42.0,7,7,0
71985,1104,857,5.0,13,13,0
72026,1105,830,170.0,1,1,5
72027,1105,815,117.0,2,2,2
72028,1105,4,99.0,3,3,0
72029,1105,832,58.0,6,6,0
72030,1105,1,87.0,4,4,0
72031,1105,840,35.0,8,8,0
72032,1105,847,65.0,5,5,0
72033,1105,822,4.0,14,14,0
72034,1105,842,15.0,10,10,0
72035,1105,848,1.0,18,18,0
72036,1105,852,2.0,16,16,0
72037,1105,858,0.0,20,20,0
72038,1105,825,2.0,17,17,0
72039,1105,856,0.0,19,19,0
72040,1105,807,6.0,12,12,0
72041,1105,855,4.0,15,15,0
72042,1105,846,12.0,11,11,0
72043,1105,839,25.0,9,9,0
72044,1105,844,42.0,7,7,0
72045,1105,857,5.0,13,13,0
72083,1106,839,29.0,9,9,0
72082,1106,846,12.0,11,11,0
72081,1106,855,4.0,16,16,0
72080,1106,807,6.0,13,13,0
72079,1106,856,0.0,19,19,0
72078,1106,825,2.0,18,18,0
72077,1106,858,0.0,20,20,0
72076,1106,852,2.0,17,17,0
72075,1106,848,7.0,12,12,0
72074,1106,842,15.0,10,10,0
72073,1106,822,5.0,15,15,0
72072,1106,847,65.0,6,6,0
72071,1106,840,37.0,8,8,0
72070,1106,1,102.0,4,4,0
72069,1106,832,68.0,5,5,0
72068,1106,4,117.0,3,3,0
72067,1106,815,126.0,2,2,2
72066,1106,830,195.0,1,1,6
72084,1106,844,54.0,7,7,0
72085,1106,857,5.0,14,14,0
72125,1107,857,5.0,14,14,0
72124,1107,844,72.0,6,6,0
72123,1107,839,31.0,9,9,0
72122,1107,846,24.0,10,10,0
72121,1107,855,4.0,16,16,0
72120,1107,807,9.0,12,12,0
72119,1107,856,0.0,20,20,0
72118,1107,825,2.0,18,18,0
72116,1107,852,2.0,17,17,0
72114,1107,842,16.0,11,11,0
72112,1107,847,72.0,7,7,0
72111,1107,840,44.0,8,8,0
72109,1107,832,82.0,5,5,0
72107,1107,815,148.0,2,2,2
72108,1107,4,131.0,3,3,0
72110,1107,1,106.0,4,4,0
72115,1107,848,7.0,13,13,0
72106,1107,830,229.0,1,1,7
72113,1107,822,5.0,15,15,0
72117,1107,858,0.0,19,19,0
72126,1108,830,255.0,1,1,8
72127,1108,815,156.0,2,2,2
72128,1108,4,137.0,3,3,0
72129,1108,832,83.0,5,5,0
72130,1108,1,121.0,4,4,0
72131,1108,840,44.0,8,8,0
72132,1108,847,82.0,6,6,0
72133,1108,822,5.0,15,15,0
72134,1108,842,16.0,12,12,0
72135,1108,848,11.0,13,13,0
72136,1108,852,2.0,17,17,0
72137,1108,858,0.0,19,19,0
72138,1108,825,2.0,18,18,0
72139,1108,856,0.0,20,20,0
72140,1108,807,9.0,14,14,0
72141,1108,855,4.0,16,16,0
72142,1108,846,42.0,9,9,0
72143,1108,839,31.0,10,10,0
72144,1108,844,74.0,7,7,0
72145,1108,857,17.0,11,11,0
72146,1109,830,281.0,1,1,9
72147,1109,815,171.0,2,2,2
72148,1109,4,139.0,3,3,0
72149,1109,832,87.0,6,6,0
72150,1109,1,133.0,4,4,0
72151,1109,840,45.0,9,9,0
72152,1109,847,90.0,5,5,0
72153,1109,822,5.0,15,15,0
72154,1109,842,16.0,12,12,0
72155,1109,848,11.0,13,13,0
72156,1109,852,2.0,17,17,0
72157,1109,858,0.0,19,19,0
72158,1109,825,2.0,18,18,0
72159,1109,856,0.0,20,20,0
72160,1109,807,9.0,14,14,0
72161,1109,855,4.0,16,16,0
72162,1109,846,60.0,8,8,0
72163,1109,839,31.0,10,10,0
72164,1109,844,80.0,7,7,0
72165,1109,857,27.0,11,11,0
72166,1109,817,0.0,21,21,0
72167,1110,830,314.0,1,1,10
72168,1110,815,189.0,2,2,2
72169,1110,4,149.0,3,3,0
72170,1110,832,92.0,7,7,0
72171,1110,1,148.0,4,4,0
72172,1110,840,47.0,9,9,0
72173,1110,847,99.0,6,6,0
72174,1110,822,5.0,15,15,0
72175,1110,842,22.0,12,12,0
72176,1110,848,11.0,13,13,0
72177,1110,852,3.0,17,17,0
72178,1110,858,0.0,19,19,0
72179,1110,825,2.0,18,18,0
72180,1110,856,0.0,20,20,0
72181,1110,807,9.0,14,14,0
72182,1110,855,4.0,16,16,0
72183,1110,846,69.0,8,8,0
72184,1110,839,35.0,10,10,0
72185,1110,844,99.0,5,5,0
72186,1110,857,34.0,11,11,0
72187,1110,817,0.0,21,21,0
72188,1111,830,339.0,1,1,11
72189,1111,815,201.0,2,2,2
72190,1111,4,168.0,3,3,0
72191,1111,832,102.0,5,5,0
72192,1111,1,156.0,4,4,0
72193,1111,840,47.0,9,9,0
72194,1111,847,99.0,7,7,0
72195,1111,822,5.0,15,15,0
72196,1111,842,37.0,10,10,0
72197,1111,848,15.0,13,13,0
72198,1111,852,3.0,17,17,0
72199,1111,858,0.0,19,19,0
72200,1111,825,2.0,18,18,0
72201,1111,856,0.0,20,20,0
72202,1111,807,9.0,14,14,0
72203,1111,855,4.0,16,16,0
72204,1111,846,75.0,8,8,0
72205,1111,839,36.0,11,11,0
72206,1111,844,99.0,6,6,0
72207,1111,857,36.0,12,12,0
72208,1111,817,0.0,21,21,0
72209,1111,859,0.0,22,22,0
72250,1112,844,111.0,6,6,0
72249,1112,839,36.0,11,11,0
72248,1112,846,79.0,8,8,0
72247,1112,855,4.0,16,16,0
72246,1112,807,9.0,14,14,0
72245,1112,856,0.0,21,21,0
72244,1112,825,2.0,18,18,0
72243,1112,858,0.0,19,19,0
72242,1112,852,3.0,17,17,0
72241,1112,848,21.0,13,13,0
72240,1112,842,37.0,10,10,0
72239,1112,822,6.0,15,15,0
72238,1112,847,109.0,7,7,0
72237,1112,840,47.0,9,9,0
72236,1112,1,164.0,4,4,0
72235,1112,832,117.0,5,5,0
72234,1112,4,170.0,3,3,0
72233,1112,815,219.0,2,2,2
72232,1112,830,364.0,1,1,12
72251,1112,857,36.0,12,12,0
72252,1112,817,0.0,22,22,0
72253,1112,859,0.0,20,20,0
72294,1113,844,123.0,6,6,0
72293,1113,839,36.0,12,12,0
72292,1113,846,97.0,8,8,0
72291,1113,855,4.0,16,16,0
72290,1113,807,9.0,14,14,0
72289,1113,856,0.0,21,21,0
72288,1113,825,3.0,18,18,0
72287,1113,858,0.0,20,20,0
72286,1113,852,3.0,17,17,0
72285,1113,848,21.0,13,13,0
72284,1113,842,45.0,10,10,0
72283,1113,822,6.0,15,15,0
72282,1113,847,109.0,7,7,0
72281,1113,840,47.0,9,9,0
72280,1113,1,180.0,3,3,0
72279,1113,832,142.0,5,5,1
72278,1113,4,170.0,4,4,0
72277,1113,815,223.0,2,2,2
72276,1113,830,374.0,1,1,12
72295,1113,857,42.0,11,11,0
72296,1113,817,0.0,22,22,0
72297,1113,859,2.0,19,19,0
72298,1114,830,400.0,1,1,13
72299,1114,815,223.0,2,2,2
72300,1114,4,174.0,4,4,0
72301,1114,832,150.0,5,5,1
72302,1114,1,190.0,3,3,0
72303,1114,840,47.0,10,10,0
72304,1114,847,115.0,8,8,0
72305,1114,822,6.0,15,15,0
72306,1114,842,46.0,11,11,0
72307,1114,848,21.0,13,13,0
72308,1114,852,3.0,17,17,0
72309,1114,858,0.0,20,20,0
72310,1114,825,3.0,18,18,0
72311,1114,856,0.0,21,21,0
72312,1114,807,9.0,14,14,0
72313,1114,855,4.0,16,16,0
72314,1114,846,115.0,7,7,0
72315,1114,839,38.0,12,12,0
72316,1114,844,135.0,6,6,0
72317,1114,857,57.0,9,9,0
72318,1114,817,0.0,22,22,0
72319,1114,859,2.0,19,19,0
72363,1115,859,2.0,19,19,0
72362,1115,817,0.0,22,22,0
72361,1115,857,83.0,9,9,0
72359,1115,839,44.0,12,12,0
72358,1115,846,136.0,7,7,0
72357,1115,855,6.0,16,16,0
72356,1115,807,9.0,15,15,0
72353,1115,858,0.0,20,20,0
72351,1115,848,23.0,13,13,0
72350,1115,842,46.0,11,11,0
72348,1115,847,132.0,8,8,0
72346,1115,1,194.0,3,3,0
72343,1115,815,224.0,2,2,2
72347,1115,840,47.0,10,10,0
72345,1115,832,153.0,5,5,1
72360,1115,844,145.0,6,6,0
72349,1115,822,10.0,14,14,0
72354,1115,825,3.0,18,18,0
72352,1115,852,3.0,17,17,0
72342,1115,830,433.0,1,1,14
72355,1115,856,0.0,21,21,0
72344,1115,4,183.0,4,4,0
72407,1116,859,2.0,19,19,0
72406,1116,817,0.0,22,22,0
72405,1116,857,83.0,9,9,0
72404,1116,844,151.0,7,7,0
72403,1116,839,44.0,12,12,0
72402,1116,846,159.0,6,6,0
72401,1116,855,6.0,17,17,0
72399,1116,856,0.0,21,21,0
72397,1116,858,1.0,20,20,0
72394,1116,842,56.0,10,10,0
72392,1116,847,143.0,8,8,0
72390,1116,1,201.0,3,3,0
72387,1116,815,240.0,2,2,2
72395,1116,848,25.0,13,13,0
72391,1116,840,53.0,11,11,0
72389,1116,832,171.0,5,5,1
72393,1116,822,10.0,14,14,0
72398,1116,825,3.0,18,18,0
72396,1116,852,8.0,16,16,0
72386,1116,830,466.0,1,1,15
72400,1116,807,9.0,15,15,0
72388,1116,4,183.0,4,4,0
72408,1117,830,491.0,1,1,16
72409,1117,815,240.0,2,2,2
72410,1117,4,183.0,5,5,0
72411,1117,832,183.0,4,4,1
72412,1117,1,220.0,3,3,0
72413,1117,840,53.0,11,11,0
72414,1117,847,151.0,8,8,0
72415,1117,822,10.0,14,14,0
72416,1117,842,56.0,10,10,0
72417,1117,848,27.0,13,13,0
72418,1117,852,8.0,16,16,0
72419,1117,858,1.0,21,21,0
72420,1117,825,3.0,19,19,0
72421,1117,856,0.0,22,22,0
72422,1117,807,9.0,15,15,0
72423,1117,855,6.0,18,18,0
72424,1117,846,169.0,6,6,0
72425,1117,839,45.0,12,12,0
72426,1117,844,166.0,7,7,0
72427,1117,857,87.0,9,9,0
72428,1117,817,6.0,17,17,0
72429,1117,859,2.0,20,20,0
72430,1118,830,524.0,1,1,17
72431,1118,815,258.0,2,2,2
72432,1118,4,198.0,4,4,0
72433,1118,832,192.0,6,6,1
72434,1118,1,226.0,3,3,0
72435,1118,840,63.0,10,10,0
72436,1118,847,156.0,8,8,0
72437,1118,822,10.0,15,15,0
72438,1118,842,62.0,11,11,0
72439,1118,848,27.0,13,13,0
72440,1118,852,13.0,14,14,0
72441,1118,858,1.0,21,21,0
72442,1118,825,3.0,19,19,0
72443,1118,856,0.0,22,22,0
72444,1118,807,9.0,16,16,0
72445,1118,855,6.0,18,18,0
72446,1118,846,195.0,5,5,0
72447,1118,839,46.0,12,12,0
72448,1118,844,170.0,7,7,0
72449,1118,857,87.0,9,9,0
72450,1118,817,6.0,17,17,0
72451,1118,859,2.0,20,20,0
72494,1119,817,6.0,17,17,0
72493,1119,857,89.0,9,9,0
72492,1119,844,188.0,7,7,0
72491,1119,839,58.0,12,12,0
72490,1119,846,195.0,6,6,0
72489,1119,855,6.0,18,18,0
72488,1119,807,9.0,16,16,0
72487,1119,856,0.0,22,22,0
72486,1119,825,3.0,19,19,0
72485,1119,858,1.0,21,21,0
72484,1119,852,13.0,14,14,0
72483,1119,848,27.0,13,13,0
72482,1119,842,62.0,11,11,0
72481,1119,822,10.0,15,15,0
72480,1119,847,160.0,8,8,0
72479,1119,840,73.0,10,10,0
72478,1119,1,232.0,3,3,0
72477,1119,832,200.0,4,4,1
72476,1119,4,200.0,5,5,0
72475,1119,815,273.0,2,2,2
72474,1119,830,549.0,1,1,18
72495,1119,859,2.0,20,20,0
72496,1120,830,575.0,1,1,19
72497,1120,815,285.0,2,2,2
72498,1120,4,206.0,4,4,0
72499,1120,832,200.0,7,7,1
72500,1120,1,234.0,3,3,0
72501,1120,840,74.0,10,10,0
72502,1120,847,175.0,8,8,0
72503,1120,822,10.0,15,15,0
72504,1120,842,62.0,11,11,0
72505,1120,848,27.0,13,13,0
72506,1120,852,17.0,14,14,0
72507,1120,858,1.0,21,21,0
72508,1120,825,3.0,19,19,0
72509,1120,856,0.0,22,22,0
72510,1120,807,9.0,16,16,0
72511,1120,855,6.0,18,18,0
72512,1120,846,205.0,6,6,0
72513,1120,839,58.0,12,12,0
72514,1120,844,206.0,5,5,0
72515,1120,857,97.0,9,9,0
72516,1120,817,6.0,17,17,0
72517,1120,859,2.0,20,20,0
72574,1121,839,0.0,17,17,0
72573,1121,807,0.0,16,16,0
72572,1121,848,0.0,15,15,0
72571,1121,852,0.0,14,14,0
72570,1121,817,0.0,13,13,0
72569,1121,825,0.0,12,12,0
72568,1121,855,0.0,11,11,0
72567,1121,840,1.0,10,10,0
72566,1121,4,2.0,9,9,0
72565,1121,857,4.0,8,8,0
72564,1121,1,6.0,7,7,0
72563,1121,846,8.0,6,6,0
72562,1121,847,10.0,5,5,0
72561,1121,844,12.0,4,4,0
72560,1121,832,15.0,3,3,0
72559,1121,815,18.0,2,2,0
72558,1121,830,26.0,1,1,1
72575,1121,842,0.0,18,18,0
72576,1121,822,0.0,19,19,0
72577,1121,858,0.0,20,20,0
72578,1122,830,51.0,1,1,2
72579,1122,815,36.0,2,2,0
72580,1122,832,15.0,6,6,0
72581,1122,844,28.0,3,3,0
72582,1122,847,18.0,4,4,0
72583,1122,846,12.0,8,8,0
72584,1122,1,8.0,9,9,0
72585,1122,857,16.0,5,5,0
72586,1122,4,12.0,7,7,0
72587,1122,840,1.0,12,12,0
72588,1122,855,0.0,14,14,0
72589,1122,825,0.0,15,15,0
72590,1122,817,0.0,16,16,0
72591,1122,852,0.0,18,18,0
72592,1122,848,0.0,13,13,0
72593,1122,807,1.0,11,11,0
72594,1122,839,0.0,17,17,0
72595,1122,842,0.0,21,21,0
72596,1122,822,0.0,20,20,0
72597,1122,858,0.0,19,19,0
72598,1122,860,6.0,10,10,0
72661,1123,860,6.0,12,12,0
72659,1123,822,0.0,20,20,0
72658,1123,842,0.0,19,19,0
72657,1123,839,0.0,18,18,0
72656,1123,807,3.0,13,13,0
72655,1123,848,0.0,15,15,0
72654,1123,852,6.0,11,11,0
72653,1123,817,0.0,17,17,0
72652,1123,825,1.0,14,14,0
72651,1123,855,0.0,16,16,0
72648,1123,857,28.0,5,5,0
72647,1123,1,8.0,10,10,0
72642,1123,815,46.0,3,3,0
72649,1123,4,16.0,8,8,0
72650,1123,840,9.0,9,9,0
72641,1123,830,51.0,1,1,2
72660,1123,858,0.0,21,21,0
72646,1123,846,27.0,6,6,0
72645,1123,847,18.0,7,7,0
72644,1123,844,47.0,2,2,0
72643,1123,832,40.0,4,4,1
72662,1124,830,77.0,1,1,3
72663,1124,815,64.0,2,2,0
72664,1124,832,55.0,4,4,1
72665,1124,844,59.0,3,3,0
72666,1124,847,24.0,7,7,0
72667,1124,846,37.0,5,5,0
72668,1124,1,10.0,9,9,0
72669,1124,857,32.0,6,6,0
72670,1124,4,24.0,8,8,0
72671,1124,840,9.0,10,10,0
72672,1124,855,0.0,16,16,0
72673,1124,825,1.0,14,14,0
72674,1124,817,0.0,17,17,0
72675,1124,852,7.0,11,11,0
72676,1124,848,0.0,15,15,0
72677,1124,807,3.0,13,13,0
72678,1124,839,0.0,18,18,0
72679,1124,842,0.0,19,19,0
72680,1124,822,0.0,20,20,0
72681,1124,858,0.0,21,21,0
72682,1124,860,6.0,12,12,0
72683,1125,830,110.0,1,1,4
72684,1125,815,85.0,2,2,0
72685,1125,832,69.0,4,4,1
72686,1125,844,76.0,3,3,0
72687,1125,847,33.0,7,7,0
72688,1125,846,58.0,5,5,0
72689,1125,1,19.0,9,9,0
72690,1125,857,38.0,6,6,0
72691,1125,4,31.0,8,8,0
72692,1125,840,9.0,10,10,0
72693,1125,855,0.0,17,17,0
72694,1125,825,1.0,14,14,0
72695,1125,817,0.0,18,18,0
72696,1125,852,7.0,11,11,0
72697,1125,848,0.0,15,15,0
72698,1125,807,4.0,13,13,0
72699,1125,839,0.0,16,16,0
72700,1125,842,0.0,19,19,0
72701,1125,822,0.0,20,20,0
72702,1125,858,0.0,21,21,0
72703,1125,860,6.0,12,12,0
72704,1126,830,136.0,1,1,4
72705,1126,815,103.0,2,2,0
72706,1126,832,83.0,5,5,1
72707,1126,844,98.0,3,3,0
72708,1126,847,37.0,7,7,0
72709,1126,846,83.0,4,4,1
72710,1126,1,27.0,9,9,0
72711,1126,857,41.0,6,6,0
72712,1126,4,33.0,8,8,0
72713,1126,840,9.0,11,11,0
72714,1126,855,0.0,18,18,0
72715,1126,825,1.0,16,16,0
72716,1126,817,5.0,14,14,0
72717,1126,852,14.0,10,10,0
72718,1126,848,0.0,17,17,0
72719,1126,807,6.0,13,13,0
72720,1126,839,1.0,15,15,0
72721,1126,842,0.0,19,19,0
72722,1126,822,0.0,20,20,0
72723,1126,858,0.0,21,21,0
72724,1126,860,6.0,12,12,0
