weatherId,country,location,date,time,tempmax,tempmin,temp,feelslikemax,feelslikemin,feelslike,dew,humidity,precip,precipprob,precipcover,preciptype,snow,snowdepth,windgust,windspeed,winddir,sealevelpressure,cloudcover,visibility,solarradiation,solarenergy,uvindex,severerisk,conditions,description,icon,stations
6,Australia,Melbourne,2001-03-04,\N,24.4,17.1,20.1,24.4,17.1,20.1,15.9,77.2,0.106,100.0,4.17,rain,,,,25.9,201.9,1018.0,81.3,14.1,,,,,"Rain, Partially cloudy",Partly cloudy throughout the day with morning rain.,rain,"94,860,099,999,948,600,000,000,000,000,000,000,000,000,000,000,000,000,000,000,000,000,000,000,000,000"
7,Australia,Melbourne,2002-03-03,\N,18.6,12.1,15.3,18.6,12.1,15.3,11.9,80.6,1.038,100.0,12.5,rain,,,,25.1,187.2,1019.3,94.2,15.1,,,,,"Rain, Overcast",Cloudy skies throughout the day with rain.,rain,"95,874,099,999,948,600,000,000,000,000,000,000,000,000,000,000,000,000,000,000,000,000,000,000,000,000"
8,Australia,Melbourne,2003-03-09,\N,19.3,14.1,16.5,19.3,14.1,16.5,13.5,82.9,5.068,100.0,12.5,rain,,,,31.3,189.8,1020.0,86.5,10.4,,,,,"Rain, Partially cloudy",Partly cloudy throughout the day with a chance of rain throughout the day.,rain,"9,489,809,999,995,870,000,000,000,000,000,000,000,000,000,000,000,000,000,000,000,000,000,000,000,000,000,000,000,000"
9,Australia,Melbourne,2004-03-07,\N,17.3,13.1,15.1,17.3,13.1,15.1,11.9,81.6,0.669,100.0,4.17,rain,,,,26.9,185.0,1008.1,91.3,11.7,,,,,"Rain, Overcast",Cloudy skies throughout the day with early morning rain.,rain,"95,874,099,999,948,600,000,000,000,000,000,000,000,000,000,000,000,000,000,000,000,000,000,000,000,000"
10,Australia,Melbourne,2005-03-06,14:00:00,17.4,7.7,13.1,17.4,4.7,12.4,7.4,69.4,0.0,0.0,0.0,,,,,27.6,260.5,1022.0,84.1,16.1,,,,,Partially cloudy,Partly cloudy throughout the day.,partly-cloudy-day,"95,874,099,999,948,600,000,000,000,000,000,000,000,000,000,000,000,000,000,000,000,000,000,000,000,000"
11,Australia,Melbourne,2006-04-02,14:00:00,16.3,9.3,13.0,16.3,7.3,12.8,5.1,59.7,0.116,100.0,8.33,rain,,,,30.3,191.9,1015.6,77.9,16.6,,,,,"Rain, Partially cloudy",Partly cloudy throughout the day with rain clearing later.,rain,"9,587,409,999,994,860,000,000,000,000,000,000,000,000,000,000,000,000,000,000,000,000,000,000,000,000,000,000,000,000"
12,Australia,Melbourne,2007-03-18,3:00:00,21.1,8.5,15.3,21.1,8.5,15.3,8.5,65.6,0.0,0.0,0.0,,,,,20.0,156.4,1020.4,54.5,17.0,,,,,Partially cloudy,Clearing in the afternoon.,partly-cloudy-day,"9,587,409,999,994,860,000,000,000,000,000,000,000,000,000,000,000,000,000,000,000,000,000,000,000,000,000,000,000,000"
13,Australia,Melbourne,2008-03-16,4:30:00,39.3,17.8,27.3,36.5,17.8,26.3,8.9,39.1,0.0,0.0,0.0,,,,,40.3,349.9,1017.0,13.7,14.4,,,,,Clear,Clear conditions throughout the day.,clear-day,"95,874,099,999,948,600,000,000,000,000,000,000,000,000,000,000,000,000,000,000,000,000,000,000,000,000"
14,Australia,Melbourne,2009-03-29,6:00:00,24.8,8.4,16.8,24.8,7.6,16.7,5.7,50.7,0.0,0.0,0.0,,,,,23.0,206.5,1021.8,7.0,17.4,,,,,Clear,Clear conditions throughout the day.,clear-day,"958,740,999,999,486,000,000,000,000,000,000,000,000,000,000,000,000,000,000,000,000,000,000,000,000,000,000,000,000,000,000,000,000"
15,Australia,Melbourne,2010-03-28,6:00:00,26.4,17.1,21.3,26.4,17.1,21.3,13.0,61.5,0.476,100.0,8.33,rain,,,42.5,38.3,359.6,1012.1,63.7,15.8,74.7,6.5,3.0,,"Rain, Partially cloudy",Partly cloudy throughout the day with rain.,rain,"YMAV,95874099999,94866099999,94895599999,95866099999,94865099999,YMML,94864099999,94870099999"
16,Australia,Melbourne,2011-03-27,6:00:00,19.0,12.7,14.8,19.0,12.7,14.8,11.2,79.7,0.17,100.0,8.33,rain,,,,18.4,185.1,1026.3,79.2,16.4,218.9,18.9,8.0,,"Rain, Partially cloudy",Partly cloudy throughout the day with rain clearing later.,rain,"YMAV,95874099999,94866099999,94895599999,95866099999,94865099999,YMML,94864099999,94870099999"
30,Malaysia,Kuala Lumpur,2001-03-18,\N,32.6,24.6,27.8,39.4,24.6,30.6,24.1,81.4,17.7,100.0,8.33,rain,,,,18.4,320.3,1008.8,90.0,11.1,,,,,"Rain, Partially cloudy",Partly cloudy throughout the day with rain.,rain,"4,864,709,999,948,640,000,000"
31,Malaysia,Kuala Lumpur,2002-03-17,\N,34.2,25.8,29.0,40.1,25.8,33.0,24.6,78.7,0.0,0.0,0.0,,,,,15.7,207.9,1009.1,90.0,5.7,,,,,Partially cloudy,Partly cloudy throughout the day.,partly-cloudy-day,"4,864,709,999,948,640,000,000"
32,Malaysia,Kuala Lumpur,2003-03-23,\N,34.6,25.0,29.5,40.7,25.0,33.3,24.2,75.2,0.0,0.0,0.0,,,,,18.4,68.3,1009.6,90.0,10.2,,,,,Partially cloudy,Partly cloudy throughout the day.,partly-cloudy-day,"4,864,709,999,948,640,000,000"
33,Malaysia,Kuala Lumpur,2004-03-21,\N,34.1,25.1,29.1,43.0,25.1,33.0,24.4,76.8,0.0,0.0,0.0,,,,,20.5,303.0,1007.5,90.0,10.8,,,,,Partially cloudy,Partly cloudy throughout the day.,partly-cloudy-day,"4,864,709,999,948,640,000,000"
34,Malaysia,Kuala Lumpur,2005-03-20,15:00:00,35.1,25.9,29.8,39.5,25.9,32.7,22.4,66.6,0.0,0.0,0.0,,,,,16.6,342.2,1008.8,90.0,7.8,,,,,Partially cloudy,Partly cloudy throughout the day.,partly-cloudy-day,48650099999
35,Malaysia,Kuala Lumpur,2006-03-19,15:00:00,32.1,24.1,27.8,36.9,24.1,29.9,23.0,76.1,56.2,100.0,8.33,rain,,,,22.3,14.2,1007.6,90.0,9.9,,,,,"Rain, Partially cloudy",Partly cloudy throughout the day with rain.,rain,48650099999
36,Malaysia,Kuala Lumpur,2007-04-08,7:00:00,33.1,24.0,28.6,40.6,24.0,32.1,24.1,78.0,0.0,0.0,0.0,,,,,15.5,243.5,1009.3,90.0,11.0,,,,,Partially cloudy,Partly cloudy throughout the day.,partly-cloudy-day,"4,864,709,999,948,650,000,000"
37,Malaysia,Kuala Lumpur,2008-03-23,7:00:00,31.9,23.2,26.6,37.7,23.2,28.6,23.4,83.9,6.277,100.0,4.17,rain,,,,13.9,277.4,1008.7,91.1,8.5,,,,,"Rain, Overcast",Cloudy skies throughout the day with late afternoon rain.,rain,"4,864,709,999,948,650,000,000"
38,Malaysia,Kuala Lumpur,2009-04-05,9:00:00,32.1,24.2,26.6,38.3,24.2,28.2,23.7,84.8,27.317,100.0,12.5,rain,,,,14.8,296.6,1009.1,91.5,9.8,,,,,"Rain, Overcast",Cloudy skies throughout the day with rain.,rain,"4,864,709,999,948,650,000,000"
39,Malaysia,Kuala Lumpur,2010-04-04,8:00:00,34.7,25.0,29.4,43.0,25.0,33.4,24.3,75.7,0.0,0.0,0.0,,,,,15.9,134.1,1010.0,89.0,9.6,205.0,17.6,7.0,,Partially cloudy,Partly cloudy throughout the day.,partly-cloudy-day,"48647099999,48650099999,WMSA,WMKK"
40,Malaysia,Kuala Lumpur,2011-04-10,8:00:00,30.0,26.0,27.4,36.2,26.0,30.9,25.3,88.6,25.673,100.0,12.5,rain,,,,10.7,251.3,1011.3,90.6,7.2,76.1,6.6,3.0,,"Rain, Overcast",Cloudy skies throughout the day with rain.,rain,"48647099999,48650099999,WMSA,WMKK"
47,Bahrain,Sakhir,2004-04-04,\N,30.8,23.4,25.3,30.0,23.4,25.3,18.4,67.3,,0.0,0.0,,,,,33.2,96.7,1009.7,90.5,11.3,,,,,Overcast,Cloudy skies throughout the day.,cloudy,"404,170,999,994,115,000,000,000,000,000,000"
48,Bahrain,Sakhir,2005-04-03,14:30:00,38.0,25.1,29.5,35.8,25.1,29.0,13.9,42.5,,0.0,0.0,,,,,26.3,206.0,1009.1,13.4,11.1,,,,,Clear,Clear conditions throughout the day.,clear-day,"4,115,009,999,940,410,000,000"
49,Bahrain,Sakhir,2006-03-12,14:30:00,21.2,17.7,19.1,21.2,17.7,19.1,8.1,49.2,,0.0,0.0,,,,,37.0,346.8,1014.4,4.9,11.7,,,,,Clear,Clear conditions throughout the day.,clear-day,"4,115,009,999,940,410,000,000"
50,Bahrain,Sakhir,2007-04-15,11:30:00,27.2,23.0,24.8,26.9,23.0,24.7,12.8,48.4,,0.0,0.0,,,,,31.3,8.8,1013.9,20.4,6.1,,,,,Partially cloudy,Partly cloudy throughout the day.,partly-cloudy-day,"4,115,009,999,940,410,000,000"
51,Bahrain,Sakhir,2008-04-06,11:30:00,28.2,22.9,25.1,27.4,22.9,25.0,13.2,48.0,,0.0,0.0,,,,,33.2,331.1,1012.0,17.4,7.4,,,,,Clear,Clear conditions throughout the day.,clear-day,"404,170,999,994,115,000,000,000,000,000,000"
52,Bahrain,Sakhir,2009-04-26,12:00:00,42.1,27.2,31.4,39.9,28.9,31.4,14.0,41.4,,0.0,0.0,,,,,27.5,141.3,1008.0,7.2,9.4,,,,,Clear,Clear conditions throughout the day.,clear-day,"4,115,009,999,940,410,000,000"
53,Bahrain,Sakhir,2010-03-14,12:00:00,35.0,17.7,26.6,32.5,17.7,26.2,12.5,46.1,0.0,0.0,0.0,,,,,16.3,159.2,1013.8,2.7,10.5,293.1,25.4,10.0,,Clear,Clear conditions throughout the day.,clear-day,"OEDR,41150099999,40416099999,OBBI"
78,Spain,Montmeló,2001-04-29,\N,21.1,10.6,14.7,21.1,10.6,14.7,10.4,75.9,0.0,0.0,0.0,,,,,37.1,204.6,1011.9,69.8,10.8,,,,,Partially cloudy,Partly cloudy throughout the day.,partly-cloudy-day,"818,409,999,908,181,000,000"
79,Spain,Montmeló,2002-04-28,\N,19.1,9.8,14.6,19.1,9.8,14.6,11.6,82.5,0.0,0.0,0.0,,,,,22.3,215.4,1013.3,73.3,8.1,,,,,Partially cloudy,Partly cloudy throughout the day.,partly-cloudy-day,"818,409,999,908,181,000,000"
80,Spain,Montmeló,2003-05-04,\N,23.4,11.1,17.9,23.4,11.1,17.9,11.6,70.1,0.0,0.0,0.0,,,,,19.7,74.3,1018.6,36.7,10.5,,,,,Partially cloudy,Partly cloudy throughout the day.,partly-cloudy-day,"818,409,999,908,181,000,000"
81,Spain,Montmeló,2004-05-09,\N,18.1,9.5,14.3,18.1,8.3,14.2,9.7,75.2,0.0,0.0,0.0,,,,,24.1,221.2,1012.4,43.2,13.9,,,,,Partially cloudy,Partly cloudy throughout the day.,partly-cloudy-day,"818,409,999,908,181,000,000"
82,Spain,Montmeló,2005-05-08,14:00:00,21.0,12.6,17.2,21.0,12.6,17.2,11.0,67.3,0.0,0.0,0.0,,,,,20.5,116.4,1013.4,28.5,14.1,,,,,Partially cloudy,Partly cloudy throughout the day.,partly-cloudy-day,"818,409,999,908,181,000,000"
83,Spain,Montmeló,2006-05-14,14:00:00,24.7,13.8,19.5,24.7,13.8,19.5,11.6,62.0,0.0,0.0,0.0,,,,,23.2,216.2,1021.0,60.3,22.2,,,,,Partially cloudy,Partly cloudy throughout the day.,partly-cloudy-day,"818,409,999,908,181,000,000"
84,Spain,Montmeló,2007-05-13,12:00:00,26.3,11.8,19.8,26.3,11.8,19.8,11.0,59.9,0.0,0.0,0.0,,,,,20.4,210.6,1010.9,16.6,10.8,,,,,Clear,Clear conditions throughout the day.,clear-day,"81,840,999,990,818,100,000,000,000,000,000"
85,Spain,Montmeló,2008-04-27,12:00:00,20.0,8.6,15.4,20.0,8.6,15.4,8.8,67.1,0.0,0.0,0.0,,,,,18.4,110.4,1021.8,51.7,10.9,,,,,Partially cloudy,Partly cloudy throughout the day.,partly-cloudy-day,"81,840,999,990,818,100,000,000,000,000,000"
86,Spain,Montmeló,2009-05-10,12:00:00,20.1,15.2,17.7,20.1,15.2,17.7,13.9,78.7,0.23,100.0,4.17,rain,,,,16.3,92.1,1015.5,56.9,8.7,,,,,"Rain, Partially cloudy",Clearing in the afternoon with morning rain.,rain,"81,840,999,990,818,100,000,000,000,000,000"
87,Spain,Montmeló,2010-05-09,12:00:00,19.9,9.5,15.2,19.9,9.5,15.2,10.9,76.5,1.08,100.0,4.17,rain,,,57.2,16.2,210.2,1007.4,47.3,9.9,299.3,25.9,9.0,,"Rain, Partially cloudy",Partly cloudy throughout the day with late afternoon rain.,rain,"LEBL,LEGE,08184099999,LELL,08181099999,08176399999"
88,Spain,Montmeló,2011-05-22,12:00:00,26.7,12.2,20.3,26.2,12.2,20.3,9.4,53.4,0.0,0.0,0.0,,,,,15.4,177.5,1019.7,28.5,13.6,341.8,29.4,10.0,,Partially cloudy,Partly cloudy throughout the day.,partly-cloudy-day,"LEBL,LEGE,08184099999,LELL,08181099999,08176399999"
102,Turkey,Istanbul,2005-08-21,15:00:00,26.4,19.8,23.1,26.4,19.8,23.1,18.1,74.0,0.786,100.0,4.17,rain,,,,29.0,348.7,1013.0,61.5,10.8,,,,,"Rain, Partially cloudy",Partly cloudy throughout the day with afternoon rain.,rain,"1,706,309,999,917,060,000,000"
103,Turkey,Istanbul,2006-08-27,15:00:00,31.5,22.4,27.0,31.0,22.4,27.2,18.0,60.8,0.0,0.0,0.0,,,,,17.2,209.5,1008.3,0.0,9.9,,,,,Clear,Clear conditions throughout the day.,clear-day,"1,706,309,999,917,060,000,000"
104,Turkey,Istanbul,2007-08-26,12:00:00,34.0,23.6,27.7,33.6,23.6,28.5,20.2,66.9,0.0,0.0,0.0,,,,,39.1,355.0,1014.2,37.1,10.3,,,,,Partially cloudy,Partly cloudy throughout the day.,partly-cloudy-day,"170,630,999,991,706,000,000,000,000,000,000"
105,Turkey,Istanbul,2008-05-11,12:00:00,16.8,8.8,13.2,16.8,6.9,13.1,7.7,70.6,0.0,0.0,0.0,,,,,23.1,18.4,1018.8,32.1,9.7,,,,,Partially cloudy,Partly cloudy throughout the day.,partly-cloudy-day,"1,706,309,999,917,060,000,000"
106,Turkey,Istanbul,2009-06-07,12:00:00,29.5,18.8,24.8,28.2,18.8,24.4,10.9,44.1,0.0,0.0,0.0,,,,,12.2,182.5,1013.2,50.0,10.0,,,,,Partially cloudy,Partly cloudy throughout the day.,partly-cloudy-day,"1,706,309,999,917,060,000,000"
107,Turkey,Istanbul,2010-05-30,11:00:00,26.6,18.6,23.0,26.6,18.6,23.0,16.1,66.5,0.0,0.0,0.0,,,,,17.7,335.8,1013.5,38.0,10.4,322.1,27.8,10.0,,Partially cloudy,Partly cloudy throughout the day.,partly-cloudy-day,"LTBA,17063099999,17059099999,17060099999"
108,Turkey,Istanbul,2011-05-08,12:00:00,17.8,6.9,11.8,17.8,4.3,11.4,5.7,67.1,0.0,0.0,0.0,,,,,31.9,6.4,1017.2,52.9,12.0,282.5,24.4,10.0,,Partially cloudy,Partly cloudy throughout the day.,partly-cloudy-day,"LTBA,17063099999,17061099999,17059099999,17060099999"
142,Monaco,Monte-Carlo,2001-05-27,\N,24.3,19.0,21.8,24.3,19.0,21.8,15.2,66.7,0.0,0.0,0.0,,,,,17.9,67.2,1021.6,34.1,19.3,,,,,Partially cloudy,Partly cloudy throughout the day.,partly-cloudy-day,"7,684,099,999,076,900,000,000,000,000,000,000,000,000,000"
143,Monaco,Monte-Carlo,2002-05-26,\N,21.8,15.0,18.5,21.8,15.0,18.5,13.5,73.5,0.0,0.0,0.0,,,,,28.3,68.0,1008.2,36.8,28.8,,,,,Partially cloudy,Partly cloudy throughout the day.,partly-cloudy-day,"76,840,999,990,769,000,000,000,000,000,000,000,000,000,000,000,000,000,000,000,000,000,000,000,000,000,000,000,000,000,000,000,000"
144,Monaco,Monte-Carlo,2003-06-01,\N,22.3,18.1,20.0,22.3,18.1,20.0,17.6,86.5,0.0,0.0,0.0,,0.0,0.0,,19.6,78.1,1012.7,57.3,12.7,,,,,Partially cloudy,Becoming cloudy in the afternoon.,partly-cloudy-day,"76,840,999,990,769,000,000,000,000,000,000,000,000,000,000,000,000,000,000,000,000,000,000,000,000,000,000,000,000,000,000,000,000"
145,Monaco,Monte-Carlo,2004-05-23,\N,19.9,15.8,17.7,19.9,15.8,17.7,13.7,77.8,0.165,100.0,4.17,rain,,,,27.4,93.3,1013.7,59.7,23.7,,,,,"Rain, Partially cloudy",Partly cloudy throughout the day with morning rain.,rain,"7,684,099,999,076,900,000,000,000,000,000,000,000,000,000,000,000,000,000,000,000,000,000,000,000,000"
146,Monaco,Monte-Carlo,2005-05-22,14:00:00,19.6,15.6,17.7,19.6,15.6,17.7,14.7,82.8,0.0,0.0,0.0,,0.0,0.0,37.4,25.7,86.5,1014.8,82.4,20.2,,,,,Partially cloudy,Partly cloudy throughout the day.,partly-cloudy-day,"7,684,099,999,076,900,000,000,000,000,000,000,000,000,000"
147,Monaco,Monte-Carlo,2006-05-28,14:00:00,21.1,16.7,19.1,21.1,16.7,19.1,15.4,79.6,0.0,0.0,0.0,,0.0,0.0,21.5,12.0,121.8,1017.8,44.8,25.1,,,,,Partially cloudy,Becoming cloudy in the afternoon.,partly-cloudy-day,"7,684,099,999,076,900,000,000,000,000,000,000,000,000,000"
148,Monaco,Monte-Carlo,2007-05-27,12:00:00,22.0,17.4,19.6,22.0,17.4,19.6,15.4,77.4,0.149,100.0,4.17,rain,,,53.6,37.5,239.7,1002.3,48.1,27.5,,,,,"Rain, Partially cloudy",Partly cloudy throughout the day with morning rain.,rain,"7,684,099,999,076,900,000,000,000,000,000,000,000,000,000"
149,Monaco,Monte-Carlo,2008-05-25,12:00:00,21.7,16.7,18.4,21.7,16.7,18.4,14.8,81.4,4.648,100.0,20.83,rain,,,71.4,37.6,63.7,1013.2,97.0,24.0,,,,,"Rain, Overcast",Cloudy skies throughout the day with rain in the morning and afternoon.,rain,"7,684,099,999,076,900,000,000,000,000,000,000,000,000,000"
150,Monaco,Monte-Carlo,2009-05-24,12:00:00,24.3,16.8,21.3,24.3,16.8,21.3,17.1,77.6,0.0,0.0,0.0,,0.0,0.0,18.4,14.8,93.9,1019.3,27.9,19.1,,,,,Partially cloudy,Partly cloudy throughout the day.,partly-cloudy-day,"76,840,999,990,769,000,000,000,000,000,000"
151,Monaco,Monte-Carlo,2010-05-16,12:00:00,20.1,13.3,17.0,20.1,13.3,17.0,9.1,59.8,0.0,0.0,0.0,,0.0,0.0,33.5,23.3,277.5,1007.7,68.6,33.4,,,,,Partially cloudy,Partly cloudy throughout the day.,partly-cloudy-day,"07684099999,LFMD,07690099999,16153099999,LFMN"
152,Monaco,Monte-Carlo,2011-05-29,12:00:00,22.2,16.9,19.9,22.2,16.9,19.9,11.5,59.4,0.0,0.0,0.0,,,,24.1,15.7,50.3,1017.3,13.6,37.2,353.0,30.6,10.0,,Clear,Clear conditions throughout the day.,clear-day,"07684099999,LFMD,07690099999,16153099999,LFMN"
187,Canada,Montreal,2001-06-10,\N,26.1,15.0,21.0,26.1,15.0,21.0,10.0,50.6,0.0,0.0,0.0,,0.0,0.0,,13.3,244.0,1008.1,26.8,18.1,,,,,Partially cloudy,Partly cloudy throughout the day.,partly-cloudy-day,"713,770,999,997,137,000,000,000,000,000,000,000,000,000,000,000,000,000,000,000,000,000"
188,Canada,Montreal,2002-06-09,\N,24.0,16.9,19.7,24.0,16.9,19.7,11.6,61.2,0.002,100.0,4.17,rain,0.0,0.0,,16.8,332.7,1015.6,57.4,17.1,,,,,"Rain, Partially cloudy",Partly cloudy throughout the day with afternoon rain.,rain,"7,137,109,999,971,520,000,000,000,000,000,000,000,000,000,000,000,000,000"
189,Canada,Montreal,2003-06-15,\N,19.1,14.0,16.5,19.1,14.0,16.5,10.7,70.6,0.012,100.0,4.17,rain,0.0,0.0,,13.1,3.6,1016.1,61.8,16.4,,,,,"Rain, Partially cloudy",Partly cloudy throughout the day with early morning rain.,rain,"713,770,999,997,137,000,000,000,000,000,000"
190,Canada,Montreal,2004-06-13,\N,25.1,12.9,19.9,25.1,12.9,19.9,9.0,49.9,0.0,0.0,0.0,,0.0,0.0,,11.2,175.6,1017.4,40.0,18.2,,,,,Partially cloudy,Partly cloudy throughout the day.,partly-cloudy-day,"713,770,999,997,137,000,000,000,000,000,000"
191,Canada,Montreal,2005-06-12,13:00:00,32.0,24.0,27.1,34.2,24.0,28.4,20.4,67.4,0.0,0.0,0.0,,0.0,0.0,33.5,13.0,220.9,1011.6,21.3,10.1,,,,,Partially cloudy,Partly cloudy throughout the day.,partly-cloudy-day,"713,770,999,997,137,000,000,000,000,000,000,000,000,000,000,000,000,000,000,000,000,000"
192,Canada,Montreal,2006-06-25,13:00:00,28.0,15.0,22.5,27.4,15.0,22.4,10.6,48.7,0.0,0.0,0.0,,0.0,0.0,,7.6,38.2,1020.2,27.3,20.7,,,,,Partially cloudy,Partly cloudy throughout the day.,partly-cloudy-day,"71,627,094,792,713,700,000,000,000,000,000,000,000,000,000"
193,Canada,Montreal,2007-06-10,17:00:00,26.1,16.9,21.6,26.1,16.9,21.6,13.3,59.7,0.0,0.0,0.0,,0.0,0.0,33.5,10.5,359.2,1016.4,29.2,21.9,,,,,Partially cloudy,Becoming cloudy in the afternoon.,partly-cloudy-day,"71,627,094,792,713,700,000,000,000,000,000,000,000,000,000"
194,Canada,Montreal,2008-06-08,17:00:00,31.0,21.1,24.9,32.7,21.1,25.6,19.6,73.5,8.586,100.0,4.17,rain,0.0,0.0,50.6,17.0,226.8,1007.6,35.4,19.4,,,,,"Rain, Partially cloudy",Partly cloudy throughout the day with late afternoon rain.,rain,"71,627,094,792,713,700,000,000,000,000,000,000,000,000,000"
195,Canada,Montreal,2010-06-13,16:00:00,26.0,15.8,20.6,26.0,15.8,20.6,13.4,65.6,0.0,0.0,0.0,,0.0,0.0,,9.4,32.0,1013.5,33.6,19.6,,,,,Partially cloudy,Partly cloudy throughout the day.,partly-cloudy-day,"71627094792,71377099999,71371099999,CWIZ,71612099999,CWTA"
196,Canada,Montreal,2011-06-12,17:00:00,17.0,13.8,15.5,17.0,13.8,15.5,13.8,90.1,36.218,100.0,45.83,rain,0.0,0.0,52.4,9.5,190.9,1009.7,94.7,15.5,,,,,"Rain, Overcast",Cloudy skies throughout the day with a chance of rain throughout the day.,rain,"71627094792,71377099999,71371099999,CWIZ,71612099999,CWTA"
218,France,Magny Cours,2001-07-01,\N,24.9,11.9,19.5,24.9,11.9,19.5,11.2,61.5,0.0,0.0,0.0,,0.0,0.0,,14.9,4.5,1026.9,23.9,21.3,,,,,Partially cloudy,Partly cloudy throughout the day.,partly-cloudy-day,"72,550,999,990,726,000,000,000,000,000,000"
219,France,Magny Cours,2002-07-21,\N,25.2,13.4,19.7,25.2,13.4,19.7,11.3,62.0,0.0,0.0,0.0,,,,,14.6,315.7,1016.6,43.5,20.2,,,,,Partially cloudy,Partly cloudy throughout the day.,partly-cloudy-day,"7,255,099,999,072,570,000,000,000,000,000,000,000,000,000"
220,France,Magny Cours,2003-07-06,\N,24.2,7.5,16.9,24.2,7.5,16.9,10.1,68.7,0.174,100.0,4.17,rain,0.0,0.0,,13.5,352.3,1019.8,35.9,27.9,,,,,"Rain, Partially cloudy",Becoming cloudy in the afternoon with morning rain.,rain,"7,255,099,999,072,570,000,000,000,000,000,000,000,000,000"
221,France,Magny Cours,2004-07-04,\N,27.5,6.5,17.7,26.8,6.5,17.6,8.8,61.2,0.0,0.0,0.0,,0.0,0.0,,19.7,237.2,1016.8,37.8,31.7,,,,,Partially cloudy,Clearing in the afternoon.,partly-cloudy-day,"7,255,099,999,072,570,000,000,000,000,000,000,000,000,000"
222,France,Magny Cours,2005-07-03,14:00:00,30.1,13.3,22.0,29.6,13.3,22.0,15.5,70.6,0.174,100.0,4.17,rain,0.0,0.0,29.5,14.8,121.6,1016.8,24.3,22.1,,,,,"Rain, Partially cloudy",Partly cloudy throughout the day with morning rain.,rain,"7,255,099,999,072,570,000,000,000,000,000,000,000,000,000"
223,France,Magny Cours,2006-07-16,14:00:00,33.2,16.7,25.9,33.5,16.7,25.9,14.9,53.6,0.0,0.0,0.0,,0.0,0.0,35.3,18.8,62.4,1020.9,9.2,26.6,,,,,Clear,Clear conditions throughout the day.,clear-day,"7,255,099,999,072,570,000,000,000,000,000,000,000,000,000"
224,France,Magny Cours,2007-07-01,12:00:00,22.1,15.1,18.3,22.1,15.1,18.3,14.4,78.9,0.151,100.0,12.5,rain,0.0,0.0,26.3,18.9,253.1,1011.3,64.4,18.7,,,,,"Rain, Partially cloudy",Partly cloudy throughout the day with rain.,rain,"7,255,099,999,072,570,000,000,000,000,000,000,000,000,000"
225,France,Magny Cours,2008-06-22,12:00:00,26.5,17.9,21.7,26.5,17.9,21.7,18.9,84.6,1.276,100.0,25.0,rain,,,31.7,18.7,187.3,1016.4,59.8,16.9,,,,,"Rain, Partially cloudy",Partly cloudy throughout the day with rain in the morning and afternoon.,rain,"7,255,099,999,072,570,000,000,000,000,000,000,000,000,000"
248,UK,Silverstone,2001-07-15,\N,17.2,7.3,12.7,17.2,6.3,12.4,6.7,68.7,0.206,100.0,8.33,rain,,,,14.4,267.8,1014.8,38.7,32.6,,,,,"Rain, Partially cloudy",Partly cloudy throughout the day with rain.,rain,"36,470,999,990,366,000,000,000,000,000,000,000,000,000,000,000,000,000,000,000,000,000"
249,UK,Silverstone,2002-07-07,\N,19.1,13.0,15.4,19.1,13.0,15.4,12.3,82.3,0.317,100.0,8.33,rain,,,,18.5,204.8,1013.5,83.0,19.4,,,,,"Rain, Partially cloudy",Partly cloudy throughout the day with rain in the morning and afternoon.,rain,"36,470,999,990,366,000,000,000,000,000,000,000,000,000,000,000,000,000,000,000,000,000"
250,UK,Silverstone,2003-07-20,\N,22.8,13.3,17.9,22.8,13.3,17.9,10.9,66.2,0.0,0.0,0.0,,,,,23.3,193.5,1012.9,49.0,19.8,,,,,Partially cloudy,Partly cloudy throughout the day.,partly-cloudy-day,"36,470,999,990,366,000,000,000,000,000,000,000,000,000,000,000,000,000,000,000,000,000"
251,UK,Silverstone,2004-07-11,\N,16.0,10.5,13.2,16.0,10.5,13.2,9.3,78.1,1.249,100.0,8.33,rain,,,,16.2,284.7,1012.9,84.6,26.0,,,,,"Rain, Partially cloudy",Partly cloudy throughout the day with rain clearing later.,rain,"36,470,999,990,366,000,000,000,000,000,000,000,000,000,000,000,000,000,000,000,000,000"
252,UK,Silverstone,2005-07-10,14:00:00,27.3,13.4,20.5,27.4,13.4,20.5,14.0,69.4,0.0,0.0,0.0,,,,,16.2,35.0,1029.7,42.3,13.9,,,,,Partially cloudy,Partly cloudy throughout the day.,partly-cloudy-day,"36,470,999,990,366,000,000,000,000,000,000,000,000,000,000,000,000,000,000,000,000,000"
253,UK,Silverstone,2006-06-11,12:00:00,24.8,15.7,20.6,24.8,15.7,20.6,14.6,69.1,0.0,0.0,0.0,,,,,14.3,195.2,1019.8,37.3,14.8,,,,,Partially cloudy,Partly cloudy throughout the day.,partly-cloudy-day,"36,470,999,990,366,000,000,000,000,000,000,000,000,000,000,000,000,000,000,000,000,000"
254,UK,Silverstone,2007-07-08,12:00:00,19.6,8.4,14.3,19.6,7.9,14.2,9.1,73.0,0.075,100.0,4.17,rain,,,,14.8,248.6,1016.8,41.0,24.8,,,,,"Rain, Partially cloudy",Partly cloudy throughout the day with morning rain.,rain,"36,470,999,990,366,000,000,000,000,000,000,000,000,000,000,000,000,000,000,000,000,000"
255,UK,Silverstone,2008-07-06,12:00:00,16.1,12.7,14.1,16.1,12.7,14.1,11.6,84.9,7.759,100.0,16.67,rain,,,51.8,25.0,186.8,1000.7,65.3,17.9,,,,,"Rain, Partially cloudy",Partly cloudy throughout the day with a chance of rain throughout the day.,rain,"36,470,999,990,366,000,000,000,000,000,000,000,000,000,000,000,000,000,000,000,000,000"
256,UK,Silverstone,2009-06-21,12:00:00,17.3,10.9,14.1,17.3,10.9,14.1,9.9,76.7,0.148,100.0,4.17,rain,,,,14.5,307.3,,59.2,26.0,,,,,"Rain, Partially cloudy",Partly cloudy throughout the day with morning rain.,rain,"36,470,999,990,366,000,000,000,000,000,000,000,000,000,000,000,000,000,000,000,000,000"
257,UK,Silverstone,2010-07-11,12:00:00,23.1,16.2,19.3,23.1,16.2,19.3,10.9,61.4,0.026,100.0,4.17,rain,,0.0,,22.4,245.1,1013.9,50.0,37.0,324.0,28.0,9.0,,"Rain, Partially cloudy",Partly cloudy throughout the day with morning rain.,rain,"36,470,999,990,366,000,000,000,000,000,000,000,000,000,000,000,000,000,000,000,000,000"
258,UK,Silverstone,2011-07-10,12:00:00,20.7,10.6,15.7,20.7,10.6,15.7,11.1,76.5,0.342,100.0,12.5,rain,,,,15.7,264.6,1017.3,52.2,20.9,237.4,20.5,7.0,,"Rain, Partially cloudy",Partly cloudy throughout the day with rain.,rain,"36,470,999,990,366,000,000,000,000,000,000,000,000,000,000,000,000,000,000,000,000,000"
297,Germany,Hockenheim,2001-07-29,\N,29.1,17.1,23.3,30.4,17.1,23.5,16.7,69.4,0.0,0.0,0.0,,0.0,0.0,,12.9,358.0,1021.6,66.8,14.0,,,,,Partially cloudy,Partly cloudy throughout the day.,partly-cloudy-day,"107,340,999,991,061,000,000,000,000,000,000"
298,Germany,Hockenheim,2002-07-28,\N,29.6,14.1,22.6,28.8,14.1,22.4,14.2,63.6,0.0,0.0,0.0,,0.0,0.0,,22.3,56.7,1018.7,10.9,10.3,,,,,Clear,Clear conditions throughout the day.,clear-day,"107,340,999,991,061,000,000,000,000,000,000"
299,Germany,Hockenheim,2003-08-03,\N,35.5,17.1,26.4,35.4,17.1,26.5,16.8,60.7,0.0,0.0,0.0,,0.0,0.0,,7.6,46.8,1020.4,35.2,10.7,,,,,Partially cloudy,Partly cloudy throughout the day.,partly-cloudy-day,"1,061,409,999,910,720,000,000"
300,Germany,Hockenheim,2004-07-25,\N,25.6,10.1,18.3,25.6,10.1,18.3,10.0,62.6,0.0,0.0,0.0,,0.0,0.0,,24.1,264.5,1019.7,65.7,10.6,,,,,Partially cloudy,Partly cloudy throughout the day.,partly-cloudy-day,"1,061,409,999,910,720,000,000"
301,Germany,Hockenheim,2005-07-24,14:00:00,22.1,15.1,18.6,22.1,15.1,18.6,12.9,70.5,3.0,100.0,8.33,rain,0.0,0.0,,16.6,211.4,1009.6,94.1,10.5,,,,,"Rain, Overcast",Cloudy skies throughout the day with late afternoon rain.,rain,10614099999
302,Germany,Hockenheim,2006-07-30,14:00:00,30.1,14.1,21.4,29.5,14.1,21.3,16.0,76.0,1.5,100.0,4.17,rain,0.0,0.0,38.9,22.3,217.3,1013.6,78.8,10.6,,,,,"Rain, Partially cloudy",Partly cloudy throughout the day with late afternoon rain.,rain,10614099999
303,Germany,Hockenheim,2008-07-20,12:00:00,22.1,9.1,15.7,22.1,9.1,15.7,9.9,71.5,0.0,0.0,0.0,,0.0,0.0,,25.9,277.6,1014.6,28.8,11.0,,,,,Partially cloudy,Partly cloudy throughout the day.,partly-cloudy-day,10614099999
304,Germany,Hockenheim,2010-07-25,12:00:00,21.1,5.1,14.4,21.1,5.1,14.3,10.3,78.8,0.0,0.0,0.0,,0.0,0.0,,18.4,244.7,1017.9,43.3,11.0,284.9,24.7,9.0,,Partially cloudy,Partly cloudy throughout the day.,partly-cloudy-day,"10614099999,remote"
325,Hungary,Budapest,2001-08-19,\N,32.0,18.1,25.2,32.6,18.1,25.5,17.5,65.6,0.0,0.0,0.0,,0.0,0.0,,14.1,102.9,1012.6,31.9,15.4,,,,,Partially cloudy,Partly cloudy throughout the day.,partly-cloudy-day,"12,843,099,999,127,500,000,000,000,000,000,000,000,000,000,000,000,000,000,000,000,000,000,000,000,000"
326,Hungary,Budapest,2002-08-18,\N,29.2,17.7,23.6,28.5,17.7,23.6,15.3,62.1,0.0,0.0,0.0,,0.0,0.0,,14.7,54.1,1014.4,20.6,24.5,,,,,Partially cloudy,Partly cloudy throughout the day.,partly-cloudy-day,"12,843,099,999,128,400,000,000,000,000,000,000,000,000,000"
327,Hungary,Budapest,2003-08-24,\N,28.9,18.1,23.8,27.9,18.1,23.6,11.2,47.0,0.0,0.0,0.0,,0.0,0.0,,24.0,308.1,1013.0,8.9,38.0,,,,,Clear,Clear conditions throughout the day.,clear-day,"1,284,709,999,912,840,000,000,000,000,000,000,000,000,000,000,000,000,000"
328,Hungary,Budapest,2004-08-15,\N,24.1,13.2,18.8,24.1,13.2,18.8,12.9,70.1,0.018,100.0,4.17,rain,0.0,0.0,,22.7,315.5,1015.7,24.9,16.1,,,,,"Rain, Partially cloudy",Partly cloudy throughout the day with early morning rain.,rain,"1,284,709,999,912,840,000,000,000,000,000,000,000,000,000,000,000,000,000,000,000,000,000,000,000,000,000,000,000,000"
329,Hungary,Budapest,2005-07-31,14:00:00,33.7,21.7,26.7,35.5,21.7,27.5,18.6,62.2,0.0,0.0,0.0,,0.0,0.0,,20.3,346.1,1009.9,43.8,23.8,,,,,Partially cloudy,Partly cloudy throughout the day.,partly-cloudy-day,"1,284,709,999,912,840,000,000,000,000,000,000,000,000,000,000,000,000,000"
330,Hungary,Budapest,2006-08-06,14:00:00,21.1,12.6,16.5,21.1,12.6,16.5,13.8,84.7,1.898,100.0,12.5,rain,0.0,0.0,,18.5,234.6,1009.2,81.4,23.6,,,,,"Rain, Partially cloudy",Partly cloudy throughout the day with rain.,rain,"12,847,099,999,128,400,000,000,000,000,000,000,000,000,000,000,000,000,000,000,000,000,000,000,000,000"
331,Hungary,Budapest,2007-08-05,12:00:00,27.6,15.4,21.4,27.2,15.4,21.4,11.0,53.1,0.0,0.0,0.0,,0.0,0.0,,17.1,32.9,1017.2,56.4,32.8,,,,,Partially cloudy,Partly cloudy throughout the day.,partly-cloudy-day,"1,284,709,999,912,840,000,000,000,000,000,000,000,000,000,000,000,000,000"
332,Hungary,Budapest,2008-08-03,12:00:00,29.2,20.3,24.7,29.1,20.3,24.7,16.8,63.7,0.267,100.0,4.17,rain,0.0,0.0,,15.3,303.2,1015.7,42.8,28.9,,,,,"Rain, Partially cloudy",Partly cloudy throughout the day with early morning rain.,rain,"1,284,709,999,912,840,000,000,000,000,000,000,000,000,000,000,000,000,000"
333,Hungary,Budapest,2009-07-26,12:00:00,24.2,15.0,19.8,24.2,15.0,19.8,9.3,52.5,0.0,0.0,0.0,,0.0,0.0,,24.9,302.3,1020.9,13.3,42.6,,,,,Clear,Clear conditions throughout the day.,clear-day,"1,284,709,999,912,840,000,000,000,000,000,000,000,000,000,000,000,000,000"
334,Hungary,Budapest,2010-08-01,12:00:00,29.0,17.6,23.4,29.5,17.6,23.6,16.9,69.4,0.0,0.0,0.0,,0.0,0.0,,14.4,296.3,1015.8,6.6,24.3,,,,,Clear,Clear conditions throughout the day.,clear-day,"1,284,709,999,912,840,000,000,000,000,000,000,000,000,000,000,000,000,000"
335,Hungary,Budapest,2011-07-31,12:00:00,17.9,14.0,16.2,17.9,14.0,16.2,13.0,81.8,0.641,100.0,12.5,rain,0.0,0.0,,20.3,283.5,1011.1,90.8,18.6,,,,,"Rain, Overcast",Cloudy skies throughout the day with a chance of rain throughout the day.,rain,"1,284,709,999,912,840,000,000,000,000,000,000,000,000,000,000,000,000,000"
349,Spain,Valencia,2008-08-24,12:00:00,30.2,21.7,26.0,31.6,21.7,26.5,19.4,68.5,0.0,0.0,0.0,,,,,22.3,80.0,1013.9,43.6,12.9,,,,,Partially cloudy,Partly cloudy throughout the day.,partly-cloudy-day,"828,509,999,908,284,000,000"
350,Spain,Valencia,2009-08-23,12:00:00,33.6,19.7,27.0,32.9,19.7,26.8,15.4,51.9,0.0,0.0,0.0,,,,,24.1,104.9,1014.9,0.0,14.6,,,,,Clear,Clear conditions throughout the day.,clear-day,"828,509,999,908,284,000,000"
351,Spain,Valencia,2010-06-27,12:00:00,29.6,17.3,23.9,28.2,17.3,23.5,10.5,45.5,0.0,0.0,0.0,,,,33.5,17.4,122.6,1016.1,16.1,13.4,345.3,30.0,9.0,,Clear,Clear conditions throughout the day.,clear-day,"08285099999,08284099999,LEVC"
352,Spain,Valencia,2011-06-26,12:00:00,30.2,18.2,25.0,29.8,18.2,25.0,16.4,61.7,0.0,0.0,0.0,,,,,18.4,123.1,1021.0,0.4,14.0,361.8,31.4,10.0,,Clear,Clear conditions throughout the day.,clear-day,"08285099999,08284099999,LEVC"
372,Belgium,Spa,2001-09-02,\N,15.1,6.1,11.2,15.1,5.1,11.0,9.5,89.2,1.106,100.0,12.5,rain,0.0,0.0,,17.9,226.8,1016.9,73.1,9.8,,,,,"Rain, Partially cloudy",Partly cloudy throughout the day with rain.,rain,"6,478,099,999,064,960,000,000,000,000,000,000,000,000,000"
373,Belgium,Spa,2002-09-01,\N,16.1,10.6,13.8,16.1,10.6,13.8,9.8,77.8,0.0,0.0,0.0,,0.0,0.0,,15.3,25.3,1028.6,82.0,23.2,,,,,Partially cloudy,Partly cloudy throughout the day.,partly-cloudy-day,"6,478,099,999,064,900,000,000,000,000,000,000,000,000,000"
374,Belgium,Spa,2004-08-29,\N,17.7,12.4,14.8,17.7,12.4,14.8,11.1,79.3,0.0,0.0,0.0,,0.0,0.0,,18.1,228.9,1013.0,87.0,23.1,,,,,Partially cloudy,Partly cloudy throughout the day.,partly-cloudy-day,"6,478,099,999,064,960,000,000,000,000,000,000,000,000,000"
375,Belgium,Spa,2005-09-11,14:00:00,17.1,13.7,14.7,17.1,13.7,14.7,14.4,97.9,10.367,100.0,12.5,rain,0.0,0.0,9.3,12.8,313.1,1011.1,90.9,1.7,,,,,"Rain, Overcast",Cloudy skies throughout the day with rain.,rain,"647,809,999,906,496,000,000,000,000,000,000,000,000,000,000,000,000,000"
376,Belgium,Spa,2007-09-16,12:00:00,18.9,10.2,14.4,18.9,10.2,14.4,9.3,72.0,0.0,0.0,0.0,,0.0,0.0,35.6,17.9,201.2,1021.0,30.5,28.2,,,,,Partially cloudy,Partly cloudy throughout the day.,partly-cloudy-day,"6,478,099,999,064,960,000,000,000,000,000,000,000,000,000"
377,Belgium,Spa,2008-09-07,12:00:00,15.0,11.1,12.4,15.0,11.1,12.4,10.3,87.3,4.014,100.0,8.33,rain,0.0,0.0,47.2,25.4,204.5,,55.7,29.1,,,,,"Rain, Partially cloudy",Partly cloudy throughout the day with rain.,rain,"649,409,999,906,478,000,000,000,000,000,000,000,000,000,000,000,000,000"
378,Belgium,Spa,2009-08-30,12:00:00,16.7,5.2,10.6,16.7,3.4,9.8,6.2,75.8,0.0,0.0,0.0,,0.0,0.0,28.3,14.8,251.3,,25.3,28.3,,,,,Partially cloudy,Partly cloudy throughout the day.,partly-cloudy-day,"64,940,999,990,647,800,000,000,000,000,000"
379,Belgium,Spa,2010-08-29,12:00:00,14.2,7.2,10.5,14.2,4.1,9.8,8.4,87.3,3.139,100.0,12.5,rain,0.0,0.0,53.9,21.7,253.8,1015.2,81.9,22.9,,,,,"Rain, Partially cloudy",Partly cloudy throughout the day with rain.,rain,"647,809,999,906,490,000,000,000,000,000,000,000,000,000,000,000,000,000"
380,Belgium,Spa,2011-08-28,12:00:00,14.3,9.0,11.0,14.3,6.3,9.9,8.5,85.6,0.129,100.0,4.17,rain,0.0,0.0,39.1,23.3,234.4,1018.5,76.3,28.9,,,,,"Rain, Partially cloudy",Partly cloudy throughout the day with morning rain.,rain,"64,940,999,990,647,800,000,000,000,000,000"
424,Italy,Monza,2001-09-16,\N,23.4,10.6,16.3,23.4,10.6,16.3,9.0,66.3,0.0,0.0,0.0,,0.0,0.0,,14.4,354.5,1008.8,47.5,10.6,,,,,Partially cloudy,Partly cloudy throughout the day.,partly-cloudy-day,"1,608,009,999,916,070,000,000,000,000,000,000,000,000,000,000,000,000,000"
425,Italy,Monza,2002-09-15,\N,26.1,12.3,18.2,26.1,12.3,18.2,12.7,72.7,0.0,0.0,0.0,,0.0,0.0,,8.2,211.0,1011.9,3.5,7.9,,,,,Clear,Clear conditions throughout the day.,clear-day,"1,608,009,999,916,070,000,000,000,000,000,000,000,000,000,000,000,000,000"
426,Italy,Monza,2003-09-14,\N,25.3,12.7,18.8,25.3,12.7,18.8,11.0,63.5,17.144,100.0,4.17,rain,0.0,0.0,,17.0,96.5,1023.6,49.4,10.2,,,,,"Rain, Partially cloudy",Partly cloudy throughout the day with early morning rain.,rain,"1,608,009,999,916,070,000,000,000,000,000,000,000,000,000,000,000,000,000"
427,Italy,Monza,2004-09-12,\N,22.4,17.6,19.8,22.4,17.6,19.8,16.3,80.5,8.897,100.0,8.33,rain,0.0,0.0,,8.1,76.2,1018.4,67.9,8.1,,,,,"Rain, Partially cloudy",Partly cloudy throughout the day with rain in the morning and afternoon.,rain,"1,608,009,999,916,070,000,000,000,000,000,000,000,000,000,000,000,000,000"
428,Italy,Monza,2005-09-04,14:00:00,27.1,16.8,23.0,27.4,16.8,23.1,16.3,67.6,1.527,100.0,4.17,rain,0.0,0.0,40.6,14.7,105.4,1022.0,51.7,10.8,,,,,"Rain, Partially cloudy",Partly cloudy throughout the day with early morning rain.,rain,"1,608,009,999,916,070,000,000,000,000,000,000,000,000,000,000,000,000,000"
429,Italy,Monza,2006-09-10,14:00:00,26.5,14.5,20.3,26.5,14.5,20.3,11.2,58.1,0.0,0.0,0.0,,0.0,0.0,18.0,8.1,215.4,1024.6,20.0,10.2,,,,,Clear,Partly cloudy throughout the day.,clear-day,"1,608,009,999,916,070,000,000,000,000,000,000,000,000,000,000,000,000,000"
430,Italy,Monza,2007-09-09,12:00:00,26.4,12.2,19.6,26.4,12.2,19.6,13.1,68.9,0.0,0.0,0.0,,0.0,0.0,21.8,8.3,240.9,1013.1,25.7,10.5,,,,,Partially cloudy,Partly cloudy throughout the day.,partly-cloudy-day,"1,608,009,999,916,070,000,000,000,000,000,000,000,000,000,000,000,000,000"
431,Italy,Monza,2008-09-14,12:00:00,16.5,13.9,14.9,16.5,13.9,14.9,13.2,89.6,1.158,100.0,12.5,rain,0.0,0.0,23.6,13.4,116.6,1011.2,76.6,10.6,,,,,"Rain, Partially cloudy",Partly cloudy throughout the day with rain in the morning and afternoon.,rain,"1,608,009,999,916,070,000,000,000,000,000,000,000,000,000,000,000,000,000"
432,Italy,Monza,2009-09-13,12:00:00,28.1,14.3,20.8,27.8,14.3,20.8,12.5,61.4,0.264,100.0,12.5,rain,0.0,0.0,39.8,8.2,255.7,1013.3,46.0,10.9,,,,,"Rain, Partially cloudy",Partly cloudy throughout the day with rain.,rain,"1,608,009,999,916,070,000,000,000,000,000,000,000,000,000,000,000,000,000"
433,Italy,Monza,2010-09-12,12:00:00,25.2,13.5,19.3,25.2,13.5,19.3,12.3,66.2,0.0,0.0,0.0,,0.0,0.0,16.7,8.4,242.4,1017.8,39.9,10.3,207.0,18.0,6.0,,Partially cloudy,Partly cloudy throughout the day.,partly-cloudy-day,"1,608,009,999,916,070,000,000,000,000,000,000,000,000,000,000,000,000,000"
434,Italy,Monza,2011-09-11,12:00:00,28.9,18.8,23.8,29.5,18.8,24.1,17.6,70.1,0.0,0.0,0.0,,0.0,0.0,16.6,9.5,191.2,1015.8,29.1,9.5,,,,,Partially cloudy,Partly cloudy throughout the day.,partly-cloudy-day,"1,608,009,999,916,070,000,000,000,000,000,000,000,000,000,000,000,000,000"
448,Singapore,Marina Bay,2008-09-28,12:00:00,32.3,26.0,28.2,39.0,26.0,31.7,24.4,80.5,0.0,0.0,0.0,,,,,20.2,159.0,1010.0,86.2,11.0,,,,,Partially cloudy,Partly cloudy throughout the day.,partly-cloudy-day,"4,869,809,999,948,670,000,000,000,000,000,000,000,000,000,000,000,000,000"
449,Singapore,Marina Bay,2009-09-27,12:00:00,33.2,27.5,29.8,38.3,32.2,35.2,24.7,75.3,0.0,0.0,0.0,,,,,17.6,196.6,1008.3,86.8,9.1,,,,,Partially cloudy,Partly cloudy throughout the day.,partly-cloudy-day,"4,869,809,999,948,670,000,000,000,000,000,000,000,000,000,000,000,000,000"
450,Singapore,Marina Bay,2010-09-26,12:00:00,32.7,25.7,28.7,37.0,25.7,31.6,23.9,76.7,0.0,0.0,0.0,,,,,14.1,177.4,1009.4,86.6,10.4,155.1,13.2,5.0,,Partially cloudy,Partly cloudy throughout the day.,partly-cloudy-day,"48698099999,48679099999,WSAP,WSSS,48694099999,96087099999,48699099999,WMKJ,WSSL"
451,Singapore,Marina Bay,2011-09-25,12:00:00,32.8,26.4,29.3,38.4,26.4,33.8,24.6,77.0,0.0,0.0,0.0,,,,,17.2,170.2,1010.1,89.2,10.4,170.8,14.6,5.0,,Partially cloudy,Partly cloudy throughout the day.,partly-cloudy-day,"48698099999,48679099999,WSAP,WSSS,48694099999,96087099999,48699099999,WMKJ,WSSL"
465,Japan,Oyama,2007-09-30,4:30:00,18.6,15.8,16.8,18.6,15.8,16.8,14.0,83.7,40.427,100.0,79.17,rain,,,,25.6,349.0,1021.7,81.3,7.3,,,,,"Rain, Partially cloudy",Partly cloudy throughout the day with a chance of rain throughout the day.,rain,"4,766,209,999,947,670,000,000,000,000,000,000,000,000,000,000,000,000,000"
466,Japan,Oyama,2008-10-12,4:30:00,20.8,16.1,18.5,20.8,16.1,18.5,6.1,44.6,0.0,0.0,0.0,,,,50.0,20.4,21.0,1017.7,65.8,13.6,,,,,Partially cloudy,Partly cloudy throughout the day.,partly-cloudy-day,"4,766,209,999,947,670,000,000,000,000,000,000,000,000,000,000,000,000,000"
467,China,Shanghai,2004-09-26,\N,26.9,20.4,23.8,28.1,20.4,23.9,18.4,72.3,0.0,0.0,0.0,,,,,22.2,26.9,1016.2,67.3,11.1,,,,,Partially cloudy,Partly cloudy throughout the day.,partly-cloudy-day,"583,670,999,995,832,000,000,000,000,000,000"
468,China,Shanghai,2005-10-16,14:00:00,23.7,12.9,18.4,23.7,12.9,18.4,7.9,53.5,0.0,0.0,0.0,,,,,10.2,52.6,1018.1,0.6,8.3,,,,,Clear,Clear conditions throughout the day.,clear-day,"583,670,999,995,832,000,000,000,000,000,000"
469,China,Shanghai,2006-10-01,14:00:00,22.4,20.2,20.7,22.4,20.2,20.7,18.1,84.8,4.0,100.0,8.33,rain,,,,15.0,10.4,1015.3,95.0,5.8,,,,,"Rain, Overcast",Cloudy skies throughout the day with rain.,rain,"583,670,999,995,832,000,000,000,000,000,000"
470,China,Shanghai,2007-10-07,6:00:00,28.9,25.7,27.3,33.6,25.7,30.0,23.9,82.2,0.0,0.0,0.0,,,,,33.0,73.5,1006.2,94.1,10.7,,,,,Overcast,Cloudy skies throughout the day.,cloudy,"583,670,999,995,832,000,000,000,000,000,000"
471,China,Shanghai,2008-10-19,7:00:00,28.6,21.1,24.2,29.3,21.1,24.4,20.0,78.2,0.0,0.0,0.0,,,,,21.0,86.9,1018.3,70.8,9.1,,,,,Partially cloudy,Partly cloudy throughout the day.,partly-cloudy-day,"583,670,999,995,832,000,000,000,000,000,000"
472,China,Shanghai,2009-04-19,7:00:00,21.9,16.1,18.6,21.9,16.1,18.6,16.4,87.3,9.4,100.0,8.33,rain,,,,35.4,140.2,1006.9,82.8,9.1,,,,,"Rain, Partially cloudy",Partly cloudy throughout the day with rain.,rain,"583,670,999,995,832,000,000,000,000,000,000"
473,China,Shanghai,2010-04-18,6:00:00,21.0,13.0,16.7,21.0,13.0,16.7,13.4,81.3,1.0,100.0,4.17,rain,,,54.0,34.8,140.9,1018.3,57.0,9.8,233.3,20.1,8.0,,"Rain, Partially cloudy",Partly cloudy throughout the day with late afternoon rain.,rain,"58367099999,ZSSS,58321199999,ZSPD,58362099999"
474,China,Shanghai,2011-04-17,7:00:00,20.3,8.8,14.5,20.3,7.1,14.3,3.8,51.7,0.0,0.0,0.0,,,,,18.6,148.8,1011.1,50.2,11.5,286.1,24.6,10.0,,Partially cloudy,Partly cloudy throughout the day.,partly-cloudy-day,"58367099999,ZSSS,58321199999,ZSPD,58362099999"
502,Brazil,São Paulo,2001-04-01,\N,29.8,19.9,22.9,30.7,19.9,23.0,18.1,76.3,0.0,0.0,0.0,,,,,21.2,74.3,1018.4,68.6,9.1,,,,,Partially cloudy,Partly cloudy throughout the day.,partly-cloudy-day,"837,210,999,998,377,000,000,000,000,000,000"
503,Brazil,São Paulo,2002-03-31,\N,30.1,20.7,25.8,30.1,20.7,25.9,16.3,57.4,0.0,0.0,0.0,,,,,18.0,323.6,1018.4,26.9,13.3,,,,,Partially cloudy,Partly cloudy throughout the day.,partly-cloudy-day,"837,210,999,998,377,000,000,000,000,000,000"
504,Brazil,São Paulo,2003-04-06,\N,23.9,18.1,20.6,23.9,18.1,20.6,18.5,88.2,0.0,0.0,0.0,,,,,18.0,205.9,1015.3,91.3,7.8,,,,,Overcast,Cloudy skies throughout the day.,cloudy,"83,818,099,999,837,200,000,000,000,000,000,000,000,000,000"
505,Brazil,São Paulo,2004-10-24,\N,24.8,19.2,21.7,24.8,19.2,21.7,17.2,76.2,0.0,0.0,0.0,,,,,31.6,334.1,1013.0,86.8,11.8,,,,,Partially cloudy,Partly cloudy throughout the day.,partly-cloudy-day,"8,377,909,999,983,810,000,000,000,000,000,000,000,000,000,000,000,000,000"
506,Brazil,São Paulo,2005-09-25,14:00:00,22.3,18.1,19.7,22.3,18.1,19.7,16.7,83.0,3.0,100.0,4.17,rain,,,,21.5,349.1,1015.2,65.5,5.3,,,,,"Rain, Partially cloudy",Partly cloudy throughout the day with morning rain.,rain,"83,779,099,999,830,700,000,000,000,000,000,000,000,000,000"
507,Brazil,São Paulo,2006-10-22,14:00:00,23.2,11.9,16.6,23.2,11.9,16.6,10.7,70.1,0.0,0.0,0.0,,,,,16.4,143.2,1021.1,42.3,13.3,,,,,Partially cloudy,Partly cloudy throughout the day.,partly-cloudy-day,"83,779,099,999,830,700,000,000,000,000,000,000,000,000,000"
508,Brazil,São Paulo,2007-10-21,16:00:00,34.6,19.2,25.5,33.6,19.2,25.2,14.8,56.0,1.0,100.0,4.17,rain,,,,31.4,157.4,1015.0,59.2,11.2,,,,,"Rain, Partially cloudy",Partly cloudy throughout the day with late afternoon rain.,rain,"83,779,099,999,830,700,000,000,000,000,000,000,000,000,000"
509,Brazil,São Paulo,2008-11-02,17:00:00,27.1,17.2,21.4,28.0,17.2,21.5,17.9,81.6,10.1,100.0,8.33,rain,,,,29.4,14.6,1016.6,85.0,7.3,,,,,"Rain, Partially cloudy",Partly cloudy throughout the day with rain.,rain,"8,377,909,999,983,070,000,000,000,000,000,000,000,000,000,000,000,000,000"
510,Brazil,São Paulo,2009-10-18,16:00:00,28.1,17.1,20.9,29.3,17.1,21.0,17.9,84.0,11.0,100.0,8.33,rain,,,,17.3,162.8,1014.6,88.5,7.8,,,,,"Rain, Partially cloudy",Partly cloudy throughout the day with rain clearing later.,rain,"83,779,099,999,830,700,000,000,000,000,000,000,000,000,000"
511,Brazil,São Paulo,2010-11-07,16:00:00,25.8,14.6,19.4,25.8,14.6,19.4,14.3,74.7,0.0,0.0,0.0,,,,,16.9,137.5,1014.2,48.3,9.8,342.9,29.7,10.0,,Partially cloudy,Partly cloudy throughout the day.,partly-cloudy-day,"SBMT,83779099999,83075099999,SBKP,SBSP,83721099999,SBGR,83780099999"
512,Brazil,São Paulo,2011-11-27,16:00:00,25.0,17.0,21.2,25.0,17.0,21.2,16.9,77.6,0.5,100.0,4.17,rain,,,,20.5,170.8,1015.8,73.4,9.2,248.0,21.5,9.0,,"Rain, Partially cloudy",Partly cloudy throughout the day with morning rain.,rain,"SBMT,83779099999,SBSP,SBGR,83780099999"
526,USA,Indianapolis,2001-09-30,\N,22.1,8.2,14.8,22.1,6.6,14.5,8.2,67.6,0.0,0.0,0.0,,0.0,0.0,,15.0,18.8,1025.3,0.0,16.0,,,,,Clear,Clear conditions throughout the day.,clear-day,"7,243,849,999,972,430,000,000"
527,USA,Indianapolis,2002-09-29,\N,26.1,13.5,19.7,26.1,13.5,19.7,15.4,78.5,0.0,0.0,0.0,,0.0,0.0,,15.5,156.8,1020.8,3.6,11.3,,,,,Clear,Clear conditions throughout the day.,clear-day,"7,243,849,999,972,430,000,000"
528,USA,Indianapolis,2003-09-28,\N,12.8,7.7,9.9,12.8,5.6,9.0,6.7,80.7,1.8,100.0,8.33,rain,0.0,0.0,,23.3,283.2,1013.7,89.0,16.0,,,,,"Rain, Partially cloudy",Partly cloudy throughout the day with afternoon rain.,rain,"7,243,849,999,972,430,000,000"
529,USA,Indianapolis,2004-06-20,\N,23.2,10.7,17.5,23.2,10.7,17.5,9.9,63.3,0.0,0.0,0.0,,0.0,0.0,,13.5,291.9,1019.7,28.8,16.0,,,,,Partially cloudy,Partly cloudy throughout the day.,partly-cloudy-day,"7,243,849,999,972,430,000,000"
530,USA,Indianapolis,2005-06-19,14:00:00,24.1,14.1,19.5,24.1,14.1,19.5,12.1,63.8,0.0,0.0,0.0,,0.0,0.0,,15.5,52.9,1020.8,40.0,16.0,,,,,Partially cloudy,Partly cloudy throughout the day.,partly-cloudy-day,"724,384,999,999,999,000,000,000,000,000,000"
531,USA,Indianapolis,2006-07-02,14:00:00,32.2,21.8,27.0,33.4,21.8,27.6,18.6,61.1,0.018,100.0,4.17,rain,0.0,0.0,,23.7,238.9,1018.9,40.3,15.1,,,,,"Rain, Partially cloudy",Partly cloudy throughout the day with late afternoon rain.,rain,"724,356,538,667,243,000,000,000,000,000,000"
532,USA,Indianapolis,2007-06-17,17:00:00,32.8,23.4,28.4,33.1,23.4,28.6,16.3,48.7,0.0,0.0,0.0,,0.0,0.0,,18.1,257.3,1016.3,41.0,13.7,,,,,Partially cloudy,Partly cloudy throughout the day.,partly-cloudy-day,"724,356,538,667,243,000,000,000,000,000,000"
547,Germany,Nürburg,2001-06-24,\N,24.1,10.3,17.5,24.1,10.3,17.5,8.9,58.3,0.7,100.0,4.17,rain,0.0,0.0,,13.5,341.8,1022.0,18.3,13.6,,,,,Rain,Clear conditions throughout the day with morning rain.,rain,"64,960,999,991,060,700,000,000,000,000,000"
548,Germany,Nürburg,2002-06-23,\N,22.5,14.8,17.8,22.5,14.8,17.8,11.6,68.9,0.8,100.0,8.33,rain,0.0,0.0,,14.9,345.2,1020.9,63.9,9.8,,,,,"Rain, Partially cloudy",Partly cloudy throughout the day with rain in the morning and afternoon.,rain,"64,960,999,991,060,700,000,000,000,000,000"
549,Germany,Nürburg,2003-06-29,\N,25.9,6.7,18.2,25.9,6.7,18.2,9.2,60.4,0.0,0.0,0.0,,0.0,0.0,,10.3,273.8,1009.6,42.6,12.6,,,,,Partially cloudy,Partly cloudy throughout the day.,partly-cloudy-day,"649,609,999,910,613,000,000"
550,Germany,Nürburg,2004-05-30,\N,20.9,11.9,15.7,20.9,11.9,15.7,4.4,48.1,0.0,0.0,0.0,,0.0,0.0,,16.3,178.8,1021.2,86.0,11.7,,,,,Partially cloudy,Partly cloudy throughout the day.,partly-cloudy-day,"64,960,999,991,060,700,000,000,000,000,000"
551,Germany,Nürburg,2005-05-29,14:00:00,24.4,13.8,18.9,24.4,13.8,18.9,11.4,62.4,0.0,0.0,0.0,,0.0,0.0,14.8,13.7,50.4,1018.6,56.5,13.1,,,,,Partially cloudy,Partly cloudy throughout the day.,partly-cloudy-day,"64,960,999,991,060,700,000,000,000,000,000"
552,Germany,Nürburg,2006-05-07,14:00:00,19.5,9.8,15.4,19.5,8.3,15.3,2.5,42.2,0.0,0.0,0.0,,0.0,0.0,48.2,21.9,98.4,1017.9,75.6,11.7,,,,,Partially cloudy,Partly cloudy throughout the day.,partly-cloudy-day,"64,960,999,991,060,700,000,000,000,000,000"
553,Germany,Nürburg,2007-07-22,12:00:00,19.0,12.2,15.5,19.0,12.2,15.5,9.7,70.0,1.5,100.0,12.5,rain,0.0,0.0,20.5,24.8,249.1,1013.2,57.9,12.7,,,,,"Rain, Partially cloudy",Partly cloudy throughout the day with rain.,rain,"64,960,999,991,060,700,000,000,000,000,000"
554,Germany,Nürburg,2009-07-12,12:00:00,18.9,12.1,15.2,18.9,12.1,15.2,12.9,86.6,1.745,100.0,12.5,rain,0.0,0.0,39.6,20.5,221.6,1012.8,77.1,11.6,,,,,"Rain, Partially cloudy",Partly cloudy throughout the day with rain in the morning and afternoon.,rain,"64,960,999,991,060,700,000,000,000,000,000"
555,Germany,Nürburg,2011-07-24,12:00:00,13.3,7.9,10.5,13.3,5.6,9.4,8.8,89.9,5.631,100.0,37.5,rain,0.0,0.0,38.1,20.9,235.7,1010.4,85.4,10.4,,,,,"Rain, Partially cloudy",Partly cloudy throughout the day with a chance of rain throughout the day.,rain,"06494099999,EDFH,ETAD,06496099999,10607099999,10613099999"
579,Italy,Imola,2001-04-15,\N,15.2,1.3,8.4,15.2,-1.6,7.2,-0.9,55.8,0.0,0.0,0.0,,0.0,0.0,,24.5,219.5,1015.7,63.1,11.3,,,,,Partially cloudy,Partly cloudy throughout the day.,partly-cloudy-day,"1,617,009,999,916,140,000,000,000,000,000,000,000,000,000,000,000,000,000"
580,Italy,Imola,2002-04-14,\N,17.1,8.8,12.4,17.1,8.8,12.4,8.9,80.4,3.38,100.0,12.5,rain,0.0,0.0,,18.6,154.4,1003.8,70.6,11.1,,,,,"Rain, Partially cloudy",Partly cloudy throughout the day with rain.,rain,"16,170,099,999,161,400,000,000,000,000,000,000,000,000,000"
581,Italy,Imola,2003-04-20,\N,16.3,8.8,12.6,16.3,8.8,12.5,9.0,79.2,0.515,100.0,4.17,rain,0.0,0.0,,21.5,110.2,1014.8,71.7,7.9,,,,,"Rain, Partially cloudy",Partly cloudy throughout the day with late afternoon rain.,rain,"16,170,099,999,161,400,000,000,000,000,000,000,000,000,000"
582,Italy,Imola,2004-04-25,\N,16.5,7.5,12.3,16.5,5.7,11.9,6.6,70.2,12.629,100.0,4.17,rain,0.0,0.0,,22.9,54.8,1016.7,48.3,11.2,,,,,"Rain, Partially cloudy",Partly cloudy throughout the day with morning rain.,rain,"1,617,009,999,916,140,000,000,000,000,000,000,000,000,000,000,000,000,000"
583,Italy,Imola,2005-04-24,14:00:00,17.2,11.6,13.8,17.2,11.6,13.8,10.6,82.6,1.5,100.0,8.33,rain,0.0,0.0,,18.6,87.5,1016.5,90.2,9.5,,,,,"Rain, Overcast",Cloudy skies throughout the day with rain.,rain,"161,480,999,991,614,000,000,000,000,000,000"
584,Italy,Imola,2006-04-23,14:00:00,25.3,10.6,18.1,25.3,10.6,18.1,6.7,50.2,0.0,0.0,0.0,,0.0,0.0,,13.0,234.8,1014.3,,10.0,,,,,Clear,Partly cloudy throughout the day.,clear-day,"16,170,099,999,161,300,000,000,000,000,000,000,000,000,000"
603,Japan,Suzuka,2001-10-14,\N,23.8,11.5,17.3,23.8,11.5,17.3,9.6,63.2,0.0,0.0,0.0,,,,,10.7,321.0,,33.5,17.9,,,,,Partially cloudy,Partly cloudy throughout the day.,partly-cloudy-day,"476,490,999,994,763,000,000,000,000,000,000,000,000,000,000,000,000,000,000,000,000,000"
604,Japan,Suzuka,2002-10-13,\N,26.1,11.2,18.8,26.1,11.2,18.8,11.5,64.6,0.0,0.0,0.0,,,,,18.1,327.9,,4.5,17.9,,,,,Clear,Clear conditions throughout the day.,clear-day,"476,490,999,994,763,000,000,000,000,000,000,000,000,000,000,000,000,000,000,000,000,000"
605,Japan,Suzuka,2003-10-12,\N,21.5,18.3,20.1,21.5,18.3,20.1,17.8,86.4,0.492,100.0,8.33,rain,,,,7.8,331.1,,97.9,6.7,,,,,"Rain, Overcast",Cloudy skies throughout the day with rain.,rain,"476,490,999,994,763,000,000,000,000,000,000,000,000,000,000,000,000,000,000,000,000,000"
606,Japan,Suzuka,2004-10-10,\N,25.6,19.4,21.9,25.6,19.4,21.9,19.4,86.3,2.741,100.0,8.33,rain,,,,19.3,119.3,,82.6,9.5,,,,,"Rain, Partially cloudy",Partly cloudy throughout the day with rain.,rain,"476,490,999,994,763,000,000,000,000,000,000,000,000,000,000,000,000,000,000,000,000,000"
607,Japan,Suzuka,2005-10-09,14:00:00,26.3,16.7,20.5,26.3,16.7,20.5,13.7,68.3,0.483,100.0,4.17,rain,,,,11.3,332.9,,,12.1,,,,,Rain,Partly cloudy throughout the day with morning rain.,rain,"476,490,999,994,765,000,000,000,000,000,000"
608,Japan,Suzuka,2006-10-08,14:00:00,22.2,15.0,18.8,22.2,15.0,18.8,9.6,55.4,0.0,0.0,0.0,,,,,25.8,318.5,,51.4,29.8,,,,,Partially cloudy,Partly cloudy throughout the day.,partly-cloudy-day,"476,490,999,994,763,000,000,000,000,000,000,000,000,000,000,000,000,000,000,000,000,000"
609,Japan,Suzuka,2009-10-04,5:00:00,26.2,15.1,20.1,26.2,15.1,20.1,13.2,65.9,0.0,0.0,0.0,,,,,10.2,4.9,,36.2,19.9,,,,,Partially cloudy,Partly cloudy throughout the day.,partly-cloudy-day,"476,490,999,994,763,000,000,000,000,000,000,000,000,000,000,000,000,000,000,000,000,000"
610,Japan,Suzuka,2010-10-10,6:00:00,26.2,18.6,21.4,26.2,18.6,21.4,17.1,77.9,3.123,100.0,8.33,rain,,,,15.7,322.7,1008.4,32.5,26.1,189.7,16.5,7.0,,"Rain, Partially cloudy",Partly cloudy throughout the day with rain.,rain,"476,490,999,994,763,000,000,000,000,000,000,000,000,000,000,000,000,000,000,000,000,000"
611,Japan,Suzuka,2011-10-09,6:00:00,23.0,11.4,17.1,23.0,11.4,17.1,10.7,68.9,0.0,0.0,0.0,,,,,7.7,104.0,1024.1,30.5,14.1,222.3,19.3,8.0,,Partially cloudy,Partly cloudy throughout the day.,partly-cloudy-day,"476,490,999,994,763,000,000,000,000,000,000,000,000,000,000,000,000,000,000,000,000,000"
623,UAE,Abu Dhabi,2009-11-01,11:00:00,35.9,21.9,28.1,34.6,21.9,28.1,15.9,51.1,,0.0,0.0,,,,,20.7,74.1,1013.5,1.0,10.0,,,,,Clear,Clear conditions throughout the day.,clear-day,"4,121,609,999,941,210,000,000"
624,UAE,Abu Dhabi,2010-11-14,13:00:00,30.1,22.5,26.8,31.4,22.5,27.4,19.5,65.2,0.0,0.0,0.0,,,,,17.9,356.2,1012.9,16.8,9.6,192.4,16.7,7.0,,Clear,Clear conditions throughout the day.,clear-day,"41216099999,41217099999,KQGX,OMAD,OMAA"
625,UAE,Abu Dhabi,2011-11-13,13:00:00,28.0,16.4,22.9,28.5,16.4,23.0,16.2,66.5,0.0,0.0,0.0,,,,,13.2,315.0,1015.1,5.1,10.0,223.7,19.4,8.0,,Clear,Clear conditions throughout the day.,clear-day,"41216099999,41217099999,OMAD,KQGX,OMAA"
741,Korea,Yeongam County,2010-10-24,5:00:00,17.0,6.6,10.1,17.0,4.4,10.0,6.7,80.8,0.0,0.0,0.0,,,,,11.0,61.9,1019.3,60.3,11.3,160.5,13.8,6.0,,Partially cloudy,Partly cloudy throughout the day.,partly-cloudy-day,"LWOH,LGKZ,16614099999,13578099999,13461599999,13583099999"
742,Korea,Yeongam County,2011-10-16,6:00:00,8.3,1.1,5.7,5.6,-1.6,2.6,-3.4,53.3,0.0,0.0,0.0,,,,50.4,24.3,2.6,1022.3,57.9,12.0,169.3,14.6,6.0,,Partially cloudy,Partly cloudy throughout the day.,partly-cloudy-day,"LWOH,LGKZ,16614099999,13578099999,13461599999,13629099999,13583099999"
858,India,Uttar Pradesh,2011-10-30,9:30:00,30.2,16.1,22.9,28.7,16.1,22.6,11.5,51.5,0.0,0.0,0.0,,,,,14.8,273.3,1011.3,0.0,1.4,164.2,14.3,6.0,,Clear,Clear conditions throughout the day.,clear-day,"42182099999,VIDP,42181099999"
895,Austria,Spielberg,2001-05-13,\N,20.1,3.9,13.6,20.1,2.1,13.5,4.5,56.4,0.0,0.0,0.0,,0.0,0.0,,25.0,106.4,1016.3,29.8,23.7,,,,,Partially cloudy,Partly cloudy throughout the day.,partly-cloudy-day,"112,800,999,991,115,000,000,000,000,000,000,000,000,000,000,000,000,000,000,000,000,000,000,000,000,000,000,000,000,000,000,000,000"
896,Austria,Spielberg,2002-05-12,\N,23.9,6.2,15.3,23.9,6.2,15.3,9.0,69.9,1.787,100.0,8.33,rain,0.0,0.0,,15.6,111.3,1011.8,51.5,18.8,,,,,"Rain, Partially cloudy",Partly cloudy throughout the day with rain.,rain,"11,170,099,999,111,500,000,000,000,000,000,000,000,000,000,000,000,000,000,000,000,000,000,000,000,000,000,000,000,000,000,000,000,000,000,000,000"
897,Austria,Spielberg,2003-05-18,\N,22.0,5.1,13.4,22.0,5.1,13.3,6.8,67.4,0.045,100.0,4.17,rain,0.0,0.0,,12.9,247.4,1018.3,49.8,42.0,,,,,"Rain, Partially cloudy",Partly cloudy throughout the day with late afternoon rain.,rain,"11,280,099,999,112,200,000,000,000,000,000,000,000,000,000,000,000,000,000,000,000,000,000,000,000,000"
