constructorResultsId,raceId,constructorId,points,status
10034,750,106,0.0,\N
10033,750,66,0.0,\N
10032,750,32,2.0,\N
10031,750,6,3.0,\N
10030,750,170,8.0,\N
11239,687,190,0.0,\N
11246,688,66,0.0,\N
11247,688,190,0.0,\N
11248,688,194,0.0,\N
11256,689,194,0.0,\N
11257,689,176,0.0,\N
11258,689,189,0.0,\N
11266,667,183,0.0,\N
11267,667,190,0.0,\N
11268,667,89,0.0,\N
11269,667,170,0.0,\N
11270,667,66,0.0,\N
11271,667,195,0.0,\N
11278,668,66,0.0,\N
11279,668,191,0.0,\N
11286,669,190,0.0,\N
11287,669,191,0.0,\N
11288,669,196,0.0,\N
11289,669,194,0.0,\N
11297,670,11,0.0,\N
11298,670,191,0.0,\N
11299,670,194,0.0,\N
11306,671,180,0.0,\N
11307,671,11,0.0,\N
11308,671,187,0.0,\N
11309,671,195,0.0,\N
11317,672,180,0.0,\N
11318,672,191,0.0,\N
11326,673,195,0.0,\N
11327,673,82,0.0,\N
11328,673,190,0.0,\N
11329,673,194,0.0,\N
11337,674,26,0.0,\N
11338,674,1,0.0,\N
11339,674,82,0.0,\N
11340,674,195,0.0,\N
11341,674,11,0.0,\N
11348,675,180,0.0,\N
11349,675,191,0.0,\N
11350,675,11,0.0,\N
11351,675,190,0.0,\N
11352,675,195,0.0,\N
11359,676,6,0.0,\N
11360,676,191,0.0,\N
11361,676,11,0.0,\N
11362,676,194,0.0,\N
11369,677,195,0.0,\N
11370,677,191,0.0,\N
11371,677,194,0.0,\N
11372,677,6,0.0,\N
11373,677,82,0.0,\N
11380,678,82,0.0,\N
11381,678,191,0.0,\N
11382,678,6,0.0,\N
11523,656,66,0.0,\N
11521,656,180,6.0,\N
11528,657,187,6.0,\N
11534,658,182,6.0,\N
11541,659,180,6.0,\N
11547,660,182,4.0,\N
11552,661,182,6.0,\N
11563,663,196,9.0,\N
11572,664,187,2.0,\N
11570,664,180,4.0,\N
11578,665,182,6.0,\N
11584,666,182,6.0,\N
11520,656,196,9.0,\N
11527,657,196,9.0,\N
11533,658,180,9.0,\N
11540,659,196,9.0,\N
11546,660,196,9.0,\N
11551,661,196,9.0,\N
11557,662,182,9.0,\N
11569,664,182,9.0,\N
11577,665,180,9.0,\N
11583,666,187,9.0,\N
11532,657,180,0.0,\N
11538,658,6,0.0,\N
11539,658,66,0.0,\N
11545,659,66,0.0,\N
11550,660,6,0.0,\N
11556,661,66,0.0,\N
11562,662,66,0.0,\N
11576,664,183,0.0,\N
11582,665,187,0.0,\N
11588,666,180,0.0,\N
11716,643,187,6.0,\N
11715,643,34,9.0,\N
11724,644,187,6.0,\N
11723,644,37,9.0,\N
11733,645,34,6.0,\N
11732,645,32,9.0,\N
11741,646,66,9.0,\N
11749,647,37,6.0,\N
11748,647,32,9.0,\N
11759,648,37,6.0,\N
11758,648,32,9.0,\N
11768,649,34,6.0,\N
11767,649,32,9.0,\N
11777,650,6,6.0,\N
11776,650,32,12.0,\N
11788,651,34,4.0,\N
11787,651,6,15.0,\N
11799,652,37,6.0,\N
11798,652,6,9.0,\N
11810,653,37,4.0,\N
11809,653,6,9.0,\N
11821,654,66,6.0,\N
11820,654,32,9.0,\N
11831,655,6,9.0,\N
11722,643,86,0.0,\N
11730,644,86,0.0,\N
11731,644,198,0.0,\N
11739,645,6,0.0,\N
11740,645,198,0.0,\N
11747,646,86,0.0,\N
11756,647,198,0.0,\N
11757,647,85,0.0,\N
11765,648,198,0.0,\N
11766,648,85,0.0,\N
11774,649,82,0.0,\N
11775,649,198,0.0,\N
11785,650,198,0.0,\N
11786,650,85,0.0,\N
11796,651,86,0.0,\N
11797,651,85,0.0,\N
11807,652,32,0.0,\N
11808,652,85,0.0,\N
11818,653,34,0.0,\N
11819,653,25,0.0,\N
11829,654,86,0.0,\N
11830,654,198,0.0,\N
11839,655,25,0.0,\N
11847,632,200,0.0,\N
11848,632,199,0.0,\N
11849,632,66,0.0,\N
11857,633,180,0.0,\N
11858,633,200,0.0,\N
11866,634,34,0.0,\N
11867,634,82,0.0,\N
11874,635,25,0.0,\N
11875,635,1,0.0,\N
11876,635,180,0.0,\N
11877,635,201,0.0,\N
11884,636,34,0.0,\N
11885,636,200,0.0,\N
11886,636,199,0.0,\N
11887,636,6,0.0,\N
11894,637,34,0.0,\N
11895,637,201,0.0,\N
11896,637,199,0.0,\N
11897,637,1,0.0,\N
11898,637,6,0.0,\N
11905,638,66,0.0,\N
11906,638,199,0.0,\N
11907,638,82,0.0,\N
11908,638,1,0.0,\N
11915,639,199,0.0,\N
11916,639,25,0.0,\N
11917,639,6,0.0,\N
11925,640,34,0.0,\N
11926,640,199,0.0,\N
11927,640,6,0.0,\N
11928,640,85,0.0,\N
11935,641,82,0.0,\N
11936,641,63,0.0,\N
11937,641,34,0.0,\N
11944,642,1,0.0,\N
11945,642,199,0.0,\N
11946,642,63,0.0,\N
11947,642,180,0.0,\N
12076,623,66,9.0,\N
12049,620,25,9.0,\N
12058,621,1,9.0,\N
12067,622,32,9.0,\N
12175,605,32,9.0,\N
12037,606,63,0.0,\N
12038,606,37,0.0,\N
12185,607,1,6.0,\N
12184,607,25,9.0,\N
12057,620,82,0.0,\N
12066,621,63,0.0,\N
12075,622,66,0.0,\N
12084,623,37,0.0,\N
12095,624,32,9.0,\N
12104,624,81,0.0,\N
12112,625,6,0.0,\N
12113,625,66,0.0,\N
12122,626,63,0.0,\N
12123,626,81,0.0,\N
12124,626,83,0.0,\N
12132,627,82,0.0,\N
12133,627,32,0.0,\N
12134,627,81,0.0,\N
12143,628,34,0.0,\N
12144,628,84,0.0,\N
12145,628,6,0.0,\N
12153,629,82,0.0,\N
12154,629,25,0.0,\N
12155,629,81,0.0,\N
12163,630,66,0.0,\N
12164,630,32,0.0,\N
12172,631,82,0.0,\N
12173,631,66,0.0,\N
12174,631,81,0.0,\N
12183,605,63,0.0,\N
12192,607,37,0.0,\N
12193,607,66,0.0,\N
12201,608,80,0.0,\N
12202,608,6,0.0,\N
12203,608,63,0.0,\N
12212,609,37,0.0,\N
12213,609,80,0.0,\N
12214,609,6,0.0,\N
12223,610,80,0.0,\N
12224,610,66,0.0,\N
12225,610,81,0.0,\N
12233,611,63,0.0,\N
12234,611,80,0.0,\N
12235,611,58,0.0,\N
12260,612,25,6.0,\N
12259,612,32,9.0,\N
12271,613,32,6.0,\N
12270,613,1,9.0,\N
12268,612,80,0.0,\N
12269,612,57,0.0,\N
12280,613,81,0.0,\N
12281,613,63,0.0,\N
12290,614,34,0.0,\N
12291,614,81,0.0,\N
12292,614,57,0.0,\N
12300,615,37,0.0,\N
12301,615,66,0.0,\N
12310,616,37,0.0,\N
12311,616,57,0.0,\N
12312,616,58,0.0,\N
12320,617,58,0.0,\N
12321,617,66,0.0,\N
12322,617,80,0.0,\N
12323,617,57,0.0,\N
12332,618,63,0.0,\N
12333,618,6,0.0,\N
12334,618,57,0.0,\N
12342,619,6,0.0,\N
12343,619,63,0.0,\N
12344,619,57,0.0,\N
12345,619,25,0.0,\N
12353,590,32,0.0,\N
12354,590,63,0.0,\N
12355,590,80,0.0,\N
12356,590,58,0.0,\N
12364,591,66,0.0,\N
12365,591,26,0.0,\N
12366,591,58,0.0,\N
12367,591,80,0.0,\N
12376,592,32,0.0,\N
12377,592,6,0.0,\N
12378,592,64,0.0,\N
12389,593,26,0.0,\N
12390,593,80,0.0,\N
12391,593,32,0.0,\N
12392,593,78,0.0,\N
12404,594,32,0.0,\N
12405,594,79,0.0,\N
12406,594,63,0.0,\N
12407,594,64,0.0,\N
12418,595,37,0.0,\N
12419,595,80,0.0,\N
12420,595,63,0.0,\N
12421,595,77,0.0,\N
12422,595,78,0.0,\N
12432,596,6,0.0,\N
12433,596,63,0.0,\N
12434,596,32,0.0,\N
12435,596,66,0.0,\N
12447,597,63,0.0,\N
12448,597,64,0.0,\N
12449,597,77,0.0,\N
12459,598,34,0.0,\N
12460,598,63,0.0,\N
12461,598,64,0.0,\N
12462,598,57,0.0,\N
12475,599,64,0.0,\N
12476,599,79,0.0,\N
12477,599,57,0.0,\N
12478,599,76,0.0,\N
12479,599,74,0.0,\N
12492,600,80,0.0,\N
12493,600,57,0.0,\N
12494,600,77,0.0,\N
12495,600,78,0.0,\N
12496,600,74,0.0,\N
12507,601,32,0.0,\N
12508,601,25,0.0,\N
12509,601,80,0.0,\N
12510,601,66,0.0,\N
12511,601,57,0.0,\N
12522,602,66,0.0,\N
12523,602,64,0.0,\N
12524,602,63,0.0,\N
12525,602,57,0.0,\N
12526,602,78,0.0,\N
12537,603,80,0.0,\N
12538,603,66,0.0,\N
12539,603,58,0.0,\N
12540,603,37,0.0,\N
12541,603,57,0.0,\N
12553,604,67,0.0,\N
12554,604,63,0.0,\N
12555,604,37,0.0,\N
12556,604,73,0.0,\N
12567,576,3,0.0,\N
12568,576,73,0.0,\N
12569,576,66,0.0,\N
12570,576,56,0.0,\N
12571,576,63,0.0,\N
12583,577,25,0.0,\N
12584,577,67,0.0,\N
12585,577,66,0.0,\N
12586,577,37,0.0,\N
12599,578,37,0.0,\N
12600,578,63,0.0,\N
12601,578,56,0.0,\N
12602,578,26,0.0,\N
12614,579,66,0.0,\N
12615,579,64,0.0,\N
12616,579,25,0.0,\N
12617,579,67,0.0,\N
12618,579,56,0.0,\N
12630,580,3,0.0,\N
12631,580,75,0.0,\N
12632,580,66,0.0,\N
12633,580,57,0.0,\N
12634,580,56,0.0,\N
12645,581,37,0.0,\N
12646,581,32,0.0,\N
12647,581,3,0.0,\N
12648,581,64,0.0,\N
12775,582,73,3.0,\N
12774,582,34,6.0,\N
12773,582,6,9.0,\N
12789,583,6,6.0,\N
12788,583,64,9.0,\N
12806,584,1,4.0,\N
12805,584,64,6.0,\N
12804,584,6,9.0,\N
12822,585,25,4.0,\N
12821,585,34,6.0,\N
12820,585,1,9.0,\N
12837,586,3,6.0,\N
12836,586,34,9.0,\N
12852,587,202,2.0,\N
12851,587,64,3.0,\N
12850,587,37,4.5,\N
12869,588,34,3.0,\N
12868,588,1,6.0,\N
12867,588,6,9.0,\N
12885,589,64,3.0,\N
12884,589,1,6.0,\N
12883,589,6,9.0,\N
12785,582,56,0.0,\N
12786,582,202,0.0,\N
12787,582,37,0.0,\N
12802,583,66,0.0,\N
12803,583,74,0.0,\N
12817,584,37,0.0,\N
12818,584,56,0.0,\N
12819,584,67,0.0,\N
12833,585,3,0.0,\N
12834,585,57,0.0,\N
12835,585,74,0.0,\N
12848,586,32,0.0,\N
12849,586,74,0.0,\N
12864,587,73,0.0,\N
12865,587,74,0.0,\N
12866,587,56,0.0,\N
12880,588,73,0.0,\N
12881,588,66,0.0,\N
12882,588,74,0.0,\N
12894,589,73,0.0,\N
12895,589,75,0.0,\N
12896,589,3,0.0,\N
12905,560,56,0.0,\N
12906,560,27,0.0,\N
12907,560,32,0.0,\N
12908,560,67,0.0,\N
12909,560,66,0.0,\N
12920,561,57,0.0,\N
12921,561,64,0.0,\N
12922,561,56,0.0,\N
12923,561,27,0.0,\N
12924,561,204,0.0,\N
12935,562,67,0.0,\N
12936,562,73,0.0,\N
12937,562,32,0.0,\N
12938,562,59,0.0,\N
12939,562,64,0.0,\N
12950,563,25,0.0,\N
12951,563,67,0.0,\N
12952,563,37,0.0,\N
12953,563,56,0.0,\N
12954,563,182,0.0,\N
12955,563,3,0.0,\N
12956,563,64,0.0,\N
12967,564,204,0.0,\N
12968,564,57,0.0,\N
12969,564,37,0.0,\N
12970,564,64,0.0,\N
12971,564,32,0.0,\N
12972,564,56,0.0,\N
12983,565,57,0.0,\N
12984,565,32,0.0,\N
12985,565,63,0.0,\N
12986,565,70,0.0,\N
12987,565,64,0.0,\N
12999,566,59,0.0,\N
13000,566,70,0.0,\N
13001,566,56,0.0,\N
13002,566,182,0.0,\N
13003,566,67,0.0,\N
13013,567,63,0.0,\N
13014,567,64,0.0,\N
13015,567,57,0.0,\N
13016,567,56,0.0,\N
13017,567,6,0.0,\N
13018,567,182,0.0,\N
13029,568,37,0.0,\N
13030,568,27,0.0,\N
13031,568,182,0.0,\N
13032,568,57,0.0,\N
13033,568,59,0.0,\N
13044,569,59,0.0,\N
13045,569,37,0.0,\N
13046,569,27,0.0,\N
13047,569,57,0.0,\N
13048,569,182,0.0,\N
13058,570,57,0.0,\N
13059,570,56,0.0,\N
13060,570,204,0.0,\N
13061,570,58,0.0,\N
13062,570,59,0.0,\N
13073,571,204,0.0,\N
13074,571,27,0.0,\N
13075,571,70,0.0,\N
13076,571,56,0.0,\N
13077,571,59,0.0,\N
13089,572,204,0.0,\N
13090,572,1,0.0,\N
13091,572,70,0.0,\N
13092,572,59,0.0,\N
13103,573,64,0.0,\N
13104,573,27,0.0,\N
13105,573,56,0.0,\N
13106,573,59,0.0,\N
13116,574,59,0.0,\N
13117,574,27,0.0,\N
13118,574,204,0.0,\N
13119,574,32,0.0,\N
13120,574,57,0.0,\N
13131,575,37,0.0,\N
13132,575,67,0.0,\N
13133,575,56,0.0,\N
13134,575,204,0.0,\N
13135,575,74,0.0,\N
13145,543,27,0.0,\N
13146,543,25,0.0,\N
13147,543,1,0.0,\N
13157,544,37,0.0,\N
13158,544,57,0.0,\N
13159,544,59,0.0,\N
13160,544,66,0.0,\N
13170,545,37,0.0,\N
13171,545,66,0.0,\N
13172,545,27,0.0,\N
13173,545,58,0.0,\N
13183,546,63,0.0,\N
13184,546,57,0.0,\N
13185,546,34,0.0,\N
13186,546,58,0.0,\N
13198,547,64,0.0,\N
13199,547,57,0.0,\N
13200,547,67,0.0,\N
13201,547,68,0.0,\N
13202,547,66,0.0,\N
13212,548,64,0.0,\N
13213,548,34,0.0,\N
13214,548,25,0.0,\N
13215,548,56,0.0,\N
13216,548,37,0.0,\N
13228,549,59,0.0,\N
13229,549,27,0.0,\N
13230,549,57,0.0,\N
13231,549,56,0.0,\N
13232,549,66,0.0,\N
13244,550,37,0.0,\N
13245,550,56,0.0,\N
13246,550,63,0.0,\N
13247,550,59,0.0,\N
13248,550,66,0.0,\N
13261,551,58,0.0,\N
13262,551,68,0.0,\N
13263,551,67,0.0,\N
13264,551,66,0.0,\N
13278,552,57,0.0,\N
13279,552,64,0.0,\N
13280,552,68,0.0,\N
13281,552,66,0.0,\N
13282,552,69,0.0,\N
13293,553,1,0.0,\N
13294,553,27,0.0,\N
13295,553,67,0.0,\N
13296,553,56,0.0,\N
13297,553,66,0.0,\N
13307,554,63,0.0,\N
13308,554,59,0.0,\N
13309,554,57,0.0,\N
13310,554,32,0.0,\N
13311,554,27,0.0,\N
13324,555,4,0.0,\N
13325,555,32,0.0,\N
13326,555,25,0.0,\N
13327,555,64,0.0,\N
13328,555,66,0.0,\N
13341,556,67,0.0,\N
13342,556,63,0.0,\N
13343,556,56,0.0,\N
13344,556,70,0.0,\N
13345,556,66,0.0,\N
13346,556,71,0.0,\N
13357,557,56,0.0,\N
13358,557,25,0.0,\N
13359,557,37,0.0,\N
13360,557,4,0.0,\N
13361,557,67,0.0,\N
13372,558,64,0.0,\N
13373,558,56,0.0,\N
13374,558,34,0.0,\N
13375,558,27,0.0,\N
13376,558,4,0.0,\N
13385,559,72,0.0,\N
13386,559,37,0.0,\N
13387,559,32,0.0,\N
13388,559,57,0.0,\N
13401,527,57,0.0,\N
13402,527,60,0.0,\N
13403,527,55,0.0,\N
13404,527,64,0.0,\N
13416,528,59,0.0,\N
13417,528,57,0.0,\N
13418,528,63,0.0,\N
13419,528,60,0.0,\N
13420,528,55,0.0,\N
13421,528,64,0.0,\N
13436,529,56,0.0,\N
13437,529,64,0.0,\N
13438,529,65,0.0,\N
13439,529,58,0.0,\N
13440,529,57,0.0,\N
13454,530,34,0.0,\N
13455,530,60,0.0,\N
13456,530,57,0.0,\N
13457,530,55,0.0,\N
13458,530,64,0.0,\N
13474,531,55,0.0,\N
13475,531,64,0.0,\N
13476,531,65,0.0,\N
13477,531,60,0.0,\N
13493,532,56,0.0,\N
13494,532,64,0.0,\N
13495,532,55,0.0,\N
13496,532,60,0.0,\N
13509,533,58,0.0,\N
13510,533,57,0.0,\N
13511,533,56,0.0,\N
13512,533,60,0.0,\N
13513,533,55,0.0,\N
13525,534,25,0.0,\N
13526,534,4,0.0,\N
13527,534,59,0.0,\N
13528,534,63,0.0,\N
13529,534,57,0.0,\N
13542,535,63,0.0,\N
13543,535,56,0.0,\N
13544,535,4,0.0,\N
13545,535,60,0.0,\N
13546,535,57,0.0,\N
13558,536,56,0.0,\N
13559,536,60,0.0,\N
13560,536,57,0.0,\N
13561,536,32,0.0,\N
13562,536,3,0.0,\N
13575,537,4,0.0,\N
13576,537,54,0.0,\N
13577,537,58,0.0,\N
13578,537,60,0.0,\N
13579,537,65,0.0,\N
13591,538,57,0.0,\N
13592,538,4,0.0,\N
13593,538,3,0.0,\N
13594,538,21,0.0,\N
13595,538,60,0.0,\N
13596,538,54,0.0,\N
13610,539,25,0.0,\N
13611,539,57,0.0,\N
13612,539,21,0.0,\N
13613,539,54,0.0,\N
13625,540,21,0.0,\N
13626,540,60,0.0,\N
13627,540,4,0.0,\N
13628,540,63,0.0,\N
13629,540,54,0.0,\N
13641,541,32,0.0,\N
13642,541,21,0.0,\N
13643,541,60,0.0,\N
13644,541,54,0.0,\N
13645,541,34,0.0,\N
13646,541,63,0.0,\N
13658,542,27,0.0,\N
13659,542,63,0.0,\N
13660,542,58,0.0,\N
13661,542,56,0.0,\N
13662,542,60,0.0,\N
13694,512,32,8.0,\N
13693,512,27,12.0,\N
13689,513,54,0.0,\N
13690,513,59,0.0,\N
13691,513,204,0.0,\N
13692,513,60,0.0,\N
13706,512,60,0.0,\N
13707,512,54,0.0,\N
13718,515,54,0.0,\N
13719,515,56,0.0,\N
13720,515,60,0.0,\N
13721,515,59,0.0,\N
13722,515,4,0.0,\N
13735,516,59,0.0,\N
13736,516,57,0.0,\N
13737,516,60,0.0,\N
13738,516,61,0.0,\N
13750,517,204,0.0,\N
13751,517,4,0.0,\N
13752,517,51,0.0,\N
13753,517,60,0.0,\N
13754,517,57,0.0,\N
13755,517,61,0.0,\N
13766,518,56,0.0,\N
13767,518,59,0.0,\N
13768,518,58,0.0,\N
13769,518,57,0.0,\N
13770,518,60,0.0,\N
13783,519,204,0.0,\N
13784,519,54,0.0,\N
13785,519,57,0.0,\N
13786,519,60,0.0,\N
13797,520,59,0.0,\N
13798,520,56,0.0,\N
13799,520,204,0.0,\N
13800,520,54,0.0,\N
13801,520,60,0.0,\N
13819,521,6,3.0,\N
13818,521,27,4.0,\N
13817,521,3,15.0,\N
13829,521,54,0.0,\N
13830,521,57,0.0,\N
13831,521,60,0.0,\N
13842,523,1,0.0,\N
13843,523,54,0.0,\N
13844,523,56,0.0,\N
13845,523,57,0.0,\N
13846,523,60,0.0,\N
13859,524,58,0.0,\N
13860,524,1,0.0,\N
13861,524,57,0.0,\N
13862,524,60,0.0,\N
13863,524,62,0.0,\N
13877,525,54,0.0,\N
13878,525,57,0.0,\N
13879,525,59,0.0,\N
13880,525,60,0.0,\N
13892,526,59,0.0,\N
13893,526,32,0.0,\N
13894,526,27,0.0,\N
13895,526,51,0.0,\N
13896,526,62,0.0,\N
13897,526,60,0.0,\N
13898,514,204,1.0,\N
13899,522,204,0.0,\N
13900,337,6,43.0,\N
13901,337,1,21.0,\N
13902,337,9,16.0,\N
13903,337,131,18.0,\N
13904,337,10,2.0,\N
13905,337,3,1.0,\N
13906,337,4,0.0,\N
13907,337,5,0.0,\N
13908,337,205,0.0,\N
13909,337,15,0.0,\N
13910,337,164,0.0,\N
13911,337,166,0.0,\N
13912,338,1,33.0,\N
13913,338,4,18.0,\N
13914,338,6,27.0,\N
13915,338,131,11.0,\N
13916,338,10,6.0,\N
13917,338,3,4.0,\N
13918,338,9,2.0,\N
13919,338,5,0.0,\N
13920,338,15,0.0,\N
13921,338,205,0.0,\N
13922,338,164,0.0,\N
13923,338,166,0.0,\N
13924,339,9,43.0,\N
13925,339,131,15.0,\N
13926,339,4,12.0,\N
13927,339,10,10.0,\N
13928,339,1,12.0,\N
13929,339,6,6.0,\N
13930,339,5,2.0,\N
13931,339,3,1.0,\N
13932,339,166,0.0,\N
13933,339,164,0.0,\N
13934,339,205,0.0,\N
13935,339,15,0.0,\N
13936,340,1,43.0,\N
13937,340,131,16.0,\N
13938,340,6,14.0,\N
13939,340,4,16.0,\N
13940,340,9,12.0,\N
13941,340,10,0.0,\N
13942,340,3,0.0,\N
13943,340,5,0.0,\N
13944,340,205,0.0,\N
13945,340,164,0.0,\N
13946,340,166,0.0,\N
13947,340,15,0.0,\N
13948,341,9,40.0,\N
13949,341,6,26.0,\N
13950,341,131,12.0,\N
13951,341,1,10.0,\N
13952,341,10,6.0,\N
13953,341,4,4.0,\N
13954,341,3,2.0,\N
13955,341,5,1.0,\N
13956,341,15,0.0,\N
13957,341,205,0.0,\N
13958,341,166,0.0,\N
13959,341,164,0.0,\N
13960,342,9,43.0,\N
13961,342,4,15.0,\N
13962,342,6,20.0,\N
13963,342,1,10.0,\N
13964,342,131,6.0,\N
13965,342,10,6.0,\N
13966,342,5,1.0,\N
13967,342,164,0.0,\N
13968,342,205,0.0,\N
13969,342,3,0.0,\N
13970,342,15,0.0,\N
13971,342,166,0.0,\N
13972,343,1,43.0,\N
13973,343,9,15.0,\N
13974,343,131,22.0,\N
13975,343,4,8.0,\N
13976,343,6,10.0,\N
13977,343,10,2.0,\N
13978,343,15,1.0,\N
13979,343,5,0.0,\N
13980,343,3,0.0,\N
13981,343,166,0.0,\N
13982,343,164,0.0,\N
13983,343,205,0.0,\N
13984,344,1,43.0,\N
13985,344,6,15.0,\N
13986,344,9,22.0,\N
13987,344,131,8.0,\N
13988,344,4,6.0,\N
13989,344,5,4.0,\N
13990,344,10,3.0,\N
13991,344,3,0.0,\N
13992,344,205,0.0,\N
13993,344,164,0.0,\N
13994,344,166,0.0,\N
13995,344,15,0.0,\N
13996,345,9,25.0,\N
13997,345,1,33.0,\N
13998,345,3,12.0,\N
13999,345,4,10.0,\N
14000,345,10,8.0,\N
14001,345,15,6.0,\N
14002,345,6,4.0,\N
14003,345,5,2.0,\N
14004,345,131,1.0,\N
14005,345,166,0.0,\N
14006,345,164,0.0,\N
14007,345,205,0.0,\N
14008,346,9,31.0,\N
14009,346,1,30.0,\N
14010,346,131,17.0,\N
14011,346,3,11.0,\N
14012,346,15,8.0,\N
14013,346,10,4.0,\N
14014,346,5,0.0,\N
14015,346,4,0.0,\N
14016,346,6,0.0,\N
14017,346,205,0.0,\N
14018,346,166,0.0,\N
14019,346,164,0.0,\N
14020,347,6,43.0,\N
14021,347,9,23.0,\N
14022,347,1,22.0,\N
14023,347,4,7.0,\N
14024,347,131,6.0,\N
14025,347,15,0.0,\N
14026,347,3,0.0,\N
14027,347,5,0.0,\N
14028,347,10,0.0,\N
14029,347,166,0.0,\N
14030,347,164,0.0,\N
14031,347,205,0.0,\N
14032,348,9,40.0,\N
14033,348,6,30.0,\N
14034,348,4,10.0,\N
14035,348,3,9.0,\N
14036,348,15,8.0,\N
14037,348,1,4.0,\N
14038,348,131,0.0,\N
14039,348,5,0.0,\N
14040,348,10,0.0,\N
14041,348,205,0.0,\N
14042,348,166,0.0,\N
14043,348,164,0.0,\N
14044,349,1,25.0,\N
14045,349,9,18.0,\N
14046,349,4,17.0,\N
14047,349,6,12.0,\N
14048,349,10,11.0,\N
14049,349,131,14.0,\N
14050,349,15,4.0,\N
14051,349,5,0.0,\N
14052,349,3,0.0,\N
14053,349,205,0.0,\N
14054,349,166,0.0,\N
14055,349,164,0.0,\N
14056,350,6,40.0,\N
14057,350,1,18.0,\N
14058,350,9,20.0,\N
14059,350,131,12.0,\N
14060,350,3,7.0,\N
14061,350,4,4.0,\N
14062,350,5,0.0,\N
14063,350,10,0.0,\N
14064,350,15,0.0,\N
14065,350,166,0.0,\N
14066,350,205,0.0,\N
14067,350,164,0.0,\N
14068,351,6,29.0,\N
14069,351,9,33.0,\N
14070,351,1,12.0,\N
14071,351,131,10.0,\N
14072,351,3,9.0,\N
14073,351,4,6.0,\N
14074,351,10,2.0,\N
14075,351,5,0.0,\N
14076,351,166,0.0,\N
14077,351,205,0.0,\N
14078,351,15,0.0,\N
14079,351,164,0.0,\N
14080,352,9,43.0,\N
14081,352,6,15.0,\N
14082,352,1,22.0,\N
14083,352,131,8.0,\N
14084,352,15,10.0,\N
14085,352,3,2.0,\N
14086,352,5,1.0,\N
14087,352,205,0.0,\N
14088,352,166,0.0,\N
14089,352,164,0.0,\N
14090,352,10,0.0,\N
14091,352,4,0.0,\N
14092,353,6,40.0,\N
14093,353,1,18.0,\N
14094,353,131,12.0,\N
14095,353,4,10.0,\N
14096,353,10,8.0,\N
14097,353,3,7.0,\N
14098,353,15,6.0,\N
14099,353,5,0.0,\N
14100,353,205,0.0,\N
14101,353,164,0.0,\N
14102,353,9,0.0,\N
14103,353,166,0.0,\N
14104,354,9,43.0,\N
14105,354,6,15.0,\N
14106,354,1,22.0,\N
14107,354,131,14.0,\N
14108,354,3,4.0,\N
14109,354,4,2.0,\N
14110,354,15,1.0,\N
14111,354,5,0.0,\N
14112,354,10,0.0,\N
14113,354,205,0.0,\N
14114,354,166,0.0,\N
14115,354,164,0.0,\N
14116,355,9,29.0,\N
14117,355,1,33.0,\N
14118,355,131,12.0,\N
14119,355,4,18.0,\N
14120,355,6,7.0,\N
14121,355,5,2.0,\N
14122,355,15,0.0,\N
14123,355,3,0.0,\N
14124,355,10,0.0,\N
14125,355,205,0.0,\N
14126,355,166,0.0,\N
14127,355,164,0.0,\N
14129,841,9,35.0,\N
14130,841,1,26.0,\N
14131,841,4,15.0,\N
14132,841,6,18.0,\N
14133,841,15,0.0,\N
14134,841,5,4.0,\N
14135,841,10,3.0,\N
14136,841,205,0.0,\N
14137,841,166,0.0,\N
14138,841,3,0.0,\N
14139,841,131,0.0,\N
14140,842,9,37.0,\N
14141,842,1,22.0,\N
14142,842,4,15.0,\N
14143,842,6,18.0,\N
14144,842,15,6.0,\N
14145,842,131,2.0,\N
14146,842,10,1.0,\N
14147,842,5,0.0,\N
14148,842,205,0.0,\N
14149,842,166,0.0,\N
14150,842,164,0.0,\N
14151,842,3,0.0,\N
14152,843,1,37.0,\N
14153,843,9,33.0,\N
14154,843,131,14.0,\N
14155,843,6,14.0,\N
14156,843,4,2.0,\N
14157,843,15,1.0,\N
14158,843,10,0.0,\N
14159,843,3,0.0,\N
14160,843,5,0.0,\N
14161,843,205,0.0,\N
14162,843,166,0.0,\N
14163,843,164,0.0,\N
14164,844,9,43.0,\N
14165,844,6,15.0,\N
14166,844,1,20.0,\N
14167,844,131,10.0,\N
14168,844,4,10.0,\N
14169,844,5,2.0,\N
14170,844,15,1.0,\N
14171,844,10,0.0,\N
14172,844,3,0.0,\N
14173,844,205,0.0,\N
14174,844,166,0.0,\N
14175,844,164,0.0,\N
14176,845,9,37.0,\N
14177,845,1,33.0,\N
14178,845,6,10.0,\N
14179,845,131,14.0,\N
14180,845,4,4.0,\N
14181,845,15,3.0,\N
14182,845,10,0.0,\N
14183,845,5,0.0,\N
14184,845,3,0.0,\N
14185,845,205,0.0,\N
14186,845,166,0.0,\N
14187,845,164,0.0,\N
14188,846,9,37.0,\N
14189,846,6,18.0,\N
14190,846,1,23.0,\N
14191,846,15,10.0,\N
14192,846,10,6.0,\N
14193,846,4,4.0,\N
14194,846,3,2.0,\N
14195,846,5,1.0,\N
14196,846,131,0.0,\N
14197,846,205,0.0,\N
14198,846,166,0.0,\N
14199,846,164,0.0,\N
14200,847,1,25.0,\N
14201,847,9,33.0,\N
14202,847,131,12.0,\N
14203,847,4,10.0,\N
14204,847,6,8.0,\N
14205,847,15,6.0,\N
14206,847,5,5.0,\N
14207,847,3,2.0,\N
14208,847,164,0.0,\N
14209,847,166,0.0,\N
14210,847,205,0.0,\N
14211,847,10,0.0,\N
14212,848,9,40.0,\N
14213,848,6,28.0,\N
14214,848,1,20.0,\N
14215,848,131,6.0,\N
14216,848,5,4.0,\N
14217,848,10,2.0,\N
14218,848,4,1.0,\N
14219,848,15,0.0,\N
14220,848,3,0.0,\N
14221,848,205,0.0,\N
14222,848,166,0.0,\N
14223,848,164,0.0,\N
14224,849,6,35.0,\N
14225,849,9,33.0,\N
14226,849,1,12.0,\N
14227,849,131,10.0,\N
14228,849,15,6.0,\N
14229,849,4,4.0,\N
14230,849,5,1.0,\N
14231,849,10,0.0,\N
14232,849,3,0.0,\N
14233,849,166,0.0,\N
14234,849,164,0.0,\N
14235,849,205,0.0,\N
14236,850,1,25.0,\N
14237,850,6,28.0,\N
14238,850,9,27.0,\N
14239,850,10,8.0,\N
14240,850,131,10.0,\N
14241,850,15,2.0,\N
14242,850,4,1.0,\N
14243,850,5,0.0,\N
14244,850,3,0.0,\N
14245,850,205,0.0,\N
14246,850,166,0.0,\N
14247,850,164,0.0,\N
14248,851,1,37.0,\N
14249,851,9,28.0,\N
14250,851,6,23.0,\N
14251,851,10,6.0,\N
14252,851,5,5.0,\N
14253,851,131,2.0,\N
14254,851,15,0.0,\N
14255,851,4,0.0,\N
14256,851,3,0.0,\N
14257,851,166,0.0,\N
14258,851,164,0.0,\N
14259,851,205,0.0,\N
14260,852,9,43.0,\N
14261,852,1,15.0,\N
14262,852,6,16.0,\N
14263,852,131,18.0,\N
14264,852,10,6.0,\N
14265,852,4,2.0,\N
14266,852,3,1.0,\N
14267,852,15,0.0,\N
14268,852,205,0.0,\N
14269,852,166,0.0,\N
14270,852,164,0.0,\N
14271,852,5,0.0,\N
14272,853,9,25.0,\N
14273,853,1,30.0,\N
14274,853,6,23.0,\N
14275,853,131,10.0,\N
14276,853,5,7.0,\N
14277,853,10,4.0,\N
14278,853,4,2.0,\N
14279,853,3,0.0,\N
14280,853,205,0.0,\N
14281,853,166,0.0,\N
14282,853,164,0.0,\N
14283,853,15,0.0,\N
14284,854,9,40.0,\N
14285,854,1,28.0,\N
14286,854,6,14.0,\N
14287,854,10,12.0,\N
14288,854,131,6.0,\N
14289,854,15,1.0,\N
14290,854,3,0.0,\N
14291,854,5,0.0,\N
14292,854,4,0.0,\N
14293,854,205,0.0,\N
14294,854,166,0.0,\N
14295,854,164,0.0,\N
14296,855,1,35.0,\N
14297,855,6,24.0,\N
14298,855,9,27.0,\N
14299,855,131,9.0,\N
14300,855,15,4.0,\N
14301,855,4,2.0,\N
14302,855,10,0.0,\N
14303,855,3,0.0,\N
14304,855,5,0.0,\N
14305,855,205,0.0,\N
14306,855,166,0.0,\N
14307,855,164,0.0,\N
14308,856,9,40.0,\N
14309,856,1,30.0,\N
14310,856,6,18.0,\N
14311,856,5,8.0,\N
14312,856,131,4.0,\N
14313,856,10,1.0,\N
14314,856,3,0.0,\N
14315,856,4,0.0,\N
14316,856,205,0.0,\N
14317,856,15,0.0,\N
14318,856,166,0.0,\N
14319,856,164,0.0,\N
14320,857,9,37.0,\N
14321,857,1,24.0,\N
14322,857,6,15.0,\N
14323,857,131,18.0,\N
14324,857,5,4.0,\N
14325,857,10,2.0,\N
14326,857,15,1.0,\N
14327,857,4,0.0,\N
14328,857,205,0.0,\N
14329,857,3,0.0,\N
14330,857,166,0.0,\N
14331,857,164,0.0,\N
14332,858,1,40.0,\N
14333,858,6,28.0,\N
14334,858,9,12.0,\N
14335,858,131,14.0,\N
14336,858,10,6.0,\N
14337,858,15,1.0,\N
14338,858,3,0.0,\N
14339,858,4,0.0,\N
14340,858,5,0.0,\N
14341,858,205,0.0,\N
14342,858,166,0.0,\N
14343,858,164,0.0,\N
14344,859,9,43.0,\N
14345,859,1,15.0,\N
14346,859,6,22.0,\N
14347,859,10,12.0,\N
14348,859,131,6.0,\N
14349,859,15,2.0,\N
14350,859,4,1.0,\N
14351,859,5,0.0,\N
14352,859,3,0.0,\N
14353,859,205,0.0,\N
14354,859,166,0.0,\N
14355,859,164,0.0,\N
14356,860,1,40.0,\N
14357,860,9,30.0,\N
14358,860,6,10.0,\N
14359,860,15,12.0,\N
14360,860,208,6.0,\N
14361,860,5,2.0,\N
14362,860,10,1.0,\N
14363,860,131,0.0,\N
14364,860,3,0.0,\N
14365,860,206,0.0,\N
14366,860,207,0.0,\N
14367,861,6,25.0,\N
14368,861,15,18.0,\N
14369,861,1,15.0,\N
14370,861,9,12.0,\N
14371,861,208,10.0,\N
14372,861,3,8.0,\N
14373,861,10,8.0,\N
14374,861,5,4.0,\N
14375,861,131,1.0,\N
14376,861,207,0.0,\N
14377,861,206,0.0,\N
14378,861,164,0.0,\N
14379,862,131,25.0,\N
14380,862,1,33.0,\N
14381,862,9,22.0,\N
14382,862,208,8.0,\N
14383,862,3,10.0,\N
14384,862,6,2.0,\N
14385,862,15,1.0,\N
14386,862,10,0.0,\N
14387,862,5,0.0,\N
14388,862,207,0.0,\N
14389,862,206,0.0,\N
14390,862,164,0.0,\N
14391,863,9,37.0,\N
14392,863,208,33.0,\N
14393,863,131,11.0,\N
14394,863,10,8.0,\N
14395,863,6,8.0,\N
14396,863,1,4.0,\N
14397,863,15,0.0,\N
14398,863,5,0.0,\N
14399,863,207,0.0,\N
14400,863,206,0.0,\N
14401,863,164,0.0,\N
14402,863,3,0.0,\N
14403,864,3,25.0,\N
14404,864,6,18.0,\N
14405,864,208,27.0,\N
14406,864,15,10.0,\N
14407,864,9,8.0,\N
14408,864,131,6.0,\N
14409,864,1,6.0,\N
14410,864,10,1.0,\N
14411,864,5,0.0,\N
14412,864,207,0.0,\N
14413,864,206,0.0,\N
14414,864,164,0.0,\N
14415,865,9,37.0,\N
14416,865,131,18.0,\N
14417,865,6,23.0,\N
14418,865,1,10.0,\N
14419,865,10,10.0,\N
14420,865,208,2.0,\N
14421,865,3,1.0,\N
14422,865,15,0.0,\N
14423,865,5,0.0,\N
14424,865,207,0.0,\N
14425,865,206,0.0,\N
14426,865,164,0.0,\N
14427,866,1,25.0,\N
14428,866,208,22.0,\N
14429,866,15,17.0,\N
14430,866,9,18.0,\N
14431,866,6,11.0,\N
14432,866,131,8.0,\N
14433,866,10,0.0,\N
14434,866,3,0.0,\N
14435,866,5,0.0,\N
14436,866,207,0.0,\N
14437,866,206,0.0,\N
14438,866,164,0.0,\N
14439,867,6,25.0,\N
14440,867,208,18.0,\N
14441,867,131,23.0,\N
14442,867,9,12.0,\N
14443,867,10,16.0,\N
14444,867,1,4.0,\N
14445,867,15,2.0,\N
14446,867,3,1.0,\N
14447,867,5,0.0,\N
14448,867,207,0.0,\N
14449,867,206,0.0,\N
14450,867,164,0.0,\N
14451,868,9,40.0,\N
14452,868,6,30.0,\N
14453,868,208,18.0,\N
14454,868,131,6.0,\N
14455,868,1,5.0,\N
14456,868,3,2.0,\N
14457,868,15,0.0,\N
14458,868,10,0.0,\N
14459,868,5,0.0,\N
14460,868,207,0.0,\N
14461,868,206,0.0,\N
14462,868,164,0.0,\N
14463,869,6,25.0,\N
14464,869,9,14.0,\N
14465,869,1,18.0,\N
14466,869,208,15.0,\N
14467,869,15,20.0,\N
14468,869,131,7.0,\N
14469,869,10,2.0,\N
14470,869,5,0.0,\N
14471,869,3,0.0,\N
14472,869,207,0.0,\N
14473,869,206,0.0,\N
14474,869,164,0.0,\N
14475,870,1,33.0,\N
14476,870,208,33.0,\N
14477,870,9,16.0,\N
14478,870,6,12.0,\N
14479,870,3,6.0,\N
14480,870,131,1.0,\N
14481,870,10,0.0,\N
14482,870,15,0.0,\N
14483,870,5,0.0,\N
14484,870,207,0.0,\N
14485,870,206,0.0,\N
14486,870,164,0.0,\N
14487,871,1,25.0,\N
14488,871,9,26.0,\N
14489,871,208,15.0,\N
14490,871,10,13.0,\N
14491,871,6,10.0,\N
14492,871,131,6.0,\N
14493,871,5,6.0,\N
14494,871,3,0.0,\N
14495,871,15,0.0,\N
14496,871,207,0.0,\N
14497,871,206,0.0,\N
14498,871,164,0.0,\N
14499,872,1,25.0,\N
14500,872,15,20.0,\N
14501,872,6,27.0,\N
14502,872,208,10.0,\N
14503,872,131,14.0,\N
14504,872,10,4.0,\N
14505,872,3,1.0,\N
14506,872,5,0.0,\N
14507,872,207,0.0,\N
14508,872,206,0.0,\N
14509,872,164,0.0,\N
14510,872,9,0.0,\N
14511,873,9,25.0,\N
14512,873,1,18.0,\N
14513,873,6,19.0,\N
14514,873,10,12.0,\N
14515,873,131,10.0,\N
14516,873,208,14.0,\N
14517,873,5,2.0,\N
14518,873,15,1.0,\N
14519,873,206,0.0,\N
14520,873,207,0.0,\N
14524,874,9,27.0,\N
14522,873,3,0.0,\N
14523,873,164,0.0,\N
14525,874,6,18.0,\N
14526,874,15,15.0,\N
14527,874,1,22.0,\N
14528,874,208,8.0,\N
14529,874,10,6.0,\N
14530,874,3,4.0,\N
14531,874,5,1.0,\N
14532,874,131,0.0,\N
14533,874,207,0.0,\N
14534,874,206,0.0,\N
14535,874,164,0.0,\N
14536,875,9,43.0,\N
14537,875,6,27.0,\N
14538,875,208,16.0,\N
14539,875,10,8.0,\N
14540,875,5,6.0,\N
14541,875,1,1.0,\N
14542,875,15,0.0,\N
14543,875,131,0.0,\N
14544,875,3,0.0,\N
14545,875,207,0.0,\N
14546,875,206,0.0,\N
14547,875,164,0.0,\N
14548,876,9,40.0,\N
14549,876,6,26.0,\N
14550,876,1,22.0,\N
14551,876,208,8.0,\N
14552,876,10,4.0,\N
14553,876,3,1.0,\N
14554,876,131,0.0,\N
14555,876,5,0.0,\N
14556,876,15,0.0,\N
14557,876,207,0.0,\N
14558,876,206,0.0,\N
14559,876,164,0.0,\N
14560,877,208,25.0,\N
14561,877,6,24.0,\N
14562,877,9,15.0,\N
14563,877,1,12.0,\N
14564,877,3,14.0,\N
14565,877,15,8.0,\N
14566,877,10,2.0,\N
14567,877,5,1.0,\N
14568,877,131,0.0,\N
14569,877,207,0.0,\N
14570,877,206,0.0,\N
14571,877,164,0.0,\N
14572,878,1,35.0,\N
14573,878,9,18.0,\N
14574,878,6,27.0,\N
14575,878,208,14.0,\N
14576,878,10,4.0,\N
14577,878,3,3.0,\N
14578,878,15,0.0,\N
14579,878,5,0.0,\N
14580,878,131,0.0,\N
14581,878,207,0.0,\N
14582,878,206,0.0,\N
14583,878,164,0.0,\N
14584,879,1,25.0,\N
14585,879,6,33.0,\N
14586,879,9,20.0,\N
14587,879,10,10.0,\N
14588,879,131,6.0,\N
14589,879,5,4.0,\N
14590,879,15,2.0,\N
14591,879,208,1.0,\N
14592,879,207,0.0,\N
14593,879,206,0.0,\N
14594,879,164,0.0,\N
14595,879,3,0.0,\N
14596,880,208,26.0,\N
14597,880,6,30.0,\N
14598,880,9,23.0,\N
14599,880,131,10.0,\N
14600,880,10,10.0,\N
14601,880,1,2.0,\N
14602,880,5,0.0,\N
14603,880,15,0.0,\N
14604,880,3,0.0,\N
14605,880,206,0.0,\N
14606,880,207,0.0,\N
14607,881,9,43.0,\N
14608,881,131,27.0,\N
14609,881,6,10.0,\N
14610,881,208,14.0,\N
14611,881,15,4.0,\N
14612,881,1,2.0,\N
14613,881,5,1.0,\N
14614,881,3,0.0,\N
14615,881,206,0.0,\N
14616,881,207,0.0,\N
14617,881,10,0.0,\N
14618,882,6,33.0,\N
14619,882,208,20.0,\N
14620,882,131,15.0,\N
14621,882,9,12.0,\N
14622,882,1,10.0,\N
14623,882,5,6.0,\N
14624,882,10,4.0,\N
14625,882,15,1.0,\N
14626,882,3,0.0,\N
14627,882,206,0.0,\N
14628,882,207,0.0,\N
14629,883,9,31.0,\N
14630,883,208,33.0,\N
14631,883,10,12.0,\N
14632,883,131,12.0,\N
14633,883,1,9.0,\N
14634,883,6,4.0,\N
14635,883,3,0.0,\N
14636,883,15,0.0,\N
14637,883,5,0.0,\N
14638,883,207,0.0,\N
14639,883,206,0.0,\N
14640,884,6,40.0,\N
14641,884,208,18.0,\N
14642,884,9,22.0,\N
14643,884,131,8.0,\N
14644,884,10,6.0,\N
14645,884,1,6.0,\N
14646,884,5,1.0,\N
14647,884,15,0.0,\N
14648,884,3,0.0,\N
14649,884,207,0.0,\N
14650,884,206,0.0,\N
14651,885,131,37.0,\N
14652,885,9,33.0,\N
14653,885,10,12.0,\N
14654,885,1,8.0,\N
14655,885,6,6.0,\N
14656,885,5,4.0,\N
14657,885,208,1.0,\N
14658,885,15,0.0,\N
14659,885,3,0.0,\N
14660,885,206,0.0,\N
14661,885,207,0.0,\N
14662,886,9,37.0,\N
14663,886,6,22.0,\N
14664,886,131,25.0,\N
14665,886,5,8.0,\N
14666,886,10,7.0,\N
14667,886,208,2.0,\N
14668,886,1,0.0,\N
14669,886,3,0.0,\N
14670,886,206,0.0,\N
14671,886,207,0.0,\N
14672,886,15,0.0,\N
14673,887,131,37.0,\N
14674,887,9,18.0,\N
14675,887,6,23.0,\N
14676,887,208,10.0,\N
14677,887,10,8.0,\N
14678,887,5,4.0,\N
14679,887,15,1.0,\N
14680,887,3,0.0,\N
14681,887,1,0.0,\N
14682,887,207,0.0,\N
14683,887,206,0.0,\N
14684,888,9,31.0,\N
14685,888,208,33.0,\N
14686,888,6,12.0,\N
14687,888,131,12.0,\N
14688,888,1,12.0,\N
14689,888,15,1.0,\N
14690,888,10,0.0,\N
14691,888,5,0.0,\N
14692,888,3,0.0,\N
14693,888,207,0.0,\N
14694,888,206,0.0,\N
14695,890,131,25.0,\N
14696,890,208,26.0,\N
14697,890,9,27.0,\N
14698,890,6,14.0,\N
14699,890,1,8.0,\N
14700,890,3,1.0,\N
14701,890,15,0.0,\N
14702,890,5,0.0,\N
14703,890,207,0.0,\N
14704,890,206,0.0,\N
14705,890,10,0.0,\N
14706,891,9,35.0,\N
14707,891,6,24.0,\N
14708,891,131,27.0,\N
14709,891,1,8.0,\N
14710,891,208,4.0,\N
14711,891,10,2.0,\N
14712,891,5,1.0,\N
14713,891,15,0.0,\N
14714,891,3,0.0,\N
14715,891,207,0.0,\N
14716,891,206,0.0,\N
14717,892,9,40.0,\N
14718,892,6,30.0,\N
14719,892,15,10.0,\N
14720,892,131,10.0,\N
14721,892,5,6.0,\N
14722,892,208,4.0,\N
14723,892,1,1.0,\N
14724,892,3,0.0,\N
14725,892,10,0.0,\N
14726,892,207,0.0,\N
14727,892,206,0.0,\N
14728,893,9,25.0,\N
14729,893,6,26.0,\N
14730,893,208,15.0,\N
14731,893,131,22.0,\N
14732,893,1,10.0,\N
14733,893,15,2.0,\N
14734,893,10,1.0,\N
14735,893,3,0.0,\N
14736,893,5,0.0,\N
14737,893,207,0.0,\N
14738,893,206,0.0,\N
14739,894,9,25.0,\N
14740,894,208,33.0,\N
14741,894,15,12.0,\N
14742,894,131,16.0,\N
14743,894,6,10.0,\N
14744,894,1,5.0,\N
14745,894,3,0.0,\N
14746,894,207,0.0,\N
14747,894,206,0.0,\N
14748,894,5,0.0,\N
14749,894,10,0.0,\N
14750,895,9,43.0,\N
14751,895,208,25.0,\N
14752,895,6,13.0,\N
14753,895,15,14.0,\N
14754,895,131,4.0,\N
14755,895,1,2.0,\N
14756,895,10,0.0,\N
14757,895,5,0.0,\N
14758,895,3,0.0,\N
14759,895,207,0.0,\N
14760,895,206,0.0,\N
14761,896,9,25.0,\N
14762,896,131,26.0,\N
14763,896,208,21.0,\N
14764,896,6,12.0,\N
14765,896,1,10.0,\N
14766,896,10,6.0,\N
14767,896,5,1.0,\N
14768,896,3,0.0,\N
14769,896,15,0.0,\N
14770,896,206,0.0,\N
14771,896,207,0.0,\N
14772,897,9,43.0,\N
14773,897,131,21.0,\N
14774,897,208,12.0,\N
14775,897,6,14.0,\N
14776,897,10,9.0,\N
14777,897,1,2.0,\N
14778,897,3,0.0,\N
14779,897,15,0.0,\N
14780,897,5,0.0,\N
14781,897,207,0.0,\N
14782,897,206,0.0,\N
14783,898,9,40.0,\N
14784,898,208,18.0,\N
14785,898,131,14.0,\N
14786,898,6,10.0,\N
14787,898,15,8.0,\N
14788,898,1,7.0,\N
14789,898,3,4.0,\N
14790,898,5,0.0,\N
14791,898,10,0.0,\N
14792,898,206,0.0,\N
14793,898,207,0.0,\N
14794,899,9,43.0,\N
14795,899,6,21.0,\N
14796,899,1,20.0,\N
14797,899,131,12.0,\N
14798,899,15,4.0,\N
14799,899,5,1.0,\N
14800,899,10,0.0,\N
14801,899,208,0.0,\N
14802,899,3,0.0,\N
14803,899,206,0.0,\N
14804,899,207,0.0,\N
16881,1120,6,18.0,\N
16880,1120,9,38.0,\N
14808,900,131,25.0,\N
14809,900,9,0.0,\N
14810,900,1,33.0,\N
14811,900,6,18.0,\N
14812,900,3,10.0,\N
14813,900,10,9.0,\N
14814,900,5,6.0,\N
14815,900,15,0.0,\N
14816,900,206,0.0,\N
14817,900,208,0.0,\N
14818,900,207,0.0,\N
14819,901,131,43.0,\N
14820,901,9,15.0,\N
14821,901,6,12.0,\N
14822,901,10,10.0,\N
14823,901,1,10.0,\N
14824,901,3,10.0,\N
14825,901,5,1.0,\N
14826,901,208,0.0,\N
14827,901,207,0.0,\N
14828,901,206,0.0,\N
14829,901,15,0.0,\N
14830,902,131,43.0,\N
14831,902,10,25.0,\N
14832,902,9,20.0,\N
14833,902,3,10.0,\N
14834,902,6,3.0,\N
14835,902,5,0.0,\N
14836,902,208,0.0,\N
14837,902,206,0.0,\N
14838,902,207,0.0,\N
14839,902,1,0.0,\N
14840,902,15,0.0,\N
14841,903,131,43.0,\N
14842,903,6,19.0,\N
14843,903,9,22.0,\N
14844,903,10,10.0,\N
14845,903,3,6.0,\N
14846,903,5,1.0,\N
14847,903,1,0.0,\N
14848,903,208,0.0,\N
14849,903,15,0.0,\N
14850,903,207,0.0,\N
14851,903,206,0.0,\N
15820,1007,9,25.0,\N
14853,904,131,43.0,\N
14854,904,9,27.0,\N
14855,904,3,10.0,\N
14856,904,6,14.0,\N
14857,904,208,4.0,\N
14858,904,10,3.0,\N
14859,904,1,0.0,\N
14860,904,5,0.0,\N
14861,904,15,0.0,\N
14862,904,206,0.0,\N
14863,904,207,0.0,\N
14864,905,131,43.0,\N
14865,905,9,15.0,\N
14866,905,6,12.0,\N
14867,905,10,10.0,\N
14868,905,1,9.0,\N
14869,905,3,6.0,\N
14870,905,208,4.0,\N
14871,905,206,2.0,\N
14872,905,207,0.0,\N
14873,905,15,0.0,\N
14874,905,5,0.0,\N
14875,906,9,40.0,\N
14876,906,131,18.0,\N
14877,906,1,14.0,\N
14878,906,10,10.0,\N
14879,906,6,9.0,\N
14880,906,3,6.0,\N
14881,906,5,4.0,\N
14882,906,15,0.0,\N
14883,906,208,0.0,\N
14884,906,207,0.0,\N
14885,906,206,0.0,\N
14886,907,131,43.0,\N
14887,907,3,27.0,\N
14888,907,6,11.0,\N
14889,907,10,10.0,\N
14890,907,1,6.0,\N
14891,907,9,4.0,\N
14892,907,208,0.0,\N
14893,907,15,0.0,\N
14894,907,206,0.0,\N
14895,907,207,0.0,\N
14896,907,5,0.0,\N
14897,908,131,25.0,\N
14898,908,3,18.0,\N
14899,908,9,25.0,\N
14900,908,1,18.0,\N
14901,908,6,8.0,\N
14902,908,10,4.0,\N
14903,908,5,3.0,\N
14904,908,208,0.0,\N
14905,908,15,0.0,\N
14906,908,206,0.0,\N
14907,908,207,0.0,\N
14908,909,131,40.0,\N
14909,909,3,18.0,\N
14910,909,9,20.0,\N
14911,909,6,10.0,\N
14912,909,10,7.0,\N
14913,909,1,6.0,\N
14914,909,208,0.0,\N
14915,909,5,0.0,\N
14916,909,15,0.0,\N
14917,909,206,0.0,\N
14918,909,207,0.0,\N
14919,910,9,31.0,\N
14920,910,6,26.0,\N
14921,910,131,27.0,\N
14922,910,3,14.0,\N
14923,910,5,2.0,\N
14924,910,1,1.0,\N
14925,910,15,0.0,\N
14926,910,208,0.0,\N
14927,910,206,0.0,\N
14928,910,207,0.0,\N
14929,910,10,0.0,\N
14930,911,9,35.0,\N
14931,911,131,18.0,\N
14932,911,3,15.0,\N
14933,911,6,18.0,\N
14934,911,1,8.0,\N
14935,911,10,5.0,\N
14936,911,5,2.0,\N
14937,911,15,0.0,\N
14938,911,206,0.0,\N
14939,911,207,0.0,\N
14940,911,208,0.0,\N
14941,912,131,43.0,\N
14942,912,3,27.0,\N
14943,912,9,18.0,\N
14944,912,10,6.0,\N
14945,912,1,5.0,\N
14946,912,6,2.0,\N
14947,912,5,0.0,\N
14948,912,208,0.0,\N
14949,912,15,0.0,\N
14950,912,207,0.0,\N
14951,912,206,0.0,\N
14952,913,131,25.0,\N
14953,913,9,33.0,\N
14954,913,6,16.0,\N
14955,913,3,10.0,\N
14956,913,5,8.0,\N
14957,913,10,8.0,\N
14958,913,1,1.0,\N
14959,913,208,0.0,\N
14960,913,207,0.0,\N
14961,913,206,0.0,\N
14962,913,15,0.0,\N
14963,914,131,43.0,\N
14964,914,9,27.0,\N
14965,914,1,10.0,\N
14966,914,3,14.0,\N
14967,914,10,5.0,\N
14968,914,5,2.0,\N
14969,914,6,0.0,\N
14970,914,15,0.0,\N
14971,914,208,0.0,\N
14972,914,207,0.0,\N
14973,914,206,0.0,\N
14974,915,131,43.0,\N
14975,915,3,15.0,\N
14976,915,1,22.0,\N
14977,915,6,10.0,\N
14978,915,9,10.0,\N
14979,915,10,1.0,\N
14980,915,5,0.0,\N
14981,915,15,0.0,\N
14982,915,208,0.0,\N
14983,915,207,0.0,\N
14984,915,206,0.0,\N
16883,1120,1,18.0,\N
16882,1120,131,17.0,\N
14987,916,131,43.0,\N
14988,916,9,21.0,\N
14989,916,3,22.0,\N
14990,916,6,8.0,\N
14991,916,1,4.0,\N
14992,916,5,1.0,\N
14993,916,208,2.0,\N
14994,916,15,0.0,\N
14995,916,10,0.0,\N
14996,917,131,43.0,\N
14997,917,3,16.0,\N
14998,917,1,14.0,\N
14999,917,9,10.0,\N
15000,917,6,14.0,\N
15001,917,10,4.0,\N
15002,917,5,0.0,\N
15003,917,208,0.0,\N
15004,917,15,0.0,\N
15005,918,131,50.0,\N
15006,918,3,66.0,\N
15007,918,9,32.0,\N
15008,918,1,20.0,\N
15009,918,10,28.0,\N
15010,918,6,6.0,\N
15011,918,5,0.0,\N
15012,918,208,0.0,\N
15013,918,15,0.0,\N
15014,918,207,0.0,\N
15821,1007,6,33.0,\N
15015,926,131,43.0,\N
15016,926,6,15.0,\N
15017,926,3,12.0,\N
15018,926,15,14.0,\N
15019,926,9,8.0,\N
15020,926,10,7.0,\N
15021,926,5,2.0,\N
15022,926,1,0.0,\N
15023,926,208,0.0,\N
15024,927,6,37.0,\N
15025,927,131,33.0,\N
15026,927,3,18.0,\N
15027,927,5,10.0,\N
15028,927,9,3.0,\N
15029,927,208,0.0,\N
15030,927,15,0.0,\N
15031,927,10,0.0,\N
15032,927,209,0.0,\N
15033,927,1,0.0,\N
15034,928,131,43.0,\N
15035,928,6,27.0,\N
15036,928,3,18.0,\N
15037,928,208,6.0,\N
15038,928,15,5.0,\N
15039,928,9,2.0,\N
15040,928,10,0.0,\N
15041,928,1,0.0,\N
15042,928,5,0.0,\N
15043,928,209,0.0,\N
15044,929,131,40.0,\N
15045,929,6,28.0,\N
15046,929,3,13.0,\N
15047,929,9,10.0,\N
15048,929,208,6.0,\N
15049,929,10,4.0,\N
15050,929,1,0.0,\N
15051,929,15,0.0,\N
15052,929,209,0.0,\N
15053,929,5,0.0,\N
15054,930,131,43.0,\N
15055,930,6,25.0,\N
15056,930,3,20.0,\N
15057,930,9,7.0,\N
15058,930,208,4.0,\N
15059,930,5,2.0,\N
15060,930,15,0.0,\N
15061,930,10,0.0,\N
15062,930,1,0.0,\N
15063,930,209,0.0,\N
15064,931,131,40.0,\N
15065,931,6,26.0,\N
15066,931,9,22.0,\N
15067,931,10,6.0,\N
15068,931,1,4.0,\N
15069,931,15,2.0,\N
15070,931,5,1.0,\N
15071,931,208,0.0,\N
15072,931,3,0.0,\N
15073,931,209,0.0,\N
15074,932,131,43.0,\N
15075,932,3,23.0,\N
15076,932,6,22.0,\N
15077,932,208,7.0,\N
15078,932,10,4.0,\N
15079,932,9,2.0,\N
15080,932,5,0.0,\N
15081,932,15,0.0,\N
15082,932,209,0.0,\N
15083,932,1,0.0,\N
15084,933,131,43.0,\N
15085,933,3,25.0,\N
15086,933,6,12.0,\N
15087,933,10,10.0,\N
15088,933,208,6.0,\N
15089,933,5,4.0,\N
15090,933,9,1.0,\N
15091,933,15,0.0,\N
15092,933,209,0.0,\N
15093,933,1,0.0,\N
15094,934,131,43.0,\N
15095,934,6,19.0,\N
15096,934,3,22.0,\N
15097,934,9,8.0,\N
15098,934,10,8.0,\N
15099,934,1,1.0,\N
15100,934,15,0.0,\N
15101,934,209,0.0,\N
15102,934,5,0.0,\N
15103,934,208,0.0,\N
15104,936,6,25.0,\N
15105,936,9,33.0,\N
15106,936,5,12.0,\N
15107,936,1,12.0,\N
15108,936,131,12.0,\N
15109,936,208,6.0,\N
15110,936,15,1.0,\N
15111,936,3,0.0,\N
15112,936,209,0.0,\N
15113,936,10,0.0,\N
15114,937,131,43.0,\N
15115,937,208,15.0,\N
15116,937,9,12.0,\N
15117,937,10,10.0,\N
15118,937,3,10.0,\N
15119,937,6,6.0,\N
15120,937,5,4.0,\N
15121,937,15,1.0,\N
15122,937,1,0.0,\N
15123,937,206,0.0,\N
15124,937,209,0.0,\N
15125,938,131,25.0,\N
15126,938,6,28.0,\N
15127,938,3,27.0,\N
15128,938,10,14.0,\N
15129,938,9,5.0,\N
15130,938,15,2.0,\N
15131,938,5,0.0,\N
15132,938,1,0.0,\N
15133,938,209,0.0,\N
15134,938,208,0.0,\N
15135,939,6,40.0,\N
15136,939,9,26.0,\N
15137,939,131,12.0,\N
15138,939,3,10.0,\N
15139,939,10,6.0,\N
15140,939,5,6.0,\N
15141,939,15,1.0,\N
15142,939,208,0.0,\N
15143,939,209,0.0,\N
15144,939,1,0.0,\N
15145,940,131,43.0,\N
15146,940,6,27.0,\N
15147,940,3,10.0,\N
15148,940,10,8.0,\N
15149,940,208,10.0,\N
15150,940,5,3.0,\N
15151,940,1,0.0,\N
15152,940,9,0.0,\N
15153,940,15,0.0,\N
15154,940,209,0.0,\N
15155,941,131,25.0,\N
15156,941,6,22.0,\N
15157,941,10,15.0,\N
15158,941,3,12.0,\N
15159,941,9,10.0,\N
15160,941,15,8.0,\N
15161,941,208,6.0,\N
15162,941,1,2.0,\N
15163,941,5,1.0,\N
15164,941,209,0.0,\N
15165,941,206,0.0,\N
15166,942,131,43.0,\N
15167,942,6,15.0,\N
15168,942,5,18.0,\N
15169,942,10,10.0,\N
15170,942,1,8.0,\N
15171,942,208,4.0,\N
15172,942,15,2.0,\N
15173,942,9,1.0,\N
15174,942,209,0.0,\N
15175,942,3,0.0,\N
15176,943,131,43.0,\N
15177,943,3,23.0,\N
15178,943,9,22.0,\N
15179,943,10,10.0,\N
15180,943,5,2.0,\N
15181,943,208,1.0,\N
15182,943,15,0.0,\N
15183,943,1,0.0,\N
15184,943,206,0.0,\N
15185,943,6,0.0,\N
15186,944,131,43.0,\N
15187,944,6,27.0,\N
15188,944,3,10.0,\N
15189,944,10,8.0,\N
15190,944,9,6.0,\N
15191,944,208,5.0,\N
15192,944,5,2.0,\N
15193,944,15,0.0,\N
15194,944,1,0.0,\N
15195,944,209,0.0,\N
15196,943,209,0.0,\N
15197,945,131,43.0,\N
15198,945,6,27.0,\N
15199,945,10,16.0,\N
15200,945,9,9.0,\N
15201,945,3,4.0,\N
15202,945,208,2.0,\N
15203,945,5,0.0,\N
15204,945,1,0.0,\N
15205,945,15,0.0,\N
15206,945,206,0.0,\N
15207,945,209,0.0,\N
15208,948,131,43.0,\N
15209,948,6,15.0,\N
15210,948,9,12.0,\N
15211,948,3,14.0,\N
15212,948,210,8.0,\N
15213,948,10,6.0,\N
15214,948,5,3.0,\N
15215,948,4,0.0,\N
15216,948,1,0.0,\N
15217,948,15,0.0,\N
15218,948,209,0.0,\N
15219,949,131,40.0,\N
15220,949,6,18.0,\N
15221,949,9,18.0,\N
15222,949,210,10.0,\N
15223,949,5,8.0,\N
15224,949,3,6.0,\N
15225,949,1,1.0,\N
15226,949,4,0.0,\N
15227,949,15,0.0,\N
15228,949,209,0.0,\N
15229,949,10,0.0,\N
15230,950,131,31.0,\N
15231,950,6,28.0,\N
15232,950,9,27.0,\N
15233,950,3,9.0,\N
15234,950,5,6.0,\N
15235,950,10,0.0,\N
15236,950,1,0.0,\N
15237,950,210,0.0,\N
15238,950,15,0.0,\N
15239,950,4,0.0,\N
15240,950,209,0.0,\N
15241,951,131,43.0,\N
15242,951,6,15.0,\N
15243,951,3,22.0,\N
15244,951,1,9.0,\N
15245,951,4,6.0,\N
15246,951,210,4.0,\N
15247,951,10,2.0,\N
15248,951,9,0.0,\N
15249,951,5,0.0,\N
15250,951,15,0.0,\N
15251,951,209,0.0,\N
15252,952,9,37.0,\N
15253,952,6,33.0,\N
15254,952,3,14.0,\N
15255,952,5,9.0,\N
15256,952,10,6.0,\N
15257,952,1,2.0,\N
15258,952,210,0.0,\N
15259,952,15,0.0,\N
15260,952,4,0.0,\N
15261,952,209,0.0,\N
15262,952,131,0.0,\N
15263,953,131,31.0,\N
15264,953,9,18.0,\N
15265,953,10,23.0,\N
15266,953,6,12.0,\N
15267,953,1,12.0,\N
15268,953,5,4.0,\N
15269,953,3,1.0,\N
15270,953,210,0.0,\N
15271,953,209,0.0,\N
15272,953,15,0.0,\N
15273,953,4,0.0,\N
15274,954,131,35.0,\N
15275,954,6,26.0,\N
15276,954,3,15.0,\N
15277,954,9,18.0,\N
15278,954,10,5.0,\N
15279,954,5,2.0,\N
15280,954,1,0.0,\N
15281,954,210,0.0,\N
15282,954,15,0.0,\N
15283,954,4,0.0,\N
15284,954,209,0.0,\N
15285,955,131,35.0,\N
15286,955,6,30.0,\N
15287,955,10,17.0,\N
15288,955,3,9.0,\N
15289,955,9,10.0,\N
15290,955,1,0.0,\N
15291,955,15,0.0,\N
15292,955,210,0.0,\N
15293,955,4,0.0,\N
15294,955,209,0.0,\N
15295,955,5,0.0,\N
15296,956,131,37.0,\N
15297,956,9,28.0,\N
15298,956,6,15.0,\N
15299,956,1,8.0,\N
15300,956,210,6.0,\N
15301,956,5,4.0,\N
15302,956,3,2.0,\N
15303,956,209,1.0,\N
15304,956,4,0.0,\N
15305,956,15,0.0,\N
15306,956,10,0.0,\N
15307,957,131,40.0,\N
15308,957,9,30.0,\N
15309,957,6,12.0,\N
15310,957,10,14.0,\N
15311,957,5,5.0,\N
15312,957,3,0.0,\N
15313,957,1,0.0,\N
15314,957,15,0.0,\N
15315,957,210,0.0,\N
15316,957,4,0.0,\N
15317,957,209,0.0,\N
15318,958,131,43.0,\N
15319,958,9,25.0,\N
15320,958,6,20.0,\N
15321,958,1,6.0,\N
15322,958,5,4.0,\N
15323,958,3,2.0,\N
15324,958,10,1.0,\N
15325,958,4,0.0,\N
15326,958,210,0.0,\N
15327,958,15,0.0,\N
15328,958,209,0.0,\N
15329,959,131,37.0,\N
15330,959,9,33.0,\N
15331,959,6,18.0,\N
15332,959,10,7.0,\N
15333,959,1,4.0,\N
15334,959,3,2.0,\N
15335,959,210,0.0,\N
15336,959,5,0.0,\N
15337,959,4,0.0,\N
15338,959,209,0.0,\N
15339,959,15,0.0,\N
15340,960,131,40.0,\N
15341,960,9,18.0,\N
15342,960,10,22.0,\N
15343,960,6,10.0,\N
15344,960,1,6.0,\N
15345,960,3,5.0,\N
15346,960,210,0.0,\N
15347,960,5,0.0,\N
15348,960,4,0.0,\N
15349,960,209,0.0,\N
15350,960,15,0.0,\N
15351,961,131,43.0,\N
15352,961,6,27.0,\N
15353,961,9,16.0,\N
15354,961,3,10.0,\N
15355,961,10,5.0,\N
15356,961,210,0.0,\N
15357,961,1,0.0,\N
15358,961,5,0.0,\N
15359,961,15,0.0,\N
15360,961,4,0.0,\N
15361,961,209,0.0,\N
15362,962,131,40.0,\N
15363,962,9,26.0,\N
15364,962,6,22.0,\N
15365,962,1,6.0,\N
15366,962,10,4.0,\N
15367,962,5,2.0,\N
15368,962,4,1.0,\N
15369,962,210,0.0,\N
15370,962,3,0.0,\N
15371,962,15,0.0,\N
15372,962,209,0.0,\N
15373,963,9,43.0,\N
15374,963,131,15.0,\N
15375,963,6,12.0,\N
15376,963,3,10.0,\N
15377,963,10,12.0,\N
15378,963,1,8.0,\N
15379,963,4,1.0,\N
15380,963,5,0.0,\N
15381,963,15,0.0,\N
15382,963,209,0.0,\N
15383,963,210,0.0,\N
15384,964,131,40.0,\N
15385,964,9,26.0,\N
15386,964,6,22.0,\N
15387,964,10,10.0,\N
15388,964,3,3.0,\N
15389,964,210,0.0,\N
15390,964,4,0.0,\N
15391,964,5,0.0,\N
15392,964,15,0.0,\N
15393,964,1,0.0,\N
15394,964,209,0.0,\N
15395,965,131,43.0,\N
15396,965,9,15.0,\N
15397,965,6,12.0,\N
15398,965,1,12.0,\N
15399,965,5,8.0,\N
15400,965,3,6.0,\N
15401,965,10,4.0,\N
15402,965,210,1.0,\N
15403,965,4,0.0,\N
15404,965,15,0.0,\N
15405,965,209,0.0,\N
15406,966,131,43.0,\N
15407,966,6,18.0,\N
15408,966,9,27.0,\N
15409,966,10,7.0,\N
15410,966,3,6.0,\N
15411,966,15,0.0,\N
15412,966,1,0.0,\N
15413,966,4,0.0,\N
15414,966,5,0.0,\N
15415,966,210,0.0,\N
15416,966,209,0.0,\N
15417,967,131,43.0,\N
15418,967,9,19.0,\N
15419,967,10,18.0,\N
15420,967,6,10.0,\N
15421,967,5,8.0,\N
15422,967,15,2.0,\N
15423,967,1,1.0,\N
15424,967,3,0.0,\N
15425,967,209,0.0,\N
15426,967,4,0.0,\N
15427,967,210,0.0,\N
15428,968,131,43.0,\N
15429,968,6,23.0,\N
15430,968,9,22.0,\N
15431,968,10,10.0,\N
15432,968,3,2.0,\N
15433,968,1,1.0,\N
15434,968,210,0.0,\N
15435,968,209,0.0,\N
15436,968,15,0.0,\N
15437,968,4,0.0,\N
15438,968,5,0.0,\N
15439,969,6,37.0,\N
15440,969,131,33.0,\N
15441,969,9,10.0,\N
15442,969,3,8.0,\N
15443,969,10,7.0,\N
15444,969,5,6.0,\N
15445,969,4,0.0,\N
15446,969,15,0.0,\N
15447,969,1,0.0,\N
15448,969,210,0.0,\N
15449,970,131,33.0,\N
15450,970,6,28.0,\N
15451,970,9,27.0,\N
15452,970,5,6.0,\N
15453,970,210,4.0,\N
15454,970,10,3.0,\N
15455,970,4,0.0,\N
15456,970,3,0.0,\N
15457,970,15,0.0,\N
15458,970,1,0.0,\N
15459,971,6,37.0,\N
15460,971,131,33.0,\N
15461,971,9,10.0,\N
15462,971,3,8.0,\N
15463,971,10,7.0,\N
15464,971,210,4.0,\N
15465,971,4,2.0,\N
15466,971,15,0.0,\N
15467,971,5,0.0,\N
15468,971,1,0.0,\N
15469,972,131,37.0,\N
15470,972,6,33.0,\N
15471,972,9,10.0,\N
15472,972,10,14.0,\N
15473,972,4,4.0,\N
15474,972,3,2.0,\N
15475,972,5,1.0,\N
15476,972,210,0.0,\N
15477,972,1,0.0,\N
15478,972,15,0.0,\N
15479,973,131,25.0,\N
15480,973,6,18.0,\N
15481,973,9,15.0,\N
15482,973,10,22.0,\N
15483,973,4,8.0,\N
15484,973,5,8.0,\N
15485,973,15,4.0,\N
15486,973,210,1.0,\N
15487,973,1,0.0,\N
15488,973,3,0.0,\N
15489,974,6,43.0,\N
15490,974,9,25.0,\N
15491,974,131,18.0,\N
15492,974,5,8.0,\N
15493,974,210,5.0,\N
15494,974,3,2.0,\N
15495,974,4,0.0,\N
15496,974,10,0.0,\N
15497,974,1,0.0,\N
15498,974,15,0.0,\N
15499,975,131,43.0,\N
15500,975,9,15.0,\N
15501,975,6,18.0,\N
15502,975,10,18.0,\N
15503,975,4,4.0,\N
15504,975,3,2.0,\N
15505,975,210,1.0,\N
15506,975,15,0.0,\N
15507,975,1,0.0,\N
15508,975,5,0.0,\N
15509,976,9,25.0,\N
15510,976,131,28.0,\N
15511,976,3,15.0,\N
15512,976,6,12.0,\N
15513,976,10,8.0,\N
15514,976,210,6.0,\N
15515,976,5,4.0,\N
15516,976,1,2.0,\N
15517,976,15,1.0,\N
15518,976,4,0.0,\N
15519,841,164,0.0,\N
15520,977,131,37.0,\N
15521,977,6,28.0,\N
15522,977,9,15.0,\N
15523,977,210,8.0,\N
15524,977,10,10.0,\N
15525,977,3,3.0,\N
15526,977,4,0.0,\N
15527,977,1,0.0,\N
15528,977,15,0.0,\N
15529,977,5,0.0,\N
15530,978,131,43.0,\N
15531,978,6,21.0,\N
15532,978,9,22.0,\N
15533,978,4,8.0,\N
15534,978,10,6.0,\N
15535,978,3,1.0,\N
15536,978,1,0.0,\N
15537,978,210,0.0,\N
15538,978,15,0.0,\N
15539,978,5,0.0,\N
15540,979,6,43.0,\N
15541,979,131,27.0,\N
15542,979,9,10.0,\N
15543,979,1,9.0,\N
15544,979,5,6.0,\N
15545,979,10,6.0,\N
15546,979,4,0.0,\N
15547,979,210,0.0,\N
15548,979,3,0.0,\N
15549,979,15,0.0,\N
15550,980,131,35.0,\N
15551,980,6,30.0,\N
15552,980,9,15.0,\N
15553,980,4,8.0,\N
15554,980,210,6.0,\N
15555,980,3,4.0,\N
15556,980,10,2.0,\N
15557,980,5,1.0,\N
15558,980,1,0.0,\N
15559,980,15,0.0,\N
15560,981,131,43.0,\N
15561,981,6,25.0,\N
15562,981,9,13.0,\N
15563,981,10,10.0,\N
15564,981,3,10.0,\N
15565,981,210,0.0,\N
15566,981,5,0.0,\N
15567,981,4,0.0,\N
15568,981,15,0.0,\N
15569,981,1,0.0,\N
15570,982,131,40.0,\N
15571,982,9,18.0,\N
15572,982,5,12.0,\N
15573,982,10,11.0,\N
15574,982,4,8.0,\N
15575,982,1,6.0,\N
15576,982,3,4.0,\N
15577,982,210,2.0,\N
15578,982,15,0.0,\N
15579,982,6,0.0,\N
15580,983,9,40.0,\N
15581,983,131,28.0,\N
15582,983,6,12.0,\N
15583,983,10,9.0,\N
15584,983,1,6.0,\N
15585,983,3,6.0,\N
15586,983,210,0.0,\N
15587,983,5,0.0,\N
15588,983,4,0.0,\N
15589,983,15,0.0,\N
15590,984,131,37.0,\N
15591,984,9,33.0,\N
15592,984,6,10.0,\N
15593,984,10,14.0,\N
15594,984,210,6.0,\N
15595,984,3,1.0,\N
15596,984,1,0.0,\N
15597,984,4,0.0,\N
15598,984,5,0.0,\N
15599,984,15,0.0,\N
15600,985,131,35.0,\N
15601,985,6,33.0,\N
15602,985,9,12.0,\N
15603,985,10,12.0,\N
15604,985,4,6.0,\N
15605,985,3,2.0,\N
15606,985,5,1.0,\N
15607,985,1,0.0,\N
15608,985,210,0.0,\N
15609,985,15,0.0,\N
15610,986,9,25.0,\N
15611,986,131,20.0,\N
15612,986,6,27.0,\N
15613,986,10,16.0,\N
15614,986,3,8.0,\N
15615,986,210,4.0,\N
15616,986,1,1.0,\N
15617,986,5,0.0,\N
15618,986,15,0.0,\N
15619,986,4,0.0,\N
15620,987,6,40.0,\N
15621,987,131,30.0,\N
15622,987,9,18.0,\N
15623,987,3,6.0,\N
15624,987,1,4.0,\N
15625,987,10,2.0,\N
15626,987,4,1.0,\N
15627,987,5,0.0,\N
15628,987,15,0.0,\N
15629,987,210,0.0,\N
15630,988,131,43.0,\N
15631,988,6,27.0,\N
15632,988,9,10.0,\N
15633,988,4,8.0,\N
15634,988,10,10.0,\N
15635,988,1,2.0,\N
15636,988,3,1.0,\N
15637,988,210,0.0,\N
15638,988,15,0.0,\N
15639,988,5,0.0,\N
15640,989,6,40.0,\N
15641,989,131,22.0,\N
15642,989,9,20.0,\N
15643,989,1,12.0,\N
15644,989,4,7.0,\N
15645,989,10,0.0,\N
15646,989,15,0.0,\N
15647,989,3,0.0,\N
15648,989,5,0.0,\N
15649,989,210,0.0,\N
15650,990,6,25.0,\N
15651,990,131,33.0,\N
15652,990,5,12.0,\N
15653,990,210,10.0,\N
15654,990,4,8.0,\N
15655,990,1,10.0,\N
15656,990,15,2.0,\N
15657,990,10,1.0,\N
15658,990,3,0.0,\N
15659,990,9,0.0,\N
15660,991,9,35.0,\N
15661,991,131,30.0,\N
15662,991,6,19.0,\N
15663,991,4,10.0,\N
15664,991,1,6.0,\N
15665,991,210,1.0,\N
15666,991,10,0.0,\N
15667,991,3,0.0,\N
15668,991,15,0.0,\N
15669,991,5,0.0,\N
15670,992,131,25.0,\N
15671,992,6,30.0,\N
15672,992,10,15.0,\N
15673,992,4,10.0,\N
15674,992,15,8.0,\N
15675,992,1,8.0,\N
15676,992,3,4.0,\N
15677,992,5,1.0,\N
15678,992,210,0.0,\N
15679,992,9,0.0,\N
15680,993,131,43.0,\N
15681,993,9,25.0,\N
15682,993,6,12.0,\N
15683,993,210,8.0,\N
15684,993,4,6.0,\N
15685,993,1,4.0,\N
15686,993,10,2.0,\N
15687,993,15,1.0,\N
15688,993,3,0.0,\N
15689,993,5,0.0,\N
15690,994,9,27.0,\N
15691,994,6,30.0,\N
15692,994,131,25.0,\N
15693,994,10,8.0,\N
15694,994,5,6.0,\N
15695,994,4,5.0,\N
15696,994,15,0.0,\N
15697,994,210,0.0,\N
15698,994,1,0.0,\N
