constructorStandingsId,raceId,constructorId,points,position,positionText,wins
17847,775,118,48.0,1,1,6
17848,775,125,0.0,8,8,0
17849,775,127,0.0,9,9,0
17850,775,95,0.0,7,7,0
18845,756,95,0.0,6,6,0
18844,756,32,0.0,5,5,0
18843,756,66,0.0,4,4,0
18842,756,167,0.0,3,3,0
18841,756,6,6.0,2,2,0
18840,756,170,8.0,1,1,1
18848,757,6,6.0,2,2,0
18847,757,170,8.0,1,1,1
17845,775,66,18.0,4,4,0
17844,775,105,6.0,5,5,0
17833,774,87,31.0,3,3,2
17834,774,6,40.0,2,2,2
17835,774,105,6.0,5,5,0
17836,774,66,15.0,4,4,0
17837,774,32,3.0,6,6,0
17838,774,118,46.0,1,1,5
17839,774,125,0.0,8,8,0
17840,774,127,0.0,9,9,0
17841,774,95,0.0,7,7,0
17824,773,87,29.0,3,3,2
19611,737,172,36.0,2,2,3
19610,737,6,18.0,6,6,0
19584,735,100,0.0,9,9,0
19585,735,177,0.0,17,17,0
19576,735,6,18.0,5,5,0
18863,759,6,16.0,2,2,1
18862,759,170,18.0,1,1,1
17827,773,66,15.0,4,4,0
17828,773,32,3.0,6,6,0
17829,773,118,41.0,1,1,4
17830,773,125,0.0,8,8,0
17831,773,127,0.0,9,9,0
17832,773,95,0.0,7,7,0
18879,760,101,0.0,10,10,0
18878,760,169,0.0,8,8,0
18877,760,117,0.0,5,5,0
18876,760,105,0.0,7,7,0
18875,760,95,0.0,9,9,0
17826,773,105,6.0,5,5,0
17825,773,6,40.0,2,2,2
18874,760,32,3.0,4,4,0
18873,760,66,14.0,3,3,1
18872,760,167,0.0,6,6,0
18871,760,6,16.0,2,2,1
18870,760,170,26.0,1,1,2
17823,772,95,0.0,7,7,0
17822,772,127,0.0,9,9,0
17821,772,125,0.0,8,8,0
17820,772,118,33.0,2,2,3
17818,772,66,12.0,4,4,0
17819,772,32,3.0,6,6,0
17817,772,105,6.0,5,5,0
17816,772,6,37.0,1,1,2
17815,772,87,29.0,3,3,2
18891,761,101,0.0,10,10,0
18890,761,169,0.0,8,8,0
18889,761,117,0.0,6,6,0
18888,761,105,0.0,7,7,0
18887,761,95,0.0,9,9,0
18886,761,32,3.0,4,4,0
18885,761,66,16.0,3,3,1
18884,761,167,0.0,5,5,0
17810,771,32,3.0,6,6,0
17811,771,118,25.0,2,2,2
17812,771,125,0.0,8,8,0
17813,771,127,0.0,9,9,0
17814,771,95,0.0,7,7,0
17809,771,66,12.0,4,4,0
17806,771,87,23.0,3,3,2
17807,771,6,36.0,1,1,2
19609,737,170,29.0,3,3,1
19608,737,95,18.0,5,5,1
19607,737,99,0.0,9,9,0
19606,737,26,19.0,4,4,0
19593,736,6,18.0,6,6,0
19594,736,172,36.0,2,2,3
19595,736,175,0.0,14,14,0
18883,761,6,24.0,2,2,2
17799,770,105,6.0,5,5,0
17800,770,66,10.0,4,4,0
17801,770,32,3.0,6,6,0
17802,770,118,22.0,2,2,2
17803,770,125,0.0,8,8,0
17804,770,127,0.0,9,9,0
17805,770,95,0.0,7,7,0
18882,761,170,29.0,1,1,2
17793,769,118,16.0,3,3,2
17794,769,125,0.0,8,8,0
17795,769,127,0.0,9,9,0
17796,769,95,0.0,7,7,0
19599,736,97,0.0,13,13,0
19376,744,167,0.0,6,6,0
19375,744,170,13.0,4,4,0
19374,744,95,17.0,3,3,0
19362,743,6,42.0,1,1,4
19361,743,172,26.0,2,2,2
19352,742,6,42.0,1,1,4
19351,742,172,17.0,2,2,1
17792,769,32,3.0,6,6,0
17789,769,6,20.0,1,1,0
17790,769,105,3.0,5,5,0
17785,768,125,0.0,8,8,0
17786,768,127,0.0,9,9,0
17787,768,95,0.0,7,7,0
19597,736,66,39.0,1,1,3
19591,736,95,18.0,5,5,1
19345,741,170,6.0,4,4,0
19344,741,95,9.0,3,3,0
19343,741,6,33.0,1,1,3
19342,741,172,17.0,2,2,1
19338,740,170,4.0,3,3,0
19337,740,95,3.0,4,4,0
17784,768,118,8.0,3,3,1
17783,768,32,0.0,6,6,0
17782,768,66,8.0,4,4,0
17781,768,105,3.0,5,5,0
17780,768,6,14.0,2,2,0
17779,768,87,19.0,1,1,2
17778,767,95,0.0,7,7,0
17777,767,127,0.0,9,9,0
17776,767,125,0.0,8,8,0
17775,767,118,8.0,3,3,1
17791,769,66,10.0,4,4,0
17774,767,32,0.0,6,6,0
17769,766,127,0.0,8,8,0
17768,766,125,0.0,7,7,0
17767,766,118,0.0,6,6,0
17766,766,32,0.0,5,5,0
17765,766,66,2.0,4,4,0
17764,766,105,3.0,3,3,0
17763,766,6,12.0,2,2,0
17762,766,87,16.0,1,1,2
17773,767,66,8.0,4,4,0
17772,767,105,3.0,5,5,0
17771,767,6,14.0,2,2,0
17770,767,87,19.0,1,1,2
17761,765,105,3.0,3,3,0
17760,765,6,6.0,2,2,0
17759,765,87,8.0,1,1,1
17788,769,87,19.0,2,2,2
17798,770,6,28.0,1,1,1
17797,770,87,19.0,3,3,2
17808,771,105,6.0,5,5,0
17842,775,87,31.0,3,3,2
17843,775,6,40.0,2,2,2
19575,735,170,25.0,3,3,1
19562,734,95,16.0,5,5,1
19563,734,99,0.0,7,7,0
19574,735,95,17.0,6,6,1
19573,735,99,0.0,7,7,0
19572,735,26,19.0,4,4,0
19565,734,176,0.0,10,10,0
19566,734,175,0.0,14,14,0
19567,734,87,0.0,9,9,0
19336,740,6,24.0,1,1,2
19335,740,172,13.0,2,2,1
19331,739,170,2.0,4,4,0
19330,739,95,2.0,3,3,0
19324,738,170,1.0,4,4,0
19323,738,167,0.0,5,5,0
19119,754,106,0.0,12,12,0
19108,753,106,0.0,11,11,0
19096,752,106,0.0,11,11,0
19079,751,66,6.0,4,4,0
19065,750,167,3.0,5,5,0
18928,764,118,0.0,15,15,0
18929,764,123,0.0,16,16,0
18930,764,113,0.0,7,7,0
18931,764,168,0.0,11,11,0
18932,764,124,0.0,12,12,0
18933,764,125,0.0,13,13,0
19042,747,105,0.0,7,7,0
19038,747,32,9.0,3,3,1
19034,747,167,3.0,4,4,0
19054,749,167,3.0,5,5,0
19067,750,66,6.0,4,4,0
19068,750,32,17.0,2,2,1
19069,750,170,30.0,1,1,3
19070,750,101,0.0,10,10,0
19071,750,104,0.0,6,6,0
22131,613,34,12.0,4,4,0
22132,613,1,35.0,3,3,2
22133,613,6,12.0,5,5,0
22119,612,34,11.0,5,5,0
22120,612,1,26.0,3,3,1
22044,607,6,9.0,4,4,0
22040,607,37,0.0,10,10,0
22041,607,66,1.0,5,5,0
22042,607,34,1.0,6,6,0
22032,605,66,0.0,6,6,0
22033,605,34,1.0,5,5,0
21918,622,1,17.0,1,1,1
21909,621,1,15.0,1,1,1
21906,621,37,3.0,5,5,0
21898,620,63,2.0,4,4,0
21946,624,1,23.0,2,2,1
21941,624,66,9.0,5,5,1
21940,624,32,28.0,1,1,2
21921,623,32,19.0,2,2,1
21927,623,1,19.0,1,1,1
21913,622,66,0.0,8,8,0
21914,622,34,1.0,7,7,0
21912,622,32,15.0,2,2,1
21905,621,34,1.0,7,7,0
21904,621,66,0.0,8,8,0
21895,620,66,0.0,7,7,0
21894,620,32,0.0,8,8,0
21792,642,85,0.0,12,12,0
21791,642,199,0.0,11,11,0
21780,641,85,0.0,12,12,0
21779,641,201,0.0,10,10,0
21768,640,85,0.0,12,12,0
21767,640,201,0.0,10,10,0
21756,639,201,0.0,11,11,0
21755,639,66,21.0,3,3,1
21745,638,201,0.0,11,11,0
21744,638,199,0.0,10,10,0
21734,637,201,0.0,11,11,0
21733,637,199,0.0,10,10,0
21723,636,201,0.0,11,11,0
21722,636,66,12.0,3,3,0
21712,635,201,0.0,11,11,0
21711,635,66,9.0,3,3,0
21701,634,199,0.0,10,10,0
21691,633,199,0.0,10,10,0
21681,632,66,0.0,10,10,0
21666,655,86,0.0,10,10,0
21662,655,32,59.0,1,1,6
21664,655,37,48.0,3,3,1
21661,655,66,23.0,6,6,1
21660,655,6,52.0,2,2,4
21654,654,86,0.0,10,10,0
21650,654,32,59.0,1,1,6
21652,654,37,45.0,3,3,1
21649,654,66,22.0,6,6,1
21648,654,6,46.0,2,2,3
21638,653,32,50.0,1,1,5
21639,653,82,21.0,6,6,0
21640,653,37,43.0,3,3,1
21637,653,66,16.0,7,7,1
21636,653,6,43.0,2,2,3
21627,652,32,50.0,1,1,5
21628,652,82,21.0,6,6,0
21626,652,66,13.0,7,7,1
21625,652,6,34.0,4,4,2
21624,651,85,0.0,11,11,0
21618,651,37,33.0,2,2,1
21616,651,32,50.0,1,1,5
21615,651,66,13.0,7,7,1
21614,651,6,25.0,5,5,1
21607,650,37,33.0,2,2,1
21605,650,32,50.0,1,1,5
21604,650,66,10.0,7,7,1
21603,650,6,16.0,5,5,0
21594,649,32,41.0,1,1,4
21595,649,82,15.0,5,5,0
21593,649,66,10.0,6,6,1
21592,649,6,10.0,7,7,0
21584,648,32,32.0,1,1,3
21586,648,37,31.0,2,2,1
21583,648,66,10.0,6,6,1
21582,648,6,7.0,7,7,0
21574,647,32,23.0,2,2,2
21576,647,37,25.0,1,1,1
21573,647,66,10.0,6,6,1
21572,647,6,7.0,7,7,0
21570,646,187,15.0,3,3,0
21565,646,32,14.0,4,4,1
21564,646,66,10.0,6,6,1
21563,646,6,3.0,7,7,0
21560,645,86,0.0,7,7,0
21558,645,37,13.0,4,4,1
21556,645,32,14.0,3,3,1
21555,645,66,1.0,6,6,0
21554,645,6,0.0,8,8,0
21547,644,32,5.0,4,4,0
21548,644,82,3.0,5,5,0
21546,644,66,0.0,6,6,0
21545,644,6,0.0,7,7,0
21539,643,32,2.0,5,5,0
21540,643,82,3.0,4,4,0
21369,665,182,45.0,3,3,2
21359,664,182,39.0,2,2,2
21350,663,182,30.0,3,3,1
21342,662,6,4.0,5,5,0
21336,661,187,20.0,3,3,0
21328,660,187,18.0,3,3,0
21318,659,6,4.0,5,5,0
21537,643,6,0.0,7,7,0
21388,666,183,0.0,10,10,0
21386,666,180,47.0,3,3,2
21380,666,6,7.0,6,6,0
21379,666,182,49.0,2,2,2
21374,665,196,63.0,1,1,6
21373,665,66,6.0,6,6,0
21372,665,187,29.0,4,4,0
21371,665,191,0.0,8,8,0
21370,665,6,7.0,5,5,0
21367,664,197,0.0,9,9,0
21366,664,180,38.0,3,3,1
21365,664,167,0.0,7,7,0
21363,664,66,2.0,6,6,0
21361,664,191,0.0,8,8,0
21360,664,6,5.0,5,5,0
21354,663,66,2.0,6,6,0
21353,663,187,27.0,4,4,0
21352,663,191,0.0,8,8,0
21351,663,6,5.0,5,5,0
21349,662,197,0.0,9,9,0
21343,662,191,0.0,8,8,0
21341,662,182,28.0,3,3,1
21335,661,191,0.0,8,8,0
21334,661,6,4.0,5,5,0
21333,661,182,19.0,4,4,0
21327,660,191,0.0,8,8,0
21326,660,6,4.0,5,5,0
21325,660,182,13.0,4,4,0
21320,659,187,15.0,3,3,0
21319,659,191,0.0,8,8,0
21317,659,182,9.0,4,4,0
21310,658,6,0.0,8,8,0
21311,658,191,0.0,7,7,0
21309,658,182,7.0,4,4,0
21303,657,6,0.0,7,7,0
21302,657,182,1.0,5,5,0
21297,656,191,0.0,5,5,0
21296,656,6,0.0,6,6,0
21295,656,182,0.0,7,7,0
21102,678,1,0.0,14,14,0
21101,678,26,0.0,13,13,0
21100,678,82,8.0,9,9,0
21099,678,187,49.0,2,2,3
21098,678,195,14.0,7,7,0
21097,678,66,28.0,5,5,0
21085,677,1,0.0,14,14,0
21084,677,26,0.0,13,13,0
21083,677,82,8.0,9,9,0
21082,677,187,43.0,3,3,3
21081,677,195,14.0,6,6,0
21080,677,66,25.0,5,5,0
21068,676,1,0.0,14,14,0
21067,676,26,0.0,13,13,0
21066,676,170,0.0,17,17,0
21065,676,89,0.0,16,16,0
21064,676,183,0.0,15,15,0
21063,676,190,0.0,12,12,0
21051,675,1,0.0,14,14,0
21050,675,26,0.0,13,13,0
21049,675,82,8.0,8,8,0
21048,675,187,31.0,4,4,2
21047,675,195,12.0,6,6,0
21046,675,66,21.0,5,5,0
21034,674,1,0.0,14,14,0
21033,674,26,0.0,13,13,0
21032,674,170,0.0,17,17,0
21031,674,89,0.0,16,16,0
21030,674,183,0.0,15,15,0
21029,674,190,0.0,12,12,0
21017,673,82,6.0,8,8,0
21016,673,187,22.0,3,3,1
21015,673,195,12.0,6,6,0
21014,673,66,17.0,5,5,0
21013,673,170,0.0,15,15,0
21002,672,170,0.0,15,15,0
21001,672,89,0.0,14,14,0
21000,672,190,0.0,13,13,0
20999,672,183,0.0,12,12,0
20998,672,66,17.0,5,5,0
20987,671,170,0.0,15,15,0
20986,671,89,0.0,14,14,0
20985,671,190,0.0,13,13,0
20984,671,183,0.0,12,12,0
20983,671,66,16.0,3,3,0
20972,670,82,0.0,11,11,0
20971,670,187,17.0,2,2,1
20970,670,195,9.0,4,4,0
20969,670,66,12.0,3,3,0
20968,670,170,0.0,15,15,0
20957,669,170,0.0,15,15,0
20956,669,89,0.0,14,14,0
20955,669,190,0.0,13,13,0
20954,669,183,0.0,12,12,0
20953,669,66,6.0,4,4,0
20942,668,66,0.0,10,10,0
20941,668,170,0.0,14,14,0
20940,668,89,0.0,13,13,0
20939,668,190,0.0,12,12,0
20928,667,195,0.0,13,13,0
20927,667,66,0.0,12,12,0
20926,667,170,0.0,11,11,0
20915,689,184,0.0,15,15,0
20914,689,193,0.0,20,20,0
20913,689,26,0.0,14,14,0
20912,689,82,0.0,18,18,0
20911,689,90,0.0,19,19,0
20910,689,189,0.0,17,17,0
20909,689,187,0.0,12,12,0
20908,689,182,0.0,13,13,0
20895,688,184,0.0,15,15,0
20894,688,193,0.0,20,20,0
20893,688,26,0.0,14,14,0
20892,688,82,0.0,18,18,0
20891,688,90,0.0,19,19,0
20890,688,189,0.0,17,17,0
20889,688,187,0.0,13,13,0
20888,688,182,0.0,12,12,0
20875,687,184,0.0,14,14,0
20874,687,193,0.0,19,19,0
20873,687,26,0.0,13,13,0
20872,687,82,0.0,17,17,0
20871,687,90,0.0,18,18,0
20870,687,189,0.0,16,16,0
20869,687,182,0.0,12,12,0
20856,686,184,0.0,14,14,0
20855,686,193,0.0,19,19,0
20854,686,26,0.0,13,13,0
20853,686,82,0.0,17,17,0
20852,686,90,0.0,18,18,0
20851,686,189,0.0,16,16,0
20850,686,182,0.0,12,12,0
20837,685,90,0.0,18,18,0
20836,685,26,0.0,13,13,0
20835,685,182,0.0,12,12,0
20834,685,193,0.0,19,19,0
20833,685,180,19.0,3,3,2
20832,685,82,0.0,17,17,0
20831,685,190,9.0,6,6,1
20818,684,184,0.0,12,12,0
20817,684,82,0.0,15,15,0
20816,684,189,0.0,14,14,0
20815,684,193,0.0,16,16,0
20814,684,190,9.0,6,6,1
20813,684,180,19.0,2,2,2
20802,683,184,0.0,12,12,0
20801,683,82,0.0,15,15,0
20800,683,189,0.0,14,14,0
20799,683,190,9.0,6,6,1
20798,683,180,10.0,5,5,1
20787,682,180,10.0,4,4,1
20786,682,82,0.0,15,15,0
20785,682,190,9.0,5,5,1
20784,682,172,0.0,13,13,0
20783,682,194,3.0,10,10,0
20772,681,180,9.0,3,3,1
20771,681,82,0.0,15,15,0
20770,681,190,0.0,14,14,0
20769,681,172,0.0,12,12,0
20768,681,194,3.0,8,8,0
20757,680,184,0.0,10,10,0
20756,680,190,0.0,13,13,0
20755,680,82,0.0,14,14,0
20754,680,189,0.0,12,12,0
20743,679,66,0.0,9,9,0
20742,679,189,0.0,8,8,0
20724,698,183,1.0,10,10,0
20720,698,191,42.0,1,1,4
20730,698,6,31.0,2,2,2
20728,698,188,1.0,12,12,0
20727,698,192,0.0,13,13,0
20726,698,189,4.0,7,7,0
20725,698,66,22.0,4,4,1
20723,698,172,8.0,6,6,0
20722,698,181,1.0,11,11,0
20721,698,176,13.0,5,5,1
20707,697,181,1.0,10,10,0
20705,697,191,40.0,1,1,4
20714,697,167,24.0,3,3,0
20712,697,192,0.0,12,12,0
20711,697,189,2.0,7,7,0
20710,697,66,22.0,4,4,1
20709,697,183,1.0,9,9,0
20708,697,172,8.0,6,6,0
20706,697,176,13.0,5,5,1
20696,696,189,2.0,7,7,0
20697,696,192,0.0,11,11,0
20695,696,66,22.0,3,3,1
20694,696,183,1.0,8,8,0
20693,696,172,7.0,5,5,0
20692,696,181,1.0,9,9,0
20691,696,176,4.0,6,6,0
20690,696,191,40.0,1,1,4
20682,695,66,22.0,3,3,1
20678,695,176,2.0,7,7,0
20679,695,181,1.0,8,8,0
20680,695,172,7.0,5,5,0
20683,695,189,2.0,6,6,0
20681,695,183,0.0,10,10,0
20677,695,191,39.0,1,1,4
20664,694,191,30.0,1,1,3
20665,694,176,2.0,7,7,0
20666,694,181,1.0,8,8,0
20667,694,172,7.0,5,5,0
20668,694,183,0.0,10,10,0
20669,694,66,19.0,3,3,1
20670,694,189,2.0,6,6,0
20656,693,66,13.0,3,3,1
20657,693,189,2.0,6,6,0
20655,693,183,0.0,9,9,0
20654,693,172,3.0,5,5,0
20653,693,181,1.0,7,7,0
20652,693,176,0.0,11,11,0
20651,693,191,21.0,1,1,2
20642,692,181,1.0,6,6,0
20643,692,172,0.0,8,8,0
20644,692,183,0.0,7,7,0
20641,692,176,0.0,9,9,0
20640,692,191,12.0,2,2,1
20634,691,66,9.0,2,2,1
20636,691,188,0.0,11,11,0
20632,691,172,0.0,6,6,0
20631,691,181,0.0,8,8,0
20630,691,176,0.0,7,7,0
20629,691,191,3.0,4,4,0
20625,690,183,0.0,8,8,0
20623,690,172,0.0,4,4,0
20621,690,176,0.0,6,6,0
20620,690,191,0.0,7,7,0
20497,708,181,5.0,7,7,0
20498,708,170,14.0,5,5,0
20499,708,6,26.0,4,4,0
20495,708,172,54.0,1,1,6
20494,708,176,2.0,8,8,0
20493,708,186,0.0,12,12,0
20492,708,184,0.0,13,13,0
20491,708,180,0.0,14,14,0
20490,708,93,0.0,15,15,0
20489,708,167,0.0,16,16,0
20488,708,11,11.0,6,6,1
20479,707,172,54.0,1,1,6
20483,707,6,26.0,3,3,0
20481,707,181,2.0,6,6,0
20480,707,183,24.0,4,4,0
20478,707,176,1.0,8,8,0
20477,707,186,0.0,12,12,0
20476,707,184,0.0,13,13,0
20475,707,180,0.0,14,14,0
20474,707,93,0.0,15,15,0
20473,707,167,0.0,16,16,0
20472,707,11,2.0,7,7,0
20465,706,181,2.0,6,6,0
20466,706,170,13.0,5,5,0
20463,706,172,54.0,1,1,6
20462,706,176,1.0,8,8,0
20461,706,186,0.0,12,12,0
20460,706,184,0.0,13,13,0
20459,706,180,0.0,14,14,0
20458,706,93,0.0,15,15,0
20457,706,167,0.0,16,16,0
20456,706,11,2.0,7,7,0
20449,705,181,2.0,6,6,0
20450,705,170,11.0,5,5,0
20451,705,6,21.0,3,3,0
20447,705,172,54.0,1,1,6
20446,705,176,0.0,9,9,0
20445,705,186,0.0,12,12,0
20444,705,184,0.0,13,13,0
20443,705,180,0.0,14,14,0
20442,705,93,0.0,15,15,0
20441,705,167,0.0,16,16,0
20440,705,11,2.0,7,7,0
20431,704,172,45.0,1,1,5
20435,704,6,20.0,3,3,0
20433,704,181,2.0,6,6,0
20432,704,183,11.0,4,4,0
20430,704,176,0.0,9,9,0
20429,704,186,0.0,12,12,0
20428,704,184,0.0,13,13,0
20427,704,180,0.0,14,14,0
20426,704,93,0.0,15,15,0
20425,704,167,0.0,16,16,0
20424,704,11,2.0,7,7,0
20417,703,181,2.0,6,6,0
20418,703,170,8.0,4,4,0
20415,703,172,36.0,1,1,4
20414,703,176,0.0,10,10,0
20413,703,186,0.0,12,12,0
20412,703,184,0.0,13,13,0
20411,703,180,0.0,14,14,0
20410,703,93,0.0,15,15,0
20409,703,167,0.0,16,16,0
20408,703,11,1.0,7,7,0
20399,702,172,27.0,1,1,3
20403,702,6,16.0,3,3,0
20401,702,181,2.0,6,6,0
20400,702,183,6.0,5,5,0
20398,702,176,0.0,10,10,0
20397,702,186,0.0,12,12,0
20396,702,184,0.0,13,13,0
20395,702,180,0.0,14,14,0
20394,702,93,0.0,15,15,0
20393,702,167,0.0,16,16,0
20392,702,11,1.0,7,7,0
20385,701,181,1.0,6,6,0
20386,701,170,8.0,4,4,0
20387,701,6,12.0,3,3,0
20383,701,172,18.0,2,2,2
20382,701,176,0.0,10,10,0
20381,701,186,0.0,12,12,0
20380,701,184,0.0,13,13,0
20379,701,180,0.0,14,14,0
20378,701,93,0.0,15,15,0
20377,701,167,0.0,16,16,0
20376,701,11,1.0,7,7,0
20373,700,185,0.0,10,10,0
20368,700,183,0.0,6,6,0
20369,700,181,1.0,5,5,0
20367,700,172,9.0,3,3,1
20366,700,176,0.0,9,9,0
20365,700,186,0.0,12,12,0
20364,700,184,0.0,13,13,0
20363,700,180,0.0,14,14,0
20362,700,93,0.0,15,15,0
20361,700,167,0.0,16,16,0
20360,700,11,0.0,11,11,0
20357,699,66,4.0,3,3,0
20350,699,185,0.0,10,10,0
20349,699,186,0.0,11,11,0
20348,699,184,0.0,12,12,0
20347,699,180,0.0,13,13,0
20346,699,93,0.0,14,14,0
20345,699,167,0.0,15,15,0
20171,718,181,7.0,6,6,0
20168,718,6,45.0,1,1,3
20169,718,94,5.0,7,7,0
20167,718,183,30.0,4,4,2
20166,718,176,3.0,8,8,0
20165,718,170,16.0,5,5,0
20164,718,172,37.0,3,3,3
20163,718,66,42.0,2,2,2
20158,717,181,7.0,6,6,0
20155,717,6,43.0,1,1,3
20156,717,94,5.0,7,7,0
20154,717,183,21.0,4,4,1
20153,717,176,3.0,8,8,0
20152,717,170,16.0,5,5,0
20151,717,172,36.0,3,3,3
20150,717,66,42.0,2,2,2
20144,716,172,35.0,3,3,3
20141,716,181,3.0,7,7,0
20142,716,94,4.0,6,6,0
20140,716,170,16.0,5,5,0
20139,716,176,3.0,8,8,0
20138,716,183,21.0,4,4,1
20137,716,6,37.0,1,1,3
20131,715,66,36.0,1,1,1
20129,715,181,3.0,6,6,0
20128,715,170,10.0,5,5,0
20127,715,176,3.0,7,7,0
20126,715,183,21.0,4,4,1
20125,715,6,28.0,3,3,2
20122,714,92,0.0,10,10,0
20120,714,172,34.0,1,1,3
20117,714,181,3.0,6,6,0
20116,714,170,10.0,5,5,0
20115,714,176,3.0,7,7,0
20114,714,183,17.0,4,4,1
20113,714,6,19.0,3,3,1
20110,713,182,0.0,11,11,0
20105,713,170,10.0,5,5,0
20104,713,176,3.0,6,6,0
20103,713,183,17.0,3,3,1
20102,713,6,10.0,4,4,0
20101,712,95,0.0,10,10,0
20099,712,172,25.0,1,1,2
20094,712,176,3.0,6,6,0
20093,712,183,14.0,3,3,1
20092,712,6,6.0,5,5,0
20089,711,92,0.0,9,9,0
20085,711,170,8.0,3,3,0
20086,711,181,0.0,8,8,0
20087,711,94,0.0,7,7,0
20084,711,176,3.0,6,6,0
20083,711,183,5.0,5,5,0
20082,711,6,6.0,4,4,0
20078,710,92,0.0,10,10,0
19934,728,173,0.0,22,22,0
19936,728,177,0.0,20,20,0
19929,728,94,6.0,6,6,0
19927,728,66,36.0,2,2,2
19926,728,95,5.0,7,7,0
19925,728,6,26.0,4,4,1
19924,728,172,54.0,1,1,7
19923,728,176,4.0,8,8,0
19922,728,26,0.0,9,9,0
19921,728,34,28.0,3,3,0
19920,728,54,0.0,12,12,0
19919,728,92,0.0,11,11,0
19914,727,32,0.0,15,15,0
19916,727,179,0.0,18,18,0
19905,727,172,54.0,1,1,6
19909,727,170,23.0,5,5,0
19903,727,26,0.0,9,9,0
19902,727,34,24.0,4,4,0
19901,727,54,0.0,12,12,0
19900,727,92,0.0,11,11,0
19896,726,173,0.0,18,18,0
19898,726,177,0.0,16,16,0
19892,726,94,6.0,6,6,0
19890,726,66,35.0,2,2,2
19885,726,26,0.0,9,9,0
19884,726,34,18.0,5,5,0
19883,726,54,0.0,12,12,0
19882,726,92,0.0,11,11,0
19876,725,97,0.0,12,12,0
19874,725,170,21.0,4,4,0
19869,725,176,4.0,8,8,0
19868,725,26,0.0,9,9,0
19867,725,34,15.0,5,5,0
19866,725,54,0.0,11,11,0
19865,725,92,0.0,10,10,0
19863,724,177,0.0,14,14,0
19860,724,170,17.0,4,4,0
19858,724,95,4.0,6,6,0
19853,724,34,13.0,5,5,0
19851,724,92,0.0,10,10,0
19846,723,66,18.0,2,2,1
19842,723,176,2.0,7,7,0
19840,723,34,13.0,4,4,0
19838,723,92,0.0,10,10,0
19833,722,95,1.0,8,8,0
19826,722,92,0.0,10,10,0
19836,722,94,3.0,6,6,0
19829,722,26,0.0,9,9,0
19827,722,54,0.0,11,11,0
19822,721,66,14.0,2,2,1
19820,721,6,7.0,5,5,0
19816,721,34,10.0,4,4,0
19814,721,92,0.0,9,9,0
19813,720,170,10.0,3,3,0
19807,720,172,10.0,2,2,1
19616,737,97,0.0,15,15,0
19617,737,34,6.0,7,7,0
19618,737,100,0.0,10,10,0
19614,737,66,42.0,1,1,4
19612,737,175,0.0,16,16,0
19590,736,99,0.0,9,9,0
19589,736,26,19.0,4,4,0
19373,744,6,45.0,1,1,5
19372,744,172,26.0,2,2,2
19329,739,6,15.0,1,1,1
19328,739,172,13.0,2,2,1
19322,738,66,0.0,6,6,0
19321,738,99,0.0,7,7,0
18927,764,101,0.0,14,14,0
18926,764,169,0.0,10,10,0
18925,764,117,0.0,5,5,0
18924,764,105,0.0,9,9,0
18923,764,95,0.0,8,8,0
18922,764,32,5.0,4,4,0
18921,764,66,18.0,3,3,1
18920,764,167,0.0,6,6,0
18919,764,6,32.0,2,2,2
18918,764,170,40.0,1,1,5
18912,763,105,0.0,7,7,0
18911,763,95,0.0,9,9,0
18910,763,32,3.0,4,4,0
18909,763,66,18.0,3,3,1
18908,763,167,0.0,6,6,0
18907,763,6,32.0,2,2,2
18906,763,170,38.0,1,1,4
18898,762,32,3.0,4,4,0
18897,762,66,18.0,3,3,1
18896,762,167,0.0,6,6,0
18895,762,6,28.0,2,2,2
18894,762,170,34.0,1,1,3
22707,582,64,7.0,5,5,0
22705,582,6,35.0,1,1,3
22703,582,67,2.0,9,9,0
22699,582,202,2.5,8,8,0
22702,582,32,6.0,6,6,0
22724,583,64,16.0,5,5,1
22722,583,6,41.0,1,1,3
22720,583,67,2.0,9,9,0
22716,583,202,3.5,7,7,0
22741,584,34,36.0,2,2,1
22744,584,56,0.0,17,17,0
22740,584,6,50.0,1,1,4
22738,584,67,2.0,9,9,0
22734,584,202,3.5,8,8,0
22759,585,34,42.0,2,2,1
22762,585,56,0.0,17,17,0
22758,585,6,50.0,1,1,4
22752,585,202,3.5,8,8,0
22778,586,34,51.0,2,2,2
22781,586,56,0.0,17,17,0
22777,586,6,54.0,1,1,4
22771,586,202,6.5,6,6,0
22791,587,26,0.0,16,16,0
22792,587,37,7.5,7,7,1
22793,587,32,7.0,8,8,0
22790,587,202,8.5,6,6,0
22811,588,26,0.0,16,16,0
22812,588,37,7.5,7,7,1
22813,588,32,7.0,8,8,0
22810,588,202,9.5,6,6,0
22831,589,26,0.0,17,17,0
22832,589,37,7.5,8,8,1
22833,589,32,9.0,7,7,0
22830,589,202,9.5,6,6,0
22862,560,66,0.0,13,13,0
22879,561,64,0.0,15,15,0
22896,562,64,0.0,16,16,0
22914,563,64,0.0,17,17,0
22915,563,182,0.0,19,19,0
22933,564,66,0.0,19,19,0
22934,564,64,0.0,18,18,0
22952,565,66,0.0,19,19,0
22953,565,64,0.0,18,18,0
22971,566,64,0.0,18,18,0
22972,566,66,0.0,19,19,0
22990,567,70,0.0,15,15,0
22991,567,182,0.0,17,17,0
23009,568,70,0.0,16,16,0
23010,568,182,0.0,18,18,0
23028,569,64,0.0,15,15,0
23029,569,66,0.0,19,19,0
23047,570,64,0.0,15,15,0
23048,570,66,0.0,19,19,0
23066,571,64,0.0,15,15,0
23067,571,66,0.0,19,19,0
23085,572,64,0.0,15,15,0
23086,572,66,0.0,19,19,0
23104,573,64,0.0,15,15,0
23105,573,66,0.0,19,19,0
23123,574,64,0.0,15,15,0
23124,574,66,0.0,19,19,0
23144,575,66,0.0,20,20,0
23145,575,74,0.0,21,21,0
23988,512,21,0.0,6,6,0
23986,512,57,0.0,8,8,0
23984,512,59,0.0,10,10,0
23982,512,4,0.0,12,12,0
24007,513,32,12.0,2,2,0
24006,513,1,4.0,3,3,0
24005,513,56,1.0,6,6,0
23996,513,204,0.0,14,14,0
23981,512,204,0.0,13,13,0
24030,515,6,33.0,1,1,2
24037,515,32,20.0,3,3,0
24036,515,1,4.0,5,5,0
24056,516,61,0.0,16,16,0
24046,516,57,0.0,13,13,0
24043,516,25,11.0,4,4,0
24049,516,58,0.0,9,9,0
24062,517,57,0.0,14,14,0
24059,517,25,15.0,4,4,0
24079,518,57,0.0,14,14,0
24076,518,25,15.0,4,4,0
24097,519,3,14.0,5,5,0
24094,519,59,0.0,12,12,0
24092,519,4,13.0,6,6,1
24114,520,3,23.0,4,4,1
24117,520,56,1.0,10,10,0
24111,520,59,0.0,12,12,0
24109,520,4,19.0,6,6,1
24129,521,6,65.0,1,1,4
24128,521,59,0.0,12,12,0
24127,521,25,21.0,5,5,0
24125,521,204,1.0,9,9,0
24126,521,4,19.0,6,6,1
24166,523,57,0.0,14,14,0
24163,523,58,0.0,11,11,0
24161,523,1,13.0,7,7,0
24159,523,27,61.0,2,2,3
24181,524,21,5.0,9,9,0
24179,524,56,1.0,10,10,0
24177,524,32,39.0,4,4,0
24176,524,27,61.0,3,3,3
24198,525,58,0.0,11,11,0
24196,525,1,14.0,7,7,0
24195,525,32,39.0,4,4,0
24194,525,27,61.0,3,3,3
24218,526,21,5.0,9,9,0
24216,526,56,1.0,12,12,0
24214,526,32,39.0,4,4,0
24213,526,27,61.0,3,3,3
24232,337,6,43.0,1,1,1
24233,337,1,21.0,2,2,0
24234,337,9,16.0,4,4,0
24235,337,131,18.0,3,3,0
24236,337,10,2.0,5,5,0
24237,337,3,1.0,6,6,0
24238,337,4,0.0,7,7,0
24239,337,5,0.0,8,8,0
24240,337,205,0.0,9,9,0
24241,337,15,0.0,10,10,0
24242,337,164,0.0,11,11,0
24243,337,166,0.0,12,12,0
24244,338,6,70.0,1,1,1
24245,338,1,54.0,2,2,1
24246,338,9,18.0,5,5,0
24247,338,131,29.0,3,3,0
24248,338,10,8.0,6,6,0
24249,338,3,5.0,7,7,0
24250,338,4,18.0,4,4,0
24251,338,5,0.0,8,8,0
24252,338,205,0.0,10,10,0
24253,338,15,0.0,9,9,0
24254,338,164,0.0,11,11,0
24255,338,166,0.0,12,12,0
24256,339,6,76.0,1,1,1
24257,339,1,66.0,2,2,1
24258,339,9,61.0,3,3,1
24259,339,131,44.0,4,4,0
24260,339,10,18.0,6,6,0
24261,339,3,6.0,7,7,0
24262,339,4,30.0,5,5,0
24263,339,5,2.0,8,8,0
24264,339,205,0.0,10,10,0
24265,339,15,0.0,9,9,0
24266,339,164,0.0,11,11,0
24267,339,166,0.0,12,12,0
24268,340,6,90.0,2,2,1
24269,340,1,109.0,1,1,2
24270,340,9,73.0,3,3,1
24271,340,131,60.0,4,4,0
24272,340,10,18.0,6,6,0
24273,340,3,6.0,7,7,0
24274,340,4,46.0,5,5,0
24275,340,5,2.0,8,8,0
24276,340,205,0.0,10,10,0
24277,340,15,0.0,9,9,0
24278,340,164,0.0,11,11,0
24279,340,166,0.0,12,12,0
24280,341,6,116.0,2,2,1
24281,341,1,119.0,1,1,2
24282,341,9,113.0,3,3,2
24283,341,131,72.0,4,4,0
24284,341,10,24.0,6,6,0
24285,341,3,8.0,7,7,0
24286,341,4,50.0,5,5,0
24287,341,5,3.0,8,8,0
24288,341,205,0.0,10,10,0
24289,341,15,0.0,9,9,0
24290,341,164,0.0,11,11,0
24291,341,166,0.0,12,12,0
24316,343,6,146.0,3,3,1
24315,342,166,0.0,12,12,0
24314,342,164,0.0,11,11,0
24312,342,205,0.0,10,10,0
24310,342,4,65.0,5,5,0
24307,342,131,78.0,4,4,0
24313,342,15,0.0,9,9,0
24309,342,3,8.0,7,7,0
24311,342,5,4.0,8,8,0
24308,342,10,30.0,6,6,0
24306,342,9,156.0,1,1,3
24305,342,1,129.0,3,3,2
24304,342,6,136.0,2,2,1
24317,343,1,172.0,1,1,3
24318,343,9,171.0,2,2,3
24319,343,131,100.0,4,4,0
24320,343,10,32.0,6,6,0
24321,343,3,8.0,7,7,0
24322,343,4,73.0,5,5,0
24323,343,5,4.0,8,8,0
24324,343,205,0.0,10,10,0
24325,343,15,1.0,9,9,0
24326,343,164,0.0,11,11,0
24327,343,166,0.0,12,12,0
24328,344,6,161.0,3,3,1
24329,344,1,215.0,1,1,4
24330,344,9,193.0,2,2,3
24331,344,131,108.0,4,4,0
24332,344,10,35.0,6,6,0
24333,344,3,8.0,8,8,0
24334,344,4,79.0,5,5,0
24335,344,5,8.0,7,7,0
24336,344,205,0.0,10,10,0
24337,344,15,1.0,9,9,0
24338,344,164,0.0,11,11,0
24339,344,166,0.0,12,12,0
24340,345,6,165.0,3,3,1
24341,345,1,248.0,1,1,4
24342,345,9,218.0,2,2,4
24343,345,131,109.0,4,4,0
24344,345,10,43.0,6,6,0
24345,345,3,20.0,7,7,0
24346,345,4,89.0,5,5,0
24347,345,5,10.0,8,8,0
24348,345,205,0.0,10,10,0
24349,345,15,7.0,9,9,0
24350,345,164,0.0,11,11,0
24351,345,166,0.0,12,12,0
24352,346,6,165.0,3,3,1
24353,346,1,278.0,1,1,4
24354,346,9,249.0,2,2,5
24355,346,131,126.0,4,4,0
24356,346,10,47.0,6,6,0
24357,346,3,31.0,7,7,0
24358,346,4,89.0,5,5,0
24359,346,5,10.0,9,9,0
24360,346,205,0.0,10,10,0
24361,346,15,15.0,8,8,0
24362,346,164,0.0,11,11,0
24363,346,166,0.0,12,12,0
24364,347,6,208.0,3,3,2
24365,347,1,300.0,1,1,4
24366,347,9,272.0,2,2,5
24367,347,131,132.0,4,4,0
24368,347,10,47.0,6,6,0
24369,347,3,31.0,7,7,0
24370,347,4,96.0,5,5,0
24371,347,5,10.0,9,9,0
24372,347,205,0.0,10,10,0
24373,347,15,15.0,8,8,0
24374,347,164,0.0,11,11,0
24375,347,166,0.0,12,12,0
24376,348,6,238.0,3,3,2
24377,348,1,304.0,2,2,4
24378,348,9,312.0,1,1,6
24379,348,131,132.0,4,4,0
24380,348,10,47.0,6,6,0
24381,348,3,40.0,7,7,0
24382,348,4,106.0,5,5,0
24383,348,5,10.0,9,9,0
24384,348,205,0.0,10,10,0
24385,348,15,23.0,8,8,0
24386,348,164,0.0,11,11,0
24387,348,166,0.0,12,12,0
24388,349,6,250.0,3,3,2
24389,349,1,329.0,2,2,5
24390,349,9,330.0,1,1,6
24391,349,131,146.0,4,4,0
24392,349,10,58.0,6,6,0
24393,349,3,40.0,7,7,0
24394,349,4,123.0,5,5,0
24395,349,5,10.0,9,9,0
24396,349,205,0.0,10,10,0
24397,349,15,27.0,8,8,0
24398,349,164,0.0,11,11,0
24399,349,166,0.0,12,12,0
24400,350,6,290.0,3,3,3
24401,350,1,347.0,2,2,5
24402,350,9,350.0,1,1,6
24403,350,131,158.0,4,4,0
24404,350,10,58.0,6,6,0
24405,350,3,47.0,7,7,0
24406,350,4,127.0,5,5,0
24407,350,5,10.0,9,9,0
24408,350,205,0.0,10,10,0
24409,350,15,27.0,8,8,0
24410,350,164,0.0,11,11,0
24411,350,166,0.0,12,12,0
24447,351,166,0.0,12,12,0
24446,351,164,0.0,11,11,0
24445,351,15,27.0,8,8,0
24444,351,205,0.0,10,10,0
24443,351,5,10.0,9,9,0
24442,351,4,133.0,5,5,0
24437,351,1,359.0,2,2,5
24438,351,9,383.0,1,1,6
24439,351,131,168.0,4,4,0
24440,351,10,60.0,6,6,0
24441,351,3,56.0,7,7,0
24436,351,6,319.0,3,3,4
24483,353,166,0.0,12,12,0
24459,352,166,0.0,12,12,0
24458,352,164,0.0,11,11,0
24457,352,15,37.0,8,8,0
24456,352,205,0.0,10,10,0
24455,352,5,11.0,9,9,0
24454,352,4,133.0,5,5,0
24449,352,1,381.0,2,2,5
24450,352,9,426.0,1,1,7
24451,352,131,176.0,4,4,0
24452,352,10,60.0,6,6,0
24453,352,3,58.0,7,7,0
24448,352,6,334.0,3,3,4
24481,353,15,43.0,8,8,0
24479,353,5,11.0,9,9,0
24477,353,3,65.0,7,7,0
24475,353,131,188.0,4,4,0
24482,353,164,0.0,11,11,0
24478,353,4,143.0,5,5,0
24480,353,205,0.0,10,10,0
24474,353,9,426.0,1,1,7
24476,353,10,68.0,6,6,0
24473,353,1,399.0,2,2,5
24472,353,6,374.0,3,3,5
24484,354,6,389.0,3,3,5
24485,354,1,421.0,2,2,5
24486,354,9,469.0,1,1,8
24487,354,131,202.0,4,4,0
24488,354,10,68.0,7,7,0
24489,354,3,69.0,6,6,0
24490,354,4,145.0,5,5,0
24491,354,5,11.0,9,9,0
24492,354,205,0.0,10,10,0
24493,354,15,44.0,8,8,0
24494,354,164,0.0,11,11,0
24495,354,166,0.0,12,12,0
24496,355,6,396.0,3,3,5
24497,355,1,454.0,2,2,5
24498,355,9,498.0,1,1,9
24499,355,131,214.0,4,4,0
24500,355,10,68.0,7,7,0
24501,355,3,69.0,6,6,0
24502,355,4,163.0,5,5,0
24503,355,5,13.0,9,9,0
24504,355,205,0.0,10,10,0
24505,355,15,44.0,8,8,0
24506,355,164,0.0,11,11,0
24507,355,166,0.0,12,12,0
27983,75,4,58.0,1,1,4
24542,842,4,30.0,4,4,0
24541,842,1,48.0,2,2,0
24540,842,9,72.0,1,1,2
24669,841,131,0.0,10,10,0
24668,841,3,0.0,9,9,0
24667,841,166,0.0,8,8,0
24666,841,205,0.0,7,7,0
24665,841,10,3.0,6,6,0
24664,841,5,4.0,5,5,0
24663,841,6,18.0,3,3,0
24662,841,4,15.0,4,4,0
24661,841,1,26.0,2,2,0
24660,841,9,35.0,1,1,1
24543,842,6,36.0,3,3,0
24544,842,5,4.0,6,6,0
24545,842,10,4.0,7,7,0
24546,842,205,0.0,9,9,0
24547,842,166,0.0,10,10,0
24548,842,3,0.0,11,11,0
24549,842,131,2.0,8,8,0
24550,842,15,6.0,5,5,0
24551,842,164,0.0,12,12,0
24552,843,9,105.0,1,1,2
24553,843,1,85.0,2,2,1
24554,843,4,32.0,4,4,0
24555,843,6,50.0,3,3,0
24556,843,5,4.0,7,7,0
24557,843,10,4.0,8,8,0
24558,843,205,0.0,9,9,0
24559,843,166,0.0,11,11,0
24560,843,3,0.0,10,10,0
24561,843,131,16.0,5,5,0
24562,843,15,7.0,6,6,0
24563,843,164,0.0,12,12,0
24564,844,9,148.0,1,1,3
24565,844,1,105.0,2,2,1
24566,844,4,42.0,4,4,0
24567,844,6,65.0,3,3,0
24568,844,5,6.0,7,7,0
24569,844,10,4.0,8,8,0
24570,844,205,0.0,9,9,0
24571,844,166,0.0,11,11,0
24572,844,3,0.0,10,10,0
24573,844,131,26.0,5,5,0
24574,844,15,8.0,6,6,0
24575,844,164,0.0,12,12,0
24576,845,9,185.0,1,1,4
24577,845,1,138.0,2,2,1
24578,845,4,46.0,4,4,0
24579,845,6,75.0,3,3,0
24580,845,5,6.0,7,7,0
24581,845,10,4.0,8,8,0
24582,845,205,0.0,10,10,0
24583,845,166,0.0,11,11,0
24584,845,3,0.0,9,9,0
24585,845,131,40.0,5,5,0
24586,845,15,11.0,6,6,0
24587,845,164,0.0,12,12,0
24588,846,9,222.0,1,1,5
24589,846,1,161.0,2,2,1
24590,846,4,50.0,4,4,0
24591,846,6,93.0,3,3,0
24592,846,5,7.0,8,8,0
24593,846,10,10.0,7,7,0
24594,846,205,0.0,10,10,0
24595,846,166,0.0,11,11,0
24596,846,3,2.0,9,9,0
24597,846,131,40.0,5,5,0
24598,846,15,21.0,6,6,0
24599,846,164,0.0,12,12,0
24600,847,9,255.0,1,1,5
24601,847,1,186.0,2,2,2
24602,847,4,60.0,4,4,0
24603,847,6,101.0,3,3,0
24604,847,5,12.0,7,7,0
24605,847,10,10.0,8,8,0
24606,847,205,0.0,10,10,0
24607,847,166,0.0,12,12,0
24608,847,3,4.0,9,9,0
24609,847,131,52.0,5,5,0
24610,847,15,27.0,6,6,0
24611,847,164,0.0,11,11,0
24612,848,9,295.0,1,1,6
24613,848,1,206.0,2,2,2
24614,848,4,61.0,4,4,0
24615,848,6,129.0,3,3,0
24616,848,5,16.0,7,7,0
24617,848,10,12.0,8,8,0
24618,848,205,0.0,10,10,0
24619,848,166,0.0,12,12,0
24620,848,3,4.0,9,9,0
24621,848,131,58.0,5,5,0
24622,848,15,27.0,6,6,0
24623,848,164,0.0,11,11,0
24624,849,9,328.0,1,1,6
24625,849,1,218.0,2,2,2
24626,849,4,65.0,5,5,0
24627,849,6,164.0,3,3,1
24628,849,5,17.0,7,7,0
24629,849,10,12.0,8,8,0
24630,849,205,0.0,10,10,0
24631,849,166,0.0,12,12,0
24632,849,3,4.0,9,9,0
24633,849,131,68.0,4,4,0
24634,849,15,33.0,6,6,0
24635,849,164,0.0,11,11,0
24636,850,9,355.0,1,1,6
24637,850,1,243.0,2,2,3
24638,850,4,66.0,5,5,0
24639,850,6,192.0,3,3,1
24640,850,5,17.0,8,8,0
24641,850,10,20.0,7,7,0
24642,850,205,0.0,10,10,0
24643,850,166,0.0,12,12,0
24644,850,3,4.0,9,9,0
24645,850,131,78.0,4,4,0
24646,850,15,35.0,6,6,0
24647,850,164,0.0,11,11,0
24648,851,9,383.0,1,1,6
24649,851,1,280.0,2,2,4
24650,851,4,66.0,5,5,0
24651,851,6,215.0,3,3,1
24652,851,5,22.0,8,8,0
24653,851,10,26.0,7,7,0
24654,851,205,0.0,10,10,0
24655,851,166,0.0,12,12,0
24656,851,3,4.0,9,9,0
24657,851,131,80.0,4,4,0
24658,851,15,35.0,6,6,0
24659,851,164,0.0,11,11,0
24670,852,9,426.0,1,1,7
24671,852,1,295.0,2,2,4
24672,852,4,68.0,5,5,0
24673,852,6,231.0,3,3,1
24674,852,5,22.0,8,8,0
24675,852,10,32.0,7,7,0
24676,852,205,0.0,10,10,0
24677,852,166,0.0,12,12,0
24678,852,3,5.0,9,9,0
24679,852,131,98.0,4,4,0
24680,852,15,35.0,6,6,0
24681,852,164,0.0,11,11,0
24682,853,9,451.0,1,1,8
24683,853,1,325.0,2,2,4
24684,853,4,70.0,5,5,0
24685,853,6,254.0,3,3,1
24686,853,5,29.0,8,8,0
24687,853,10,36.0,6,6,0
24688,853,205,0.0,10,10,0
24689,853,166,0.0,12,12,0
24690,853,3,5.0,9,9,0
24691,853,131,108.0,4,4,0
24692,853,15,35.0,7,7,0
24693,853,164,0.0,11,11,0
24694,854,9,491.0,1,1,9
24695,854,1,353.0,2,2,4
24696,854,4,70.0,5,5,0
24697,854,6,268.0,3,3,1
24698,854,5,29.0,8,8,0
24699,854,10,48.0,6,6,0
24700,854,205,0.0,10,10,0
24701,854,166,0.0,12,12,0
24702,854,3,5.0,9,9,0
24703,854,131,114.0,4,4,0
24704,854,15,36.0,7,7,0
24705,854,164,0.0,11,11,0
24706,855,9,518.0,1,1,9
24707,855,1,388.0,2,2,5
24708,855,4,72.0,5,5,0
24709,855,6,292.0,3,3,1
24710,855,5,29.0,8,8,0
24711,855,10,48.0,6,6,0
24712,855,205,0.0,10,10,0
24713,855,166,0.0,12,12,0
24714,855,3,5.0,9,9,0
24715,855,131,123.0,4,4,0
24716,855,15,40.0,7,7,0
24717,855,164,0.0,11,11,0
24718,856,9,558.0,1,1,10
24719,856,1,418.0,2,2,5
24720,856,4,72.0,5,5,0
24721,856,6,310.0,3,3,1
24722,856,5,37.0,8,8,0
24723,856,10,49.0,6,6,0
24724,856,205,0.0,10,10,0
24725,856,166,0.0,12,12,0
24726,856,3,5.0,9,9,0
24727,856,131,127.0,4,4,0
24728,856,15,40.0,7,7,0
24729,856,164,0.0,11,11,0
24730,857,9,595.0,1,1,11
24731,857,1,442.0,2,2,5
24732,857,4,72.0,5,5,0
24733,857,6,325.0,3,3,1
24734,857,5,41.0,8,8,0
24735,857,10,51.0,6,6,0
24736,857,205,0.0,10,10,0
24737,857,166,0.0,12,12,0
24738,857,3,5.0,9,9,0
24739,857,131,145.0,4,4,0
24740,857,15,41.0,7,7,0
24741,857,164,0.0,11,11,0
24742,858,9,607.0,1,1,11
24743,858,1,482.0,2,2,6
24744,858,4,72.0,5,5,0
24745,858,6,353.0,3,3,1
24746,858,5,41.0,8,8,0
24747,858,10,57.0,6,6,0
24748,858,205,0.0,10,10,0
24749,858,166,0.0,12,12,0
24750,858,3,5.0,9,9,0
24751,858,131,159.0,4,4,0
24752,858,15,42.0,7,7,0
24753,858,164,0.0,11,11,0
24754,859,9,650.0,1,1,12
24755,859,1,497.0,2,2,6
24756,859,4,73.0,5,5,0
24757,859,6,375.0,3,3,1
24758,859,5,41.0,8,8,0
24759,859,10,69.0,6,6,0
24760,859,205,0.0,10,10,0
24761,859,166,0.0,12,12,0
24762,859,3,5.0,9,9,0
24763,859,131,165.0,4,4,0
24764,859,15,44.0,7,7,0
24765,859,164,0.0,11,11,0
24941,860,206,0.0,10,10,0
24942,860,207,0.0,11,11,0
24932,860,1,40.0,1,1,1
24940,860,3,0.0,9,9,0
24939,860,131,0.0,8,8,0
24938,860,10,1.0,7,7,0
24937,860,5,2.0,6,6,0
24936,860,208,6.0,5,5,0
24935,860,15,12.0,3,3,0
24934,860,6,10.0,4,4,0
24933,860,9,30.0,2,2,0
24777,861,1,55.0,1,1,1
24778,861,9,42.0,2,2,0
24779,861,6,35.0,3,3,1
24780,861,15,30.0,4,4,0
24781,861,208,16.0,5,5,0
24782,861,5,6.0,8,8,0
24783,861,10,9.0,6,6,0
24784,861,131,1.0,9,9,0
24785,861,3,8.0,7,7,0
24786,861,206,0.0,10,10,0
24787,861,207,0.0,11,11,0
24788,861,164,0.0,12,12,0
24789,862,1,88.0,1,1,1
24790,862,9,64.0,2,2,0
24791,862,6,37.0,3,3,1
24792,862,15,31.0,4,4,0
24793,862,208,24.0,6,6,0
24794,862,5,6.0,9,9,0
24795,862,10,9.0,8,8,0
24796,862,131,26.0,5,5,1
24797,862,3,18.0,7,7,0
24798,862,206,0.0,10,10,0
24799,862,207,0.0,11,11,0
24800,862,164,0.0,12,12,0
24847,864,164,0.0,12,12,0
24846,864,207,0.0,11,11,0
24844,864,3,43.0,6,6,1
24843,864,131,43.0,5,5,1
24842,864,10,18.0,8,8,0
24840,864,208,84.0,3,3,0
24845,864,206,0.0,10,10,0
24841,864,5,6.0,9,9,0
24839,864,15,41.0,7,7,0
24838,864,6,63.0,4,4,1
24837,864,9,109.0,1,1,1
24836,864,1,98.0,2,2,1
24824,863,1,92.0,2,2,1
24825,863,9,101.0,1,1,1
24826,863,6,45.0,4,4,1
24827,863,15,31.0,6,6,0
24828,863,208,57.0,3,3,0
24829,863,5,6.0,9,9,0
24830,863,10,17.0,8,8,0
24831,863,131,37.0,5,5,1
24832,863,3,18.0,7,7,0
24833,863,206,0.0,10,10,0
24834,863,207,0.0,11,11,0
24835,863,164,0.0,12,12,0
24848,865,1,108.0,2,2,1
24849,865,9,146.0,1,1,2
24850,865,6,86.0,3,3,1
24851,865,15,41.0,7,7,0
24852,865,208,86.0,4,4,0
24853,865,5,6.0,9,9,0
24854,865,10,28.0,8,8,0
24855,865,131,61.0,5,5,1
24856,865,3,44.0,6,6,1
24857,865,206,0.0,11,11,0
24858,865,207,0.0,10,10,0
24859,865,164,0.0,12,12,0
24860,866,1,133.0,2,2,2
24861,866,9,164.0,1,1,2
24862,866,6,97.0,4,4,1
24863,866,15,58.0,6,6,0
24864,866,208,108.0,3,3,0
24865,866,5,6.0,9,9,0
24866,866,10,28.0,8,8,0
24867,866,131,69.0,5,5,1
24868,866,3,44.0,7,7,1
24869,866,206,0.0,11,11,0
24870,866,207,0.0,10,10,0
24871,866,164,0.0,12,12,0
24872,867,1,137.0,2,2,2
24873,867,9,176.0,1,1,2
24874,867,6,122.0,4,4,2
24875,867,15,60.0,6,6,0
24876,867,208,126.0,3,3,0
24877,867,5,6.0,9,9,0
24878,867,10,44.0,8,8,0
24879,867,131,92.0,5,5,1
24880,867,3,45.0,7,7,1
24881,867,206,0.0,11,11,0
24882,867,207,0.0,10,10,0
24883,867,164,0.0,12,12,0
24884,868,1,142.0,4,4,2
24885,868,9,216.0,1,1,3
24886,868,6,152.0,2,2,2
24887,868,15,60.0,6,6,0
24888,868,208,144.0,3,3,0
24889,868,5,6.0,9,9,0
24890,868,10,44.0,8,8,0
24891,868,131,98.0,5,5,1
24892,868,3,47.0,7,7,1
24893,868,206,0.0,11,11,0
24894,868,207,0.0,10,10,0
24895,868,164,0.0,12,12,0
24977,869,207,0.0,10,10,0
24978,869,164,0.0,12,12,0
24974,869,131,105.0,5,5,1
24976,869,206,0.0,11,11,0
24975,869,3,47.0,7,7,1
24973,869,10,46.0,8,8,0
24972,869,5,6.0,9,9,0
24971,869,208,159.0,4,4,0
24970,869,15,80.0,6,6,0
24969,869,6,177.0,2,2,3
24968,869,9,230.0,1,1,3
24967,869,1,160.0,3,3,2
24990,870,164,0.0,12,12,0
24988,870,206,0.0,11,11,0
24985,870,10,46.0,8,8,0
24992,871,9,272.0,1,1,3
24989,870,207,0.0,10,10,0
24986,870,131,106.0,5,5,1
24991,871,1,218.0,2,2,4
24979,870,1,193.0,2,2,3
24980,870,9,246.0,1,1,3
24983,870,208,192.0,3,3,0
24982,870,15,80.0,6,6,0
24981,870,6,189.0,4,4,3
24987,870,3,53.0,7,7,1
24984,870,5,6.0,9,9,0
24993,871,6,199.0,4,4,3
24994,871,15,80.0,6,6,0
24995,871,208,207.0,3,3,0
24996,871,5,12.0,9,9,0
24997,871,10,59.0,7,7,0
24998,871,131,112.0,5,5,1
24999,871,3,53.0,8,8,1
25000,871,206,0.0,11,11,0
25001,871,207,0.0,10,10,0
25002,871,164,0.0,12,12,0
25003,872,1,243.0,2,2,5
25004,872,9,272.0,1,1,3
25005,872,6,226.0,3,3,3
25006,872,15,100.0,6,6,0
25007,872,208,217.0,4,4,0
25008,872,5,12.0,9,9,0
25009,872,10,63.0,7,7,0
25010,872,131,126.0,5,5,1
25011,872,3,54.0,8,8,1
25012,872,206,0.0,11,11,0
25013,872,207,0.0,10,10,0
25014,872,164,0.0,12,12,0
25050,873,164,0.0,12,12,0
25049,873,207,0.0,11,11,0
25047,873,3,54.0,8,8,1
25045,873,10,75.0,7,7,0
25043,873,208,231.0,4,4,0
25048,873,206,0.0,10,10,0
25044,873,5,14.0,9,9,0
25046,873,131,136.0,5,5,1
25042,873,15,101.0,6,6,0
25041,873,6,245.0,3,3,3
25040,873,9,297.0,1,1,4
25039,873,1,261.0,2,2,5
25062,874,164,0.0,12,12,0
25061,874,207,0.0,11,11,0
25059,874,3,58.0,8,8,1
25057,874,10,81.0,7,7,0
25055,874,208,239.0,4,4,0
25060,874,206,0.0,10,10,0
25056,874,5,15.0,9,9,0
25058,874,131,136.0,5,5,1
25054,874,15,116.0,6,6,0
25053,874,6,263.0,3,3,3
25052,874,9,324.0,1,1,5
25051,874,1,283.0,2,2,5
25063,875,1,284.0,3,3,5
25064,875,9,367.0,1,1,6
25065,875,6,290.0,2,2,3
25066,875,15,116.0,6,6,0
25067,875,208,255.0,4,4,0
25068,875,5,21.0,9,9,0
25069,875,10,89.0,7,7,0
25070,875,131,136.0,5,5,1
25071,875,3,58.0,8,8,1
25072,875,206,0.0,10,10,0
25073,875,207,0.0,11,11,0
25074,875,164,0.0,12,12,0
25098,876,164,0.0,12,12,0
25097,876,207,0.0,11,11,0
25095,876,3,59.0,8,8,1
25093,876,10,93.0,7,7,0
25091,876,208,263.0,4,4,0
25096,876,206,0.0,10,10,0
25092,876,5,21.0,9,9,0
25094,876,131,136.0,5,5,1
25090,876,15,116.0,6,6,0
25089,876,6,316.0,2,2,3
25088,876,9,407.0,1,1,7
25087,876,1,306.0,3,3,5
25099,877,1,318.0,3,3,5
25100,877,9,422.0,1,1,7
25101,877,6,340.0,2,2,3
25102,877,15,124.0,6,6,0
25103,877,208,288.0,4,4,1
25104,877,5,22.0,9,9,0
25105,877,10,95.0,7,7,0
25106,877,131,136.0,5,5,1
25107,877,3,73.0,8,8,1
25108,877,206,0.0,10,10,0
25109,877,207,0.0,11,11,0
25110,877,164,0.0,12,12,0
25111,878,1,353.0,3,3,6
25112,878,9,440.0,1,1,7
25113,878,6,367.0,2,2,3
25114,878,15,124.0,6,6,0
25115,878,208,302.0,4,4,1
25116,878,5,22.0,9,9,0
25117,878,10,99.0,7,7,0
25118,878,131,136.0,5,5,1
25119,878,3,76.0,8,8,1
25120,878,206,0.0,10,10,0
25121,878,207,0.0,11,11,0
25122,878,164,0.0,12,12,0
25123,879,1,378.0,3,3,7
25124,879,9,460.0,1,1,7
25125,879,6,400.0,2,2,3
25126,879,15,126.0,6,6,0
25127,879,208,303.0,4,4,1
25128,879,5,26.0,9,9,0
25129,879,10,109.0,7,7,0
25130,879,131,142.0,5,5,1
25131,879,3,76.0,8,8,1
25132,879,206,0.0,11,11,0
25133,879,207,0.0,10,10,0
25134,879,164,0.0,12,12,0
25135,880,208,26.0,2,2,1
25136,880,6,30.0,1,1,0
25137,880,9,23.0,3,3,0
25138,880,131,10.0,4,4,0
25139,880,10,10.0,5,5,0
25140,880,1,2.0,6,6,0
25141,880,5,0.0,7,7,0
25142,880,15,0.0,8,8,0
25143,880,3,0.0,9,9,0
25144,880,206,0.0,10,10,0
25145,880,207,0.0,11,11,0
25146,881,208,40.0,2,2,1
25147,881,6,40.0,3,3,0
25148,881,9,66.0,1,1,1
25149,881,131,37.0,4,4,0
25150,881,10,10.0,5,5,0
25151,881,1,4.0,7,7,0
25152,881,5,1.0,8,8,0
25153,881,15,4.0,6,6,0
25154,881,3,0.0,9,9,0
25155,881,206,0.0,10,10,0
25156,881,207,0.0,11,11,0
25157,882,208,60.0,3,3,1
25158,882,6,73.0,2,2,1
25159,882,9,78.0,1,1,1
25160,882,131,52.0,4,4,0
25161,882,10,14.0,6,6,0
25162,882,1,14.0,5,5,0
25163,882,5,7.0,7,7,0
25164,882,15,5.0,8,8,0
25165,882,3,0.0,9,9,0
25166,882,206,0.0,10,10,0
25167,882,207,0.0,11,11,0
25168,883,208,93.0,2,2,1
25169,883,6,77.0,3,3,1
25170,883,9,109.0,1,1,2
25171,883,131,64.0,4,4,0
25172,883,10,26.0,5,5,0
25173,883,1,23.0,6,6,0
25174,883,5,7.0,7,7,0
25175,883,15,5.0,8,8,0
25176,883,3,0.0,9,9,0
25177,883,206,0.0,10,10,0
25178,883,207,0.0,11,11,0
25179,884,208,111.0,3,3,1
25180,884,6,117.0,2,2,2
25181,884,9,131.0,1,1,2
25182,884,131,72.0,4,4,0
25183,884,10,32.0,5,5,0
25184,884,1,29.0,6,6,0
25185,884,5,8.0,7,7,0
25186,884,15,5.0,8,8,0
25187,884,3,0.0,9,9,0
25188,884,206,0.0,10,10,0
25189,884,207,0.0,11,11,0
25190,885,208,112.0,3,3,1
25191,885,6,123.0,2,2,2
25192,885,9,164.0,1,1,2
25193,885,131,109.0,4,4,1
25194,885,10,44.0,5,5,0
25195,885,1,37.0,6,6,0
25196,885,5,12.0,7,7,0
25197,885,15,5.0,8,8,0
25198,885,3,0.0,9,9,0
25199,885,206,0.0,10,10,0
25200,885,207,0.0,11,11,0
25201,886,208,114.0,4,4,1
25202,886,6,145.0,2,2,2
25203,886,9,201.0,1,1,3
25204,886,131,134.0,3,3,1
25205,886,10,51.0,5,5,0
25206,886,1,37.0,6,6,0
25207,886,5,20.0,7,7,0
25208,886,15,5.0,8,8,0
25209,886,3,0.0,9,9,0
25210,886,206,0.0,10,10,0
25211,886,207,0.0,11,11,0
25212,887,208,124.0,4,4,1
25213,887,6,168.0,3,3,2
25214,887,9,219.0,1,1,3
25215,887,131,171.0,2,2,2
25216,887,10,59.0,5,5,0
25217,887,1,37.0,6,6,0
25218,887,5,24.0,7,7,0
25219,887,15,6.0,8,8,0
25220,887,3,0.0,9,9,0
25221,887,206,0.0,10,10,0
25222,887,207,0.0,11,11,0
25223,888,208,157.0,4,4,1
25224,888,6,180.0,3,3,2
25225,888,9,250.0,1,1,4
25226,888,131,183.0,2,2,2
25227,888,10,59.0,5,5,0
25228,888,1,49.0,6,6,0
25229,888,5,24.0,7,7,0
25230,888,15,7.0,8,8,0
25231,888,3,0.0,9,9,0
25232,888,206,0.0,10,10,0
25233,888,207,0.0,11,11,0
25234,890,208,183.0,4,4,1
25235,890,6,194.0,3,3,2
25236,890,9,277.0,1,1,4
25237,890,131,208.0,2,2,3
25238,890,10,59.0,5,5,0
25239,890,1,57.0,6,6,0
25240,890,5,24.0,7,7,0
25241,890,15,7.0,8,8,0
25242,890,3,1.0,9,9,0
25243,890,206,0.0,10,10,0
25244,890,207,0.0,11,11,0
25245,891,208,187.0,4,4,1
25246,891,6,218.0,3,3,2
25247,891,9,312.0,1,1,5
25248,891,131,235.0,2,2,3
25249,891,10,61.0,6,6,0
25250,891,1,65.0,5,5,0
25251,891,5,25.0,7,7,0
25252,891,15,7.0,8,8,0
25253,891,3,1.0,9,9,0
25254,891,206,0.0,10,10,0
25255,891,207,0.0,11,11,0
25288,893,207,0.0,11,11,0
25287,893,206,0.0,10,10,0
25285,893,15,19.0,8,8,0
25284,893,5,31.0,7,7,0
25286,893,3,1.0,9,9,0
25283,893,1,76.0,5,5,0
25282,893,10,62.0,6,6,0
25281,893,131,267.0,3,3,3
25280,893,9,377.0,1,1,7
25279,893,6,274.0,2,2,2
25278,893,208,206.0,4,4,1
25267,892,208,191.0,4,4,1
25268,892,6,248.0,2,2,2
25269,892,9,352.0,1,1,6
25270,892,131,245.0,3,3,3
25271,892,10,61.0,6,6,0
25272,892,1,66.0,5,5,0
25273,892,5,31.0,7,7,0
25274,892,15,17.0,8,8,0
25275,892,3,1.0,9,9,0
25276,892,206,0.0,10,10,0
25277,892,207,0.0,11,11,0
25289,894,208,239.0,4,4,1
25290,894,6,284.0,2,2,2
25291,894,9,402.0,1,1,8
25292,894,131,283.0,3,3,3
25293,894,10,62.0,6,6,0
25294,894,1,81.0,5,5,0
25295,894,5,31.0,8,8,0
25296,894,15,31.0,7,7,0
25297,894,3,1.0,9,9,0
25298,894,206,0.0,10,10,0
25299,894,207,0.0,11,11,0
25300,895,208,264.0,4,4,1
25301,895,6,297.0,2,2,2
25302,895,9,445.0,1,1,9
25303,895,131,287.0,3,3,3
25304,895,10,62.0,6,6,0
25305,895,1,83.0,5,5,0
25306,895,5,31.0,8,8,0
25307,895,15,45.0,7,7,0
25308,895,3,1.0,9,9,0
25309,895,206,0.0,10,10,0
25310,895,207,0.0,11,11,0
25311,896,208,285.0,4,4,1
25312,896,6,309.0,3,3,2
25313,896,9,470.0,1,1,10
25314,896,131,313.0,2,2,3
25315,896,10,68.0,6,6,0
25316,896,1,93.0,5,5,0
25317,896,5,32.0,8,8,0
25318,896,15,45.0,7,7,0
25319,896,3,1.0,9,9,0
25320,896,206,0.0,10,10,0
25321,896,207,0.0,11,11,0
25322,897,208,297.0,4,4,1
25323,897,6,323.0,3,3,2
25324,897,9,513.0,1,1,11
25325,897,131,334.0,2,2,3
25326,897,10,77.0,6,6,0
25327,897,1,95.0,5,5,0
25328,897,5,32.0,8,8,0
25329,897,15,45.0,7,7,0
25330,897,3,1.0,9,9,0
25331,897,206,0.0,10,10,0
25332,897,207,0.0,11,11,0
25333,898,208,315.0,4,4,1
25334,898,6,333.0,3,3,2
25335,898,9,553.0,1,1,12
25336,898,131,348.0,2,2,3
25337,898,10,77.0,6,6,0
25338,898,1,102.0,5,5,0
25339,898,5,32.0,8,8,0
25340,898,15,53.0,7,7,0
25341,898,3,5.0,9,9,0
25342,898,206,0.0,10,10,0
25343,898,207,0.0,11,11,0
25344,899,208,315.0,4,4,1
25345,899,6,354.0,3,3,2
25346,899,9,596.0,1,1,13
25347,899,131,360.0,2,2,3
25348,899,10,77.0,6,6,0
25349,899,1,122.0,5,5,0
25350,899,5,33.0,8,8,0
25351,899,15,57.0,7,7,0
25352,899,3,5.0,9,9,0
25353,899,206,0.0,10,10,0
25354,899,207,0.0,11,11,0
25512,272,30,0.0,14,14,0
25524,257,1,0.0,12,12,0
25525,257,29,0.0,13,13,0
25526,257,30,0.0,14,14,0
25539,258,29,3.0,5,5,0
25540,258,30,0.0,14,14,0
25554,259,30,0.0,14,14,0
25568,260,30,0.0,14,14,0
25582,261,30,0.0,14,14,0
25596,262,30,0.0,14,14,0
25610,263,30,0.0,14,14,0
25624,264,30,0.0,14,14,0
25638,265,30,0.0,14,14,0
25652,266,30,0.0,14,14,0
25666,267,30,0.0,14,14,0
25680,268,30,0.0,14,14,0
25694,269,30,0.0,14,14,0
25708,270,30,0.0,14,14,0
25722,271,30,0.0,14,14,0
25733,36,6,13.0,1,1,1
25743,36,12,0.0,10,10,0
25754,37,12,0.0,10,10,0
25765,38,12,0.0,10,10,0
25776,39,12,0.0,9,9,0
25787,40,12,0.0,10,10,0
25798,41,12,0.0,10,10,0
25809,42,12,0.0,10,10,0
25820,43,12,0.0,10,10,0
25831,44,12,0.0,10,10,0
25842,45,12,0.0,10,10,0
25853,46,12,0.0,10,10,0
25864,47,12,0.0,10,10,0
25875,48,12,0.0,10,10,0
25886,49,12,0.0,10,10,0
25897,50,12,1.0,9,9,0
25908,51,12,1.0,10,10,0
25919,52,12,1.0,10,10,0
25943,901,1,43.0,2,2,0
25942,901,131,68.0,1,1,2
25941,900,9,0.0,11,11,0
25940,900,207,0.0,10,10,0
25938,900,206,0.0,8,8,0
25939,900,208,0.0,9,9,0
25937,900,15,0.0,7,7,0
25936,900,5,6.0,6,6,0
25935,900,10,9.0,5,5,0
25934,900,3,10.0,4,4,0
25933,900,6,18.0,3,3,0
25932,900,1,33.0,1,1,0
25931,900,131,25.0,2,2,1
25944,901,6,30.0,3,3,0
25945,901,3,20.0,4,4,0
25946,901,10,19.0,5,5,0
25947,901,5,7.0,7,7,0
25948,901,15,0.0,8,8,0
25949,901,206,0.0,11,11,0
25950,901,208,0.0,9,9,0
25951,901,207,0.0,10,10,0
25952,901,9,15.0,6,6,0
25953,902,131,111.0,1,1,3
25954,902,1,43.0,3,3,0
25955,902,6,33.0,5,5,0
25956,902,3,30.0,6,6,0
25957,902,10,44.0,2,2,0
25958,902,5,7.0,7,7,0
25959,902,15,0.0,9,9,0
25960,902,206,0.0,10,10,0
25961,902,208,0.0,8,8,0
25962,902,207,0.0,11,11,0
25963,902,9,35.0,4,4,0
25964,903,131,154.0,1,1,4
25965,903,1,43.0,5,5,0
25966,903,6,52.0,4,4,0
25967,903,3,36.0,6,6,0
25968,903,10,54.0,3,3,0
25969,903,5,8.0,7,7,0
25970,903,15,0.0,9,9,0
25971,903,206,0.0,10,10,0
25972,903,208,0.0,8,8,0
25973,903,207,0.0,11,11,0
25974,903,9,57.0,2,2,0
25975,904,131,197.0,1,1,5
25976,904,1,43.0,6,6,0
25977,904,6,66.0,3,3,0
25978,904,3,46.0,5,5,0
25979,904,10,57.0,4,4,0
25980,904,5,8.0,7,7,0
25981,904,15,0.0,9,9,0
25982,904,206,0.0,10,10,0
25983,904,208,4.0,8,8,0
25984,904,207,0.0,11,11,0
25985,904,9,84.0,2,2,0
25986,905,131,240.0,1,1,6
25987,905,1,52.0,5,5,0
25988,905,6,78.0,3,3,0
25989,905,3,52.0,6,6,0
25990,905,10,67.0,4,4,0
25991,905,5,8.0,8,8,0
25992,905,15,0.0,10,10,0
25993,905,206,2.0,9,9,0
25994,905,208,8.0,7,7,0
25995,905,207,0.0,11,11,0
25996,905,9,99.0,2,2,0
25997,906,131,258.0,1,1,6
25998,906,1,66.0,5,5,0
25999,906,6,87.0,3,3,0
26000,906,3,58.0,6,6,0
26001,906,10,77.0,4,4,0
26002,906,5,12.0,7,7,0
26003,906,15,0.0,10,10,0
26004,906,206,2.0,9,9,0
26005,906,208,8.0,8,8,0
26006,906,207,0.0,11,11,0
26007,906,9,139.0,2,2,1
26008,907,131,301.0,1,1,7
26009,907,1,72.0,6,6,0
26010,907,6,98.0,3,3,0
26011,907,3,85.0,5,5,0
26012,907,10,87.0,4,4,0
26013,907,5,12.0,7,7,0
26014,907,15,0.0,10,10,0
26015,907,206,2.0,9,9,0
26016,907,208,8.0,8,8,0
26017,907,207,0.0,11,11,0
26018,907,9,143.0,2,2,1
26019,908,131,326.0,1,1,8
26020,908,1,90.0,6,6,0
26021,908,6,106.0,3,3,0
26022,908,3,103.0,4,4,0
26023,908,10,91.0,5,5,0
26024,908,5,15.0,7,7,0
26025,908,15,0.0,10,10,0
26026,908,206,2.0,9,9,0
26027,908,208,8.0,8,8,0
26028,908,207,0.0,11,11,0
26029,908,9,168.0,2,2,1
26030,909,131,366.0,1,1,9
26031,909,1,96.0,6,6,0
26032,909,6,116.0,4,4,0
26033,909,3,121.0,3,3,0
26034,909,10,98.0,5,5,0
26035,909,5,15.0,7,7,0
26036,909,15,0.0,10,10,0
26037,909,206,2.0,9,9,0
26038,909,208,8.0,8,8,0
26039,909,207,0.0,11,11,0
26040,909,9,188.0,2,2,1
26041,910,131,393.0,1,1,9
26042,910,1,97.0,6,6,0
26043,910,6,142.0,3,3,0
26044,910,3,135.0,4,4,0
26045,910,10,98.0,5,5,0
26046,910,5,17.0,7,7,0
26047,910,15,0.0,10,10,0
26048,910,206,2.0,9,9,0
26049,910,208,8.0,8,8,0
26050,910,207,0.0,11,11,0
26051,910,9,219.0,2,2,2
26052,911,131,411.0,1,1,9
26053,911,1,105.0,5,5,0
26054,911,6,160.0,3,3,0
26055,911,3,150.0,4,4,0
26056,911,10,103.0,6,6,0
26057,911,5,19.0,7,7,0
26058,911,15,0.0,10,10,0
26059,911,206,2.0,9,9,0
26060,911,208,8.0,8,8,0
26061,911,207,0.0,11,11,0
26062,911,9,254.0,2,2,3
26063,912,131,454.0,1,1,10
26064,912,1,110.0,5,5,0
26065,912,6,162.0,4,4,0
26066,912,3,177.0,3,3,0
26067,912,10,109.0,6,6,0
26068,912,5,19.0,7,7,0
26069,912,15,0.0,10,10,0
26070,912,206,2.0,9,9,0
26071,912,208,8.0,8,8,0
26072,912,207,0.0,11,11,0
26073,912,9,272.0,2,2,3
26074,913,131,479.0,1,1,11
26075,913,1,111.0,6,6,0
26076,913,6,178.0,4,4,0
26077,913,3,187.0,3,3,0
26078,913,10,117.0,5,5,0
26079,913,5,27.0,7,7,0
26080,913,15,0.0,10,10,0
26081,913,206,2.0,9,9,0
26082,913,208,8.0,8,8,0
26083,913,207,0.0,11,11,0
26084,913,9,305.0,2,2,3
26085,914,131,522.0,1,1,12
26086,914,1,121.0,6,6,0
26087,914,6,178.0,4,4,0
26088,914,3,201.0,3,3,0
26089,914,10,122.0,5,5,0
26090,914,5,29.0,7,7,0
26091,914,15,0.0,10,10,0
26092,914,206,2.0,9,9,0
26093,914,208,8.0,8,8,0
26094,914,207,0.0,11,11,0
26095,914,9,332.0,2,2,3
26096,915,131,565.0,1,1,13
26097,915,1,143.0,5,5,0
26098,915,6,188.0,4,4,0
26099,915,3,216.0,3,3,0
26100,915,10,123.0,6,6,0
26101,915,5,29.0,7,7,0
26102,915,15,0.0,10,10,0
26103,915,206,2.0,9,9,0
26104,915,208,8.0,8,8,0
26105,915,207,0.0,11,11,0
26106,915,9,342.0,2,2,3
26107,916,131,608.0,1,1,14
26108,916,1,147.0,5,5,0
26109,916,6,196.0,4,4,0
26110,916,3,238.0,3,3,0
26111,916,10,123.0,6,6,0
26112,916,5,30.0,7,7,0
26113,916,15,0.0,10,10,0
26114,916,206,2.0,9,9,0
26115,916,208,10.0,8,8,0
26116,916,207,0.0,11,11,0
26117,916,9,363.0,2,2,3
26118,917,131,651.0,1,1,15
26119,917,1,161.0,5,5,0
26120,917,6,210.0,4,4,0
26121,917,3,254.0,3,3,0
26122,917,10,127.0,6,6,0
26123,917,5,30.0,7,7,0
26124,917,15,0.0,10,10,0
26125,917,206,2.0,9,9,0
26126,917,208,10.0,8,8,0
26127,917,207,0.0,11,11,0
26128,917,9,373.0,2,2,3
26129,918,131,701.0,1,1,16
26130,918,1,181.0,5,5,0
26131,918,6,216.0,4,4,0
26132,918,3,320.0,3,3,0
26133,918,10,155.0,6,6,0
26134,918,5,30.0,7,7,0
26135,918,15,0.0,10,10,0
26136,918,206,2.0,9,9,0
26137,918,208,10.0,8,8,0
26138,918,207,0.0,11,11,0
26139,918,9,405.0,2,2,3
26733,969,6,37.0,1,1,1
26140,926,131,43.0,1,1,1
26141,926,6,15.0,2,2,0
26142,926,3,12.0,4,4,0
26143,926,15,14.0,3,3,0
26144,926,9,8.0,5,5,0
26145,926,10,7.0,6,6,0
26146,926,5,2.0,7,7,0
26147,926,1,0.0,8,8,0
26148,926,208,0.0,9,9,0
26149,927,131,76.0,1,1,1
26150,927,6,52.0,2,2,1
26151,927,3,30.0,3,3,0
26152,927,15,14.0,4,4,0
26153,927,9,11.0,6,6,0
26154,927,10,7.0,7,7,0
26155,927,5,12.0,5,5,0
26156,927,1,0.0,9,9,0
26157,927,208,0.0,8,8,0
26158,927,209,0.0,10,10,0
26159,928,131,119.0,1,1,2
26160,928,6,79.0,2,2,1
26161,928,3,48.0,3,3,0
26162,928,15,19.0,4,4,0
26163,928,9,13.0,5,5,0
26164,928,10,7.0,7,7,0
26165,928,5,12.0,6,6,0
26166,928,1,0.0,9,9,0
26167,928,208,6.0,8,8,0
26168,928,209,0.0,10,10,0
26169,929,131,159.0,1,1,3
26170,929,6,107.0,2,2,1
26171,929,3,61.0,3,3,0
26172,929,15,19.0,5,5,0
26173,929,9,23.0,4,4,0
26174,929,10,11.0,8,8,0
26175,929,5,12.0,7,7,0
26176,929,1,0.0,9,9,0
26177,929,208,12.0,6,6,0
26178,929,209,0.0,10,10,0
26179,930,131,202.0,1,1,4
26180,930,6,132.0,2,2,1
26181,930,3,81.0,3,3,0
26182,930,15,19.0,5,5,0
26183,930,9,30.0,4,4,0
26184,930,10,11.0,8,8,0
26185,930,5,14.0,7,7,0
26186,930,1,0.0,9,9,0
26187,930,208,16.0,6,6,0
26188,930,209,0.0,10,10,0
26189,931,131,242.0,1,1,5
26190,931,6,158.0,2,2,1
26191,931,3,81.0,3,3,0
26192,931,15,21.0,5,5,0
26193,931,9,52.0,4,4,0
26194,931,10,17.0,6,6,0
26195,931,5,15.0,8,8,0
26196,931,1,4.0,9,9,0
26197,931,208,16.0,7,7,0
26198,931,209,0.0,10,10,0
26199,932,131,285.0,1,1,6
26200,932,6,180.0,2,2,1
26201,932,3,104.0,3,3,0
26202,932,15,21.0,6,6,0
26203,932,9,54.0,4,4,0
26204,932,10,21.0,7,7,0
26205,932,5,15.0,8,8,0
26206,932,1,4.0,9,9,0
26207,932,208,23.0,5,5,0
26208,932,209,0.0,10,10,0
26209,933,131,328.0,1,1,7
26210,933,6,192.0,2,2,1
26211,933,3,129.0,3,3,0
26212,933,15,21.0,7,7,0
26213,933,9,55.0,4,4,0
26214,933,10,31.0,5,5,0
26215,933,5,19.0,8,8,0
26216,933,1,4.0,9,9,0
26217,933,208,29.0,6,6,0
26218,933,209,0.0,10,10,0
26219,934,131,371.0,1,1,8
26220,934,6,211.0,2,2,1
26221,934,3,151.0,3,3,0
26222,934,15,21.0,7,7,0
26223,934,9,63.0,4,4,0
26224,934,10,39.0,5,5,0
26225,934,5,19.0,8,8,0
26226,934,1,5.0,9,9,0
26227,934,208,29.0,6,6,0
26228,934,209,0.0,10,10,0
26229,936,131,383.0,1,1,8
26230,936,6,236.0,2,2,2
26231,936,3,151.0,3,3,0
26232,936,15,22.0,8,8,0
26233,936,9,96.0,4,4,0
26234,936,10,39.0,5,5,0
26235,936,5,31.0,7,7,0
26236,936,1,17.0,9,9,0
26237,936,208,35.0,6,6,0
26238,936,209,0.0,10,10,0
26260,938,131,451.0,1,1,10
26259,937,209,0.0,10,10,0
26257,937,1,17.0,9,9,0
26256,937,5,35.0,7,7,0
26253,937,15,23.0,8,8,0
26258,937,208,50.0,5,5,0
26252,937,3,161.0,3,3,0
26255,937,10,49.0,6,6,0
26254,937,9,108.0,4,4,0
26251,937,6,242.0,2,2,2
26250,937,131,426.0,1,1,9
26261,938,6,270.0,2,2,2
26262,938,3,188.0,3,3,0
26263,938,15,25.0,8,8,0
26264,938,9,113.0,4,4,0
26265,938,10,63.0,5,5,0
26266,938,5,35.0,7,7,0
26267,938,1,17.0,9,9,0
26268,938,208,50.0,6,6,0
26269,938,209,0.0,10,10,0
26270,939,131,463.0,1,1,10
26271,939,6,310.0,2,2,3
26272,939,3,198.0,3,3,0
26273,939,15,26.0,8,8,0
26274,939,9,139.0,4,4,0
26275,939,10,69.0,5,5,0
26276,939,5,41.0,7,7,0
26277,939,1,17.0,9,9,0
26278,939,208,50.0,6,6,0
26279,939,209,0.0,10,10,0
26297,940,1,17.0,9,9,0
26294,940,9,139.0,4,4,0
26292,940,3,208.0,3,3,0
26299,940,209,0.0,10,10,0
26298,940,208,60.0,6,6,0
26296,940,5,44.0,7,7,0
26295,940,10,77.0,5,5,0
26291,940,6,337.0,2,2,3
26293,940,15,26.0,8,8,0
26290,940,131,506.0,1,1,11
26384,941,209,0.0,10,10,0
26383,941,208,66.0,6,6,0
26382,941,1,19.0,9,9,0
26381,941,5,45.0,7,7,0
26380,941,10,92.0,5,5,0
26379,941,9,149.0,4,4,0
26378,941,15,34.0,8,8,0
26377,941,3,220.0,3,3,0
26376,941,6,359.0,2,2,3
26394,942,209,0.0,10,10,0
26375,941,131,531.0,1,1,12
26393,942,208,70.0,6,6,0
26390,942,10,102.0,5,5,0
26388,942,15,36.0,8,8,0
26392,942,1,27.0,9,9,0
26391,942,5,63.0,7,7,0
26387,942,3,220.0,3,3,0
26389,942,9,150.0,4,4,0
26386,942,6,374.0,2,2,3
26385,942,131,574.0,1,1,13
26403,943,208,71.0,6,6,0
26400,943,10,112.0,5,5,0
26398,943,15,36.0,8,8,0
26404,943,209,0.0,10,10,0
26402,943,1,27.0,9,9,0
26401,943,5,65.0,7,7,0
26397,943,3,243.0,3,3,0
26399,943,9,172.0,4,4,0
26396,943,6,374.0,2,2,3
26395,943,131,617.0,1,1,14
26413,944,208,76.0,6,6,0
26410,944,10,120.0,5,5,0
26408,944,15,36.0,8,8,0
26414,944,209,0.0,10,10,0
26412,944,1,27.0,9,9,0
26411,944,5,67.0,7,7,0
26407,944,3,253.0,3,3,0
26409,944,9,178.0,4,4,0
26406,944,6,401.0,2,2,3
26405,944,131,660.0,1,1,15
26434,945,208,78.0,6,6,0
26431,945,10,136.0,5,5,0
26429,945,15,36.0,8,8,0
26435,945,209,0.0,10,10,0
26433,945,1,27.0,9,9,0
26432,945,5,67.0,7,7,0
26428,945,3,257.0,3,3,0
26430,945,9,187.0,4,4,0
26427,945,6,428.0,2,2,3
26426,945,131,703.0,1,1,16
26524,955,131,258.0,1,1,7
26566,948,15,0.0,10,10,0
26567,948,209,0.0,11,11,0
26557,948,131,43.0,1,1,1
26565,948,1,0.0,9,9,0
26564,948,4,0.0,8,8,0
26563,948,5,3.0,7,7,0
26562,948,10,6.0,6,6,0
26561,948,210,8.0,5,5,0
26560,948,3,14.0,3,3,0
26559,948,9,12.0,4,4,0
26558,948,6,15.0,2,2,0
26447,949,131,83.0,1,1,2
26448,949,6,33.0,2,2,0
26449,949,9,30.0,3,3,0
26450,949,3,20.0,4,4,0
26451,949,210,18.0,5,5,0
26452,949,10,6.0,7,7,0
26453,949,5,11.0,6,6,0
26454,949,4,0.0,9,9,0
26455,949,1,1.0,8,8,0
26456,949,15,0.0,10,10,0
26457,949,209,0.0,11,11,0
26458,950,131,114.0,1,1,3
26459,950,6,61.0,2,2,0
26460,950,9,57.0,3,3,0
26461,950,3,29.0,4,4,0
26462,950,210,18.0,5,5,0
26463,950,10,6.0,7,7,0
26464,950,5,17.0,6,6,0
26465,950,4,0.0,9,9,0
26466,950,1,1.0,8,8,0
26467,950,15,0.0,10,10,0
26468,950,209,0.0,11,11,0
26469,951,131,157.0,1,1,4
26470,951,6,76.0,2,2,0
26471,951,9,57.0,3,3,0
26472,951,3,51.0,4,4,0
26473,951,210,22.0,5,5,0
26474,951,10,8.0,8,8,0
26475,951,5,17.0,6,6,0
26476,951,4,6.0,9,9,0
26477,951,1,10.0,7,7,0
26478,951,15,0.0,10,10,0
26479,951,209,0.0,11,11,0
26480,952,131,157.0,1,1,4
26481,952,6,109.0,2,2,0
26482,952,9,94.0,3,3,1
26483,952,3,65.0,4,4,0
26484,952,210,22.0,6,6,0
26485,952,10,14.0,7,7,0
26486,952,5,26.0,5,5,0
26487,952,4,6.0,9,9,0
26488,952,1,12.0,8,8,0
26489,952,15,0.0,10,10,0
26490,952,209,0.0,11,11,0
26491,953,131,188.0,1,1,5
26492,953,6,121.0,2,2,0
26493,953,9,112.0,3,3,1
26494,953,3,66.0,4,4,0
26495,953,210,22.0,8,8,0
26496,953,10,37.0,5,5,0
26497,953,5,30.0,6,6,0
26498,953,4,6.0,9,9,0
26499,953,1,24.0,7,7,0
26500,953,15,0.0,10,10,0
26501,953,209,0.0,11,11,0
26502,954,131,223.0,1,1,6
26503,954,6,147.0,2,2,0
26504,954,9,130.0,3,3,1
26505,954,3,81.0,4,4,0
26506,954,210,22.0,8,8,0
26507,954,10,42.0,5,5,0
26508,954,5,32.0,6,6,0
26509,954,4,6.0,9,9,0
26510,954,1,24.0,7,7,0
26511,954,15,0.0,10,10,0
26512,954,209,0.0,11,11,0
26525,955,6,177.0,2,2,0
26526,955,9,140.0,3,3,1
26527,955,3,90.0,4,4,0
26528,955,210,22.0,8,8,0
26529,955,10,59.0,5,5,0
26530,955,5,32.0,6,6,0
26531,955,4,6.0,9,9,0
26532,955,1,24.0,7,7,0
26533,955,15,0.0,10,10,0
26534,955,209,0.0,11,11,0
26535,956,131,295.0,1,1,8
26536,956,6,192.0,2,2,0
26537,956,9,168.0,3,3,1
26538,956,3,92.0,4,4,0
26539,956,210,28.0,8,8,0
26540,956,10,59.0,5,5,0
26541,956,5,36.0,6,6,0
26542,956,4,6.0,9,9,0
26543,956,1,32.0,7,7,0
26544,956,15,0.0,11,11,0
26545,956,209,1.0,10,10,0
26546,957,131,335.0,1,1,9
26547,957,6,204.0,2,2,0
26548,957,9,198.0,3,3,1
26549,957,3,92.0,4,4,0
26550,957,210,28.0,8,8,0
26551,957,10,73.0,5,5,0
26552,957,5,41.0,6,6,0
26553,957,4,6.0,9,9,0
26554,957,1,32.0,7,7,0
26555,957,15,0.0,11,11,0
26556,957,209,1.0,10,10,0
26568,958,131,378.0,1,1,10
26569,958,6,224.0,2,2,0
26570,958,9,223.0,3,3,1
26571,958,3,94.0,4,4,0
26572,958,210,28.0,8,8,0
26573,958,10,74.0,5,5,0
26574,958,5,45.0,6,6,0
26575,958,4,6.0,9,9,0
26576,958,1,38.0,7,7,0
26577,958,15,0.0,11,11,0
26578,958,209,1.0,10,10,0
26579,959,131,415.0,1,1,11
26580,959,6,242.0,3,3,0
26581,959,9,256.0,2,2,1
26582,959,3,96.0,4,4,0
26583,959,210,28.0,8,8,0
26584,959,10,81.0,5,5,0
26585,959,5,45.0,6,6,0
26586,959,4,6.0,9,9,0
26587,959,1,42.0,7,7,0
26588,959,15,0.0,11,11,0
26589,959,209,1.0,10,10,0
26590,960,131,455.0,1,1,12
26591,960,6,252.0,3,3,0
26592,960,9,274.0,2,2,1
26593,960,3,101.0,5,5,0
26594,960,210,28.0,8,8,0
26595,960,10,103.0,4,4,0
26596,960,5,45.0,7,7,0
26597,960,4,6.0,9,9,0
26598,960,1,48.0,6,6,0
26599,960,15,0.0,11,11,0
26600,960,209,1.0,10,10,0
26601,961,131,498.0,1,1,13
26602,961,6,279.0,3,3,0
26603,961,9,290.0,2,2,1
26604,961,3,111.0,4,4,0
26605,961,210,28.0,8,8,0
26606,961,10,108.0,5,5,0
26607,961,5,45.0,7,7,0
26608,961,4,6.0,9,9,0
26609,961,1,48.0,6,6,0
26610,961,15,0.0,11,11,0
26611,961,209,1.0,10,10,0
26612,962,131,538.0,1,1,14
26613,962,6,301.0,3,3,0
26614,962,9,316.0,2,2,1
26615,962,3,111.0,5,5,0
26616,962,210,28.0,8,8,0
26617,962,10,112.0,4,4,0
26618,962,5,47.0,7,7,0
26619,962,4,7.0,9,9,0
26620,962,1,54.0,6,6,0
26621,962,15,0.0,11,11,0
26622,962,209,1.0,10,10,0
26623,963,131,553.0,1,1,14
26624,963,6,313.0,3,3,0
26625,963,9,359.0,2,2,2
26626,963,3,121.0,5,5,0
26627,963,210,28.0,8,8,0
26628,963,10,124.0,4,4,0
26629,963,5,47.0,7,7,0
26630,963,4,8.0,9,9,0
26631,963,1,62.0,6,6,0
26632,963,15,0.0,11,11,0
26633,963,209,1.0,10,10,0
26634,964,131,593.0,1,1,15
26635,964,6,335.0,3,3,0
26636,964,9,385.0,2,2,2
26637,964,3,124.0,5,5,0
26638,964,210,28.0,8,8,0
26639,964,10,134.0,4,4,0
26640,964,5,47.0,7,7,0
26641,964,4,8.0,9,9,0
26642,964,1,62.0,6,6,0
26643,964,15,0.0,11,11,0
26644,964,209,1.0,10,10,0
26712,967,6,375.0,3,3,0
26697,965,1,74.0,6,6,0
26711,967,131,722.0,1,1,18
26698,965,15,0.0,11,11,0
26690,965,6,347.0,3,3,0
26696,965,4,8.0,9,9,0
26695,965,5,55.0,7,7,0
26694,965,10,138.0,4,4,0
26692,965,3,130.0,5,5,0
26693,965,210,29.0,8,8,0
26691,965,9,400.0,2,2,2
26689,965,131,636.0,1,1,16
26708,966,1,74.0,6,6,0
26710,966,209,1.0,10,10,0
26709,966,15,0.0,11,11,0
26701,966,6,365.0,3,3,0
26707,966,4,8.0,9,9,0
26706,966,5,55.0,7,7,0
26705,966,10,145.0,4,4,0
26703,966,3,136.0,5,5,0
26704,966,210,29.0,8,8,0
26702,966,9,427.0,2,2,2
26700,966,131,679.0,1,1,17
26699,965,209,1.0,10,10,0
26713,967,9,446.0,2,2,2
26714,967,3,136.0,5,5,0
26715,967,210,29.0,8,8,0
26716,967,10,163.0,4,4,0
26717,967,5,63.0,7,7,0
26718,967,4,8.0,9,9,0
26719,967,1,75.0,6,6,0
26720,967,15,2.0,10,10,0
26721,967,209,1.0,11,11,0
26722,968,131,765.0,1,1,19
26723,968,6,398.0,3,3,0
26724,968,9,468.0,2,2,2
26725,968,3,138.0,5,5,0
26726,968,210,29.0,8,8,0
26727,968,10,173.0,4,4,0
26728,968,5,63.0,7,7,0
26729,968,4,8.0,9,9,0
26730,968,1,76.0,6,6,0
26731,968,15,2.0,10,10,0
26732,968,209,1.0,11,11,0
26734,969,131,33.0,2,2,0
26735,969,9,10.0,3,3,0
26736,969,3,8.0,4,4,0
26737,969,10,7.0,5,5,0
26738,969,5,6.0,6,6,0
26739,969,4,0.0,7,7,0
26740,969,15,0.0,8,8,0
26741,969,1,0.0,9,9,0
26742,969,210,0.0,10,10,0
26743,970,6,65.0,2,2,1
26744,970,131,66.0,1,1,1
26745,970,9,37.0,3,3,0
26746,970,3,8.0,6,6,0
26747,970,10,10.0,5,5,0
26748,970,5,12.0,4,4,0
26749,970,4,0.0,8,8,0
26750,970,15,0.0,9,9,0
26751,970,1,0.0,10,10,0
26752,970,210,4.0,7,7,0
26753,971,6,102.0,1,1,2
26754,971,131,99.0,2,2,1
26755,971,9,47.0,3,3,0
26756,971,3,16.0,5,5,0
26757,971,10,17.0,4,4,0
26758,971,5,12.0,6,6,0
26759,971,4,2.0,8,8,0
26760,971,15,0.0,9,9,0
26761,971,1,0.0,10,10,0
26762,971,210,8.0,7,7,0
26763,972,6,135.0,2,2,2
26764,972,131,136.0,1,1,2
26765,972,9,57.0,3,3,0
26766,972,3,18.0,5,5,0
26767,972,10,31.0,4,4,0
26768,972,5,13.0,6,6,0
26769,972,4,6.0,8,8,0
26770,972,15,0.0,9,9,0
26771,972,1,0.0,10,10,0
26772,972,210,8.0,7,7,0
26773,973,6,153.0,2,2,2
26774,973,131,161.0,1,1,3
26775,973,9,72.0,3,3,0
26776,973,3,18.0,6,6,0
26777,973,10,53.0,4,4,0
26778,973,5,21.0,5,5,0
26779,973,4,14.0,7,7,0
26780,973,15,4.0,9,9,0
26781,973,1,0.0,10,10,0
26782,973,210,9.0,8,8,0
26783,974,6,196.0,1,1,3
26784,974,131,179.0,2,2,3
26785,974,9,97.0,3,3,0
26786,974,3,20.0,6,6,0
26787,974,10,53.0,4,4,0
26788,974,5,29.0,5,5,0
26789,974,4,14.0,7,7,0
26790,974,15,4.0,9,9,0
26791,974,1,0.0,10,10,0
26792,974,210,14.0,8,8,0
26793,975,6,214.0,2,2,3
26794,975,131,222.0,1,1,4
26795,975,9,112.0,3,3,0
26796,975,3,22.0,6,6,0
26797,975,10,71.0,4,4,0
26798,975,5,29.0,5,5,0
26799,975,4,18.0,7,7,0
26800,975,15,4.0,9,9,0
26801,975,1,0.0,10,10,0
26802,975,210,15.0,8,8,0
26803,976,6,226.0,2,2,3
26804,976,131,250.0,1,1,4
26805,976,9,137.0,3,3,1
26806,976,3,37.0,5,5,0
26807,976,10,79.0,4,4,0
26808,976,5,33.0,6,6,0
26809,976,4,18.0,8,8,0
26810,976,15,5.0,9,9,0
26811,976,1,2.0,10,10,0
26812,976,210,21.0,7,7,0
26813,977,6,254.0,2,2,3
26814,977,131,287.0,1,1,5
26815,977,9,152.0,3,3,1
26816,977,3,40.0,5,5,0
26817,977,10,89.0,4,4,0
26818,977,5,33.0,6,6,0
26819,977,4,18.0,8,8,0
26820,977,15,5.0,9,9,0
26821,977,1,2.0,10,10,0
26822,977,210,29.0,7,7,0
26823,978,6,275.0,2,2,3
26824,978,131,330.0,1,1,6
26825,978,9,174.0,3,3,1
26826,978,3,41.0,5,5,0
26827,978,10,95.0,4,4,0
26828,978,5,33.0,6,6,0
26829,978,4,26.0,8,8,0
26830,978,15,5.0,9,9,0
26831,978,1,2.0,10,10,0
26832,978,210,29.0,7,7,0
26833,979,6,318.0,2,2,4
26834,979,131,357.0,1,1,6
26835,979,9,184.0,3,3,1
26836,979,3,41.0,5,5,0
26837,979,10,101.0,4,4,0
26838,979,5,39.0,6,6,0
26839,979,4,26.0,8,8,0
26840,979,15,5.0,10,10,0
26841,979,1,11.0,9,9,0
26842,979,210,29.0,7,7,0
26843,980,6,348.0,2,2,4
26844,980,131,392.0,1,1,7
26845,980,9,199.0,3,3,1
26846,980,3,45.0,5,5,0
26847,980,10,103.0,4,4,0
26848,980,5,40.0,6,6,0
26849,980,4,34.0,8,8,0
26850,980,15,5.0,10,10,0
26851,980,1,11.0,9,9,0
26852,980,210,35.0,7,7,0
26853,981,6,373.0,2,2,4
26854,981,131,435.0,1,1,8
26855,981,9,212.0,3,3,1
26856,981,3,55.0,5,5,0
26857,981,10,113.0,4,4,0
26858,981,5,40.0,6,6,0
26859,981,4,34.0,8,8,0
26860,981,15,5.0,10,10,0
26861,981,1,11.0,9,9,0
26862,981,210,35.0,7,7,0
26863,982,6,373.0,2,2,4
26864,982,131,475.0,1,1,9
26865,982,9,230.0,3,3,1
26866,982,3,59.0,5,5,0
26867,982,10,124.0,4,4,0
26868,982,5,52.0,6,6,0
26869,982,4,42.0,7,7,0
26870,982,15,5.0,10,10,0
26871,982,1,17.0,9,9,0
26872,982,210,37.0,8,8,0
26873,983,6,385.0,2,2,4
26874,983,131,503.0,1,1,9
26875,983,9,270.0,3,3,2
26876,983,3,65.0,5,5,0
26877,983,10,133.0,4,4,0
26878,983,5,52.0,6,6,0
26879,983,4,42.0,7,7,0
26880,983,15,5.0,10,10,0
26881,983,1,23.0,9,9,0
26882,983,210,37.0,8,8,0
26883,984,6,395.0,2,2,4
26884,984,131,540.0,1,1,10
26885,984,9,303.0,3,3,2
26886,984,3,66.0,5,5,0
26887,984,10,147.0,4,4,0
26888,984,5,52.0,6,6,0
26889,984,4,42.0,8,8,0
26890,984,15,5.0,10,10,0
26891,984,1,23.0,9,9,0
26892,984,210,43.0,7,7,0
26893,985,6,428.0,2,2,4
26894,985,131,575.0,1,1,11
26895,985,9,315.0,3,3,2
26896,985,3,68.0,5,5,0
26897,985,10,159.0,4,4,0
26898,985,5,53.0,6,6,0
26899,985,4,48.0,7,7,0
26900,985,15,5.0,10,10,0
26901,985,1,23.0,9,9,0
26902,985,210,43.0,8,8,0
26903,986,6,455.0,2,2,4
26904,986,131,595.0,1,1,11
26905,986,9,340.0,3,3,3
26906,986,3,76.0,5,5,0
26907,986,10,175.0,4,4,0
26908,986,5,53.0,6,6,0
26909,986,4,48.0,7,7,0
26910,986,15,5.0,10,10,0
26911,986,1,24.0,9,9,0
26912,986,210,47.0,8,8,0
26913,987,6,495.0,2,2,5
26914,987,131,625.0,1,1,11
26915,987,9,358.0,3,3,3
26916,987,3,82.0,5,5,0
26917,987,10,177.0,4,4,0
26918,987,5,53.0,6,6,0
26919,987,4,49.0,7,7,0
26920,987,15,5.0,10,10,0
26921,987,1,28.0,9,9,0
26922,987,210,47.0,8,8,0
26923,988,6,522.0,2,2,5
26924,988,131,668.0,1,1,12
26925,988,9,368.0,3,3,3
