raceId,year,round,circuitId,name,date,time,url,fp1_date,fp1_time,fp2_date,fp2_time,fp3_date,fp3_time,quali_date,quali_time,sprint_date,sprint_time
158,2000,1,1,Australian Grand Prix,2000-03-12,\N,http://en.wikipedia.org/wiki/2000_Australian_Grand_Prix,\N,\N,\N,\N,\N,\N,\N,\N,\N,\N
159,2000,2,18,Brazilian Grand Prix,2000-03-26,\N,http://en.wikipedia.org/wiki/2000_Brazilian_Grand_Prix,\N,\N,\N,\N,\N,\N,\N,\N,\N,\N
160,2000,3,21,San Marino Grand Prix,2000-04-09,\N,http://en.wikipedia.org/wiki/2000_San_Marino_Grand_Prix,\N,\N,\N,\N,\N,\N,\N,\N,\N,\N
161,2000,4,9,British Grand Prix,2000-04-23,\N,http://en.wikipedia.org/wiki/2000_British_Grand_Prix,\N,\N,\N,\N,\N,\N,\N,\N,\N,\N
162,2000,5,4,Spanish Grand Prix,2000-05-07,\N,http://en.wikipedia.org/wiki/2000_Spanish_Grand_Prix,\N,\N,\N,\N,\N,\N,\N,\N,\N,\N
163,2000,6,20,European Grand Prix,2000-05-21,\N,http://en.wikipedia.org/wiki/2000_European_Grand_Prix,\N,\N,\N,\N,\N,\N,\N,\N,\N,\N
164,2000,7,6,Monaco Grand Prix,2000-06-04,\N,http://en.wikipedia.org/wiki/2000_Monaco_Grand_Prix,\N,\N,\N,\N,\N,\N,\N,\N,\N,\N
165,2000,8,7,Canadian Grand Prix,2000-06-18,\N,http://en.wikipedia.org/wiki/2000_Canadian_Grand_Prix,\N,\N,\N,\N,\N,\N,\N,\N,\N,\N
166,2000,9,8,French Grand Prix,2000-07-02,\N,http://en.wikipedia.org/wiki/2000_French_Grand_Prix,\N,\N,\N,\N,\N,\N,\N,\N,\N,\N
167,2000,10,70,Austrian Grand Prix,2000-07-16,\N,http://en.wikipedia.org/wiki/2000_Austrian_Grand_Prix,\N,\N,\N,\N,\N,\N,\N,\N,\N,\N
168,2000,11,10,German Grand Prix,2000-07-30,\N,http://en.wikipedia.org/wiki/2000_German_Grand_Prix,\N,\N,\N,\N,\N,\N,\N,\N,\N,\N
169,2000,12,11,Hungarian Grand Prix,2000-08-13,\N,http://en.wikipedia.org/wiki/2000_Hungarian_Grand_Prix,\N,\N,\N,\N,\N,\N,\N,\N,\N,\N
170,2000,13,13,Belgian Grand Prix,2000-08-27,\N,http://en.wikipedia.org/wiki/2000_Belgian_Grand_Prix,\N,\N,\N,\N,\N,\N,\N,\N,\N,\N
171,2000,14,14,Italian Grand Prix,2000-09-10,\N,http://en.wikipedia.org/wiki/2000_Italian_Grand_Prix,\N,\N,\N,\N,\N,\N,\N,\N,\N,\N
172,2000,15,19,United States Grand Prix,2000-09-24,\N,http://en.wikipedia.org/wiki/2000_United_States_Grand_Prix,\N,\N,\N,\N,\N,\N,\N,\N,\N,\N
173,2000,16,22,Japanese Grand Prix,2000-10-08,\N,http://en.wikipedia.org/wiki/2000_Japanese_Grand_Prix,\N,\N,\N,\N,\N,\N,\N,\N,\N,\N
174,2000,17,2,Malaysian Grand Prix,2000-10-22,\N,http://en.wikipedia.org/wiki/2000_Malaysian_Grand_Prix,\N,\N,\N,\N,\N,\N,\N,\N,\N,\N
175,1999,1,1,Australian Grand Prix,1999-03-07,\N,http://en.wikipedia.org/wiki/1999_Australian_Grand_Prix,\N,\N,\N,\N,\N,\N,\N,\N,\N,\N
176,1999,2,18,Brazilian Grand Prix,1999-04-11,\N,http://en.wikipedia.org/wiki/1999_Brazilian_Grand_Prix,\N,\N,\N,\N,\N,\N,\N,\N,\N,\N
177,1999,3,21,San Marino Grand Prix,1999-05-02,\N,http://en.wikipedia.org/wiki/1999_San_Marino_Grand_Prix,\N,\N,\N,\N,\N,\N,\N,\N,\N,\N
178,1999,4,6,Monaco Grand Prix,1999-05-16,\N,http://en.wikipedia.org/wiki/1999_Monaco_Grand_Prix,\N,\N,\N,\N,\N,\N,\N,\N,\N,\N
179,1999,5,4,Spanish Grand Prix,1999-05-30,\N,http://en.wikipedia.org/wiki/1999_Spanish_Grand_Prix,\N,\N,\N,\N,\N,\N,\N,\N,\N,\N
180,1999,6,7,Canadian Grand Prix,1999-06-13,\N,http://en.wikipedia.org/wiki/1999_Canadian_Grand_Prix,\N,\N,\N,\N,\N,\N,\N,\N,\N,\N
181,1999,7,8,French Grand Prix,1999-06-27,\N,http://en.wikipedia.org/wiki/1999_French_Grand_Prix,\N,\N,\N,\N,\N,\N,\N,\N,\N,\N
182,1999,8,9,British Grand Prix,1999-07-11,\N,http://en.wikipedia.org/wiki/1999_British_Grand_Prix,\N,\N,\N,\N,\N,\N,\N,\N,\N,\N
183,1999,9,70,Austrian Grand Prix,1999-07-25,\N,http://en.wikipedia.org/wiki/1999_Austrian_Grand_Prix,\N,\N,\N,\N,\N,\N,\N,\N,\N,\N
184,1999,10,10,German Grand Prix,1999-08-01,\N,http://en.wikipedia.org/wiki/1999_German_Grand_Prix,\N,\N,\N,\N,\N,\N,\N,\N,\N,\N
185,1999,11,11,Hungarian Grand Prix,1999-08-15,\N,http://en.wikipedia.org/wiki/1999_Hungarian_Grand_Prix,\N,\N,\N,\N,\N,\N,\N,\N,\N,\N
186,1999,12,13,Belgian Grand Prix,1999-08-29,\N,http://en.wikipedia.org/wiki/1999_Belgian_Grand_Prix,\N,\N,\N,\N,\N,\N,\N,\N,\N,\N
187,1999,13,14,Italian Grand Prix,1999-09-12,\N,http://en.wikipedia.org/wiki/1999_Italian_Grand_Prix,\N,\N,\N,\N,\N,\N,\N,\N,\N,\N
188,1999,14,20,European Grand Prix,1999-09-26,\N,http://en.wikipedia.org/wiki/1999_European_Grand_Prix,\N,\N,\N,\N,\N,\N,\N,\N,\N,\N
189,1999,15,2,Malaysian Grand Prix,1999-10-17,\N,http://en.wikipedia.org/wiki/1999_Malaysian_Grand_Prix,\N,\N,\N,\N,\N,\N,\N,\N,\N,\N
190,1999,16,22,Japanese Grand Prix,1999-10-31,\N,http://en.wikipedia.org/wiki/1999_Japanese_Grand_Prix,\N,\N,\N,\N,\N,\N,\N,\N,\N,\N
191,1998,1,1,Australian Grand Prix,1998-03-08,\N,http://en.wikipedia.org/wiki/1998_Australian_Grand_Prix,\N,\N,\N,\N,\N,\N,\N,\N,\N,\N
192,1998,2,18,Brazilian Grand Prix,1998-03-29,\N,http://en.wikipedia.org/wiki/1998_Brazilian_Grand_Prix,\N,\N,\N,\N,\N,\N,\N,\N,\N,\N
193,1998,3,25,Argentine Grand Prix,1998-04-12,\N,http://en.wikipedia.org/wiki/1998_Argentine_Grand_Prix,\N,\N,\N,\N,\N,\N,\N,\N,\N,\N
194,1998,4,21,San Marino Grand Prix,1998-04-26,\N,http://en.wikipedia.org/wiki/1998_San_Marino_Grand_Prix,\N,\N,\N,\N,\N,\N,\N,\N,\N,\N
195,1998,5,4,Spanish Grand Prix,1998-05-10,\N,http://en.wikipedia.org/wiki/1998_Spanish_Grand_Prix,\N,\N,\N,\N,\N,\N,\N,\N,\N,\N
196,1998,6,6,Monaco Grand Prix,1998-05-24,\N,http://en.wikipedia.org/wiki/1998_Monaco_Grand_Prix,\N,\N,\N,\N,\N,\N,\N,\N,\N,\N
197,1998,7,7,Canadian Grand Prix,1998-06-07,\N,http://en.wikipedia.org/wiki/1998_Canadian_Grand_Prix,\N,\N,\N,\N,\N,\N,\N,\N,\N,\N
198,1998,8,8,French Grand Prix,1998-06-28,\N,http://en.wikipedia.org/wiki/1998_French_Grand_Prix,\N,\N,\N,\N,\N,\N,\N,\N,\N,\N
199,1998,9,9,British Grand Prix,1998-07-12,\N,http://en.wikipedia.org/wiki/1998_British_Grand_Prix,\N,\N,\N,\N,\N,\N,\N,\N,\N,\N
200,1998,10,70,Austrian Grand Prix,1998-07-26,\N,http://en.wikipedia.org/wiki/1998_Austrian_Grand_Prix,\N,\N,\N,\N,\N,\N,\N,\N,\N,\N
201,1998,11,10,German Grand Prix,1998-08-02,\N,http://en.wikipedia.org/wiki/1998_German_Grand_Prix,\N,\N,\N,\N,\N,\N,\N,\N,\N,\N
202,1998,12,11,Hungarian Grand Prix,1998-08-16,\N,http://en.wikipedia.org/wiki/1998_Hungarian_Grand_Prix,\N,\N,\N,\N,\N,\N,\N,\N,\N,\N
203,1998,13,13,Belgian Grand Prix,1998-08-30,\N,http://en.wikipedia.org/wiki/1998_Belgian_Grand_Prix,\N,\N,\N,\N,\N,\N,\N,\N,\N,\N
204,1998,14,14,Italian Grand Prix,1998-09-13,\N,http://en.wikipedia.org/wiki/1998_Italian_Grand_Prix,\N,\N,\N,\N,\N,\N,\N,\N,\N,\N
205,1998,15,20,Luxembourg Grand Prix,1998-09-27,\N,http://en.wikipedia.org/wiki/1998_Luxembourg_Grand_Prix,\N,\N,\N,\N,\N,\N,\N,\N,\N,\N
206,1998,16,22,Japanese Grand Prix,1998-11-01,\N,http://en.wikipedia.org/wiki/1998_Japanese_Grand_Prix,\N,\N,\N,\N,\N,\N,\N,\N,\N,\N
207,1997,1,1,Australian Grand Prix,1997-03-09,\N,http://en.wikipedia.org/wiki/1997_Australian_Grand_Prix,\N,\N,\N,\N,\N,\N,\N,\N,\N,\N
208,1997,2,18,Brazilian Grand Prix,1997-03-30,\N,http://en.wikipedia.org/wiki/1997_Brazilian_Grand_Prix,\N,\N,\N,\N,\N,\N,\N,\N,\N,\N
209,1997,3,25,Argentine Grand Prix,1997-04-13,\N,http://en.wikipedia.org/wiki/1997_Argentine_Grand_Prix,\N,\N,\N,\N,\N,\N,\N,\N,\N,\N
210,1997,4,21,San Marino Grand Prix,1997-04-27,\N,http://en.wikipedia.org/wiki/1997_San_Marino_Grand_Prix,\N,\N,\N,\N,\N,\N,\N,\N,\N,\N
211,1997,5,6,Monaco Grand Prix,1997-05-11,\N,http://en.wikipedia.org/wiki/1997_Monaco_Grand_Prix,\N,\N,\N,\N,\N,\N,\N,\N,\N,\N
212,1997,6,4,Spanish Grand Prix,1997-05-25,\N,http://en.wikipedia.org/wiki/1997_Spanish_Grand_Prix,\N,\N,\N,\N,\N,\N,\N,\N,\N,\N
213,1997,7,7,Canadian Grand Prix,1997-06-15,\N,http://en.wikipedia.org/wiki/1997_Canadian_Grand_Prix,\N,\N,\N,\N,\N,\N,\N,\N,\N,\N
214,1997,8,8,French Grand Prix,1997-06-29,\N,http://en.wikipedia.org/wiki/1997_French_Grand_Prix,\N,\N,\N,\N,\N,\N,\N,\N,\N,\N
215,1997,9,9,British Grand Prix,1997-07-13,\N,http://en.wikipedia.org/wiki/1997_British_Grand_Prix,\N,\N,\N,\N,\N,\N,\N,\N,\N,\N
216,1997,10,10,German Grand Prix,1997-07-27,\N,http://en.wikipedia.org/wiki/1997_German_Grand_Prix,\N,\N,\N,\N,\N,\N,\N,\N,\N,\N
217,1997,11,11,Hungarian Grand Prix,1997-08-10,\N,http://en.wikipedia.org/wiki/1997_Hungarian_Grand_Prix,\N,\N,\N,\N,\N,\N,\N,\N,\N,\N
218,1997,12,13,Belgian Grand Prix,1997-08-24,\N,http://en.wikipedia.org/wiki/1997_Belgian_Grand_Prix,\N,\N,\N,\N,\N,\N,\N,\N,\N,\N
219,1997,13,14,Italian Grand Prix,1997-09-07,\N,http://en.wikipedia.org/wiki/1997_Italian_Grand_Prix,\N,\N,\N,\N,\N,\N,\N,\N,\N,\N
220,1997,14,70,Austrian Grand Prix,1997-09-21,\N,http://en.wikipedia.org/wiki/1997_Austrian_Grand_Prix,\N,\N,\N,\N,\N,\N,\N,\N,\N,\N
221,1997,15,20,Luxembourg Grand Prix,1997-09-28,\N,http://en.wikipedia.org/wiki/1997_Luxembourg_Grand_Prix,\N,\N,\N,\N,\N,\N,\N,\N,\N,\N
222,1997,16,22,Japanese Grand Prix,1997-10-12,\N,http://en.wikipedia.org/wiki/1997_Japanese_Grand_Prix,\N,\N,\N,\N,\N,\N,\N,\N,\N,\N
223,1997,17,26,European Grand Prix,1997-10-26,\N,http://en.wikipedia.org/wiki/1997_European_Grand_Prix,\N,\N,\N,\N,\N,\N,\N,\N,\N,\N
224,1996,1,1,Australian Grand Prix,1996-03-10,\N,http://en.wikipedia.org/wiki/1996_Australian_Grand_Prix,\N,\N,\N,\N,\N,\N,\N,\N,\N,\N
225,1996,2,18,Brazilian Grand Prix,1996-03-31,\N,http://en.wikipedia.org/wiki/1996_Brazilian_Grand_Prix,\N,\N,\N,\N,\N,\N,\N,\N,\N,\N
226,1996,3,25,Argentine Grand Prix,1996-04-07,\N,http://en.wikipedia.org/wiki/1996_Argentine_Grand_Prix,\N,\N,\N,\N,\N,\N,\N,\N,\N,\N
227,1996,4,20,European Grand Prix,1996-04-28,\N,http://en.wikipedia.org/wiki/1996_European_Grand_Prix,\N,\N,\N,\N,\N,\N,\N,\N,\N,\N
228,1996,5,21,San Marino Grand Prix,1996-05-05,\N,http://en.wikipedia.org/wiki/1996_San_Marino_Grand_Prix,\N,\N,\N,\N,\N,\N,\N,\N,\N,\N
229,1996,6,6,Monaco Grand Prix,1996-05-19,\N,http://en.wikipedia.org/wiki/1996_Monaco_Grand_Prix,\N,\N,\N,\N,\N,\N,\N,\N,\N,\N
230,1996,7,4,Spanish Grand Prix,1996-06-02,\N,http://en.wikipedia.org/wiki/1996_Spanish_Grand_Prix,\N,\N,\N,\N,\N,\N,\N,\N,\N,\N
231,1996,8,7,Canadian Grand Prix,1996-06-16,\N,http://en.wikipedia.org/wiki/1996_Canadian_Grand_Prix,\N,\N,\N,\N,\N,\N,\N,\N,\N,\N
232,1996,9,8,French Grand Prix,1996-06-30,\N,http://en.wikipedia.org/wiki/1996_French_Grand_Prix,\N,\N,\N,\N,\N,\N,\N,\N,\N,\N
233,1996,10,9,British Grand Prix,1996-07-14,\N,http://en.wikipedia.org/wiki/1996_British_Grand_Prix,\N,\N,\N,\N,\N,\N,\N,\N,\N,\N
234,1996,11,10,German Grand Prix,1996-07-28,\N,http://en.wikipedia.org/wiki/1996_German_Grand_Prix,\N,\N,\N,\N,\N,\N,\N,\N,\N,\N
235,1996,12,11,Hungarian Grand Prix,1996-08-11,\N,http://en.wikipedia.org/wiki/1996_Hungarian_Grand_Prix,\N,\N,\N,\N,\N,\N,\N,\N,\N,\N
236,1996,13,13,Belgian Grand Prix,1996-08-25,\N,http://en.wikipedia.org/wiki/1996_Belgian_Grand_Prix,\N,\N,\N,\N,\N,\N,\N,\N,\N,\N
237,1996,14,14,Italian Grand Prix,1996-09-08,\N,http://en.wikipedia.org/wiki/1996_Italian_Grand_Prix,\N,\N,\N,\N,\N,\N,\N,\N,\N,\N
238,1996,15,27,Portuguese Grand Prix,1996-09-22,\N,http://en.wikipedia.org/wiki/1996_Portuguese_Grand_Prix,\N,\N,\N,\N,\N,\N,\N,\N,\N,\N
239,1996,16,22,Japanese Grand Prix,1996-10-13,\N,http://en.wikipedia.org/wiki/1996_Japanese_Grand_Prix,\N,\N,\N,\N,\N,\N,\N,\N,\N,\N
240,1995,1,18,Brazilian Grand Prix,1995-03-26,\N,http://en.wikipedia.org/wiki/1995_Brazilian_Grand_Prix,\N,\N,\N,\N,\N,\N,\N,\N,\N,\N
241,1995,2,25,Argentine Grand Prix,1995-04-09,\N,http://en.wikipedia.org/wiki/1995_Argentine_Grand_Prix,\N,\N,\N,\N,\N,\N,\N,\N,\N,\N
242,1995,3,21,San Marino Grand Prix,1995-04-30,\N,http://en.wikipedia.org/wiki/1995_San_Marino_Grand_Prix,\N,\N,\N,\N,\N,\N,\N,\N,\N,\N
243,1995,4,4,Spanish Grand Prix,1995-05-14,\N,http://en.wikipedia.org/wiki/1995_Spanish_Grand_Prix,\N,\N,\N,\N,\N,\N,\N,\N,\N,\N
244,1995,5,6,Monaco Grand Prix,1995-05-28,\N,http://en.wikipedia.org/wiki/1995_Monaco_Grand_Prix,\N,\N,\N,\N,\N,\N,\N,\N,\N,\N
245,1995,6,7,Canadian Grand Prix,1995-06-11,\N,http://en.wikipedia.org/wiki/1995_Canadian_Grand_Prix,\N,\N,\N,\N,\N,\N,\N,\N,\N,\N
246,1995,7,8,French Grand Prix,1995-07-02,\N,http://en.wikipedia.org/wiki/1995_French_Grand_Prix,\N,\N,\N,\N,\N,\N,\N,\N,\N,\N
247,1995,8,9,British Grand Prix,1995-07-16,\N,http://en.wikipedia.org/wiki/1995_British_Grand_Prix,\N,\N,\N,\N,\N,\N,\N,\N,\N,\N
248,1995,9,10,German Grand Prix,1995-07-30,\N,http://en.wikipedia.org/wiki/1995_German_Grand_Prix,\N,\N,\N,\N,\N,\N,\N,\N,\N,\N
249,1995,10,11,Hungarian Grand Prix,1995-08-13,\N,http://en.wikipedia.org/wiki/1995_Hungarian_Grand_Prix,\N,\N,\N,\N,\N,\N,\N,\N,\N,\N
250,1995,11,13,Belgian Grand Prix,1995-08-27,\N,http://en.wikipedia.org/wiki/1995_Belgian_Grand_Prix,\N,\N,\N,\N,\N,\N,\N,\N,\N,\N
251,1995,12,14,Italian Grand Prix,1995-09-10,\N,http://en.wikipedia.org/wiki/1995_Italian_Grand_Prix,\N,\N,\N,\N,\N,\N,\N,\N,\N,\N
252,1995,13,27,Portuguese Grand Prix,1995-09-24,\N,http://en.wikipedia.org/wiki/1995_Portuguese_Grand_Prix,\N,\N,\N,\N,\N,\N,\N,\N,\N,\N
253,1995,14,20,European Grand Prix,1995-10-01,\N,http://en.wikipedia.org/wiki/1995_European_Grand_Prix,\N,\N,\N,\N,\N,\N,\N,\N,\N,\N
254,1995,15,28,Pacific Grand Prix,1995-10-22,\N,http://en.wikipedia.org/wiki/1995_Pacific_Grand_Prix,\N,\N,\N,\N,\N,\N,\N,\N,\N,\N
255,1995,16,22,Japanese Grand Prix,1995-10-29,\N,http://en.wikipedia.org/wiki/1995_Japanese_Grand_Prix,\N,\N,\N,\N,\N,\N,\N,\N,\N,\N
256,1995,17,29,Australian Grand Prix,1995-11-12,\N,http://en.wikipedia.org/wiki/1995_Australian_Grand_Prix,\N,\N,\N,\N,\N,\N,\N,\N,\N,\N
257,1994,1,18,Brazilian Grand Prix,1994-03-27,\N,http://en.wikipedia.org/wiki/1994_Brazilian_Grand_Prix,\N,\N,\N,\N,\N,\N,\N,\N,\N,\N
258,1994,2,28,Pacific Grand Prix,1994-04-17,\N,http://en.wikipedia.org/wiki/1994_Pacific_Grand_Prix,\N,\N,\N,\N,\N,\N,\N,\N,\N,\N
259,1994,3,21,San Marino Grand Prix,1994-05-01,\N,http://en.wikipedia.org/wiki/1994_San_Marino_Grand_Prix,\N,\N,\N,\N,\N,\N,\N,\N,\N,\N
260,1994,4,6,Monaco Grand Prix,1994-05-15,\N,http://en.wikipedia.org/wiki/1994_Monaco_Grand_Prix,\N,\N,\N,\N,\N,\N,\N,\N,\N,\N
261,1994,5,4,Spanish Grand Prix,1994-05-29,\N,http://en.wikipedia.org/wiki/1994_Spanish_Grand_Prix,\N,\N,\N,\N,\N,\N,\N,\N,\N,\N
262,1994,6,7,Canadian Grand Prix,1994-06-12,\N,http://en.wikipedia.org/wiki/1994_Canadian_Grand_Prix,\N,\N,\N,\N,\N,\N,\N,\N,\N,\N
263,1994,7,8,French Grand Prix,1994-07-03,\N,http://en.wikipedia.org/wiki/1994_French_Grand_Prix,\N,\N,\N,\N,\N,\N,\N,\N,\N,\N
264,1994,8,9,British Grand Prix,1994-07-10,\N,http://en.wikipedia.org/wiki/1994_British_Grand_Prix,\N,\N,\N,\N,\N,\N,\N,\N,\N,\N
265,1994,9,10,German Grand Prix,1994-07-31,\N,http://en.wikipedia.org/wiki/1994_German_Grand_Prix,\N,\N,\N,\N,\N,\N,\N,\N,\N,\N
266,1994,10,11,Hungarian Grand Prix,1994-08-14,\N,http://en.wikipedia.org/wiki/1994_Hungarian_Grand_Prix,\N,\N,\N,\N,\N,\N,\N,\N,\N,\N
267,1994,11,13,Belgian Grand Prix,1994-08-28,\N,http://en.wikipedia.org/wiki/1994_Belgian_Grand_Prix,\N,\N,\N,\N,\N,\N,\N,\N,\N,\N
268,1994,12,14,Italian Grand Prix,1994-09-11,\N,http://en.wikipedia.org/wiki/1994_Italian_Grand_Prix,\N,\N,\N,\N,\N,\N,\N,\N,\N,\N
269,1994,13,27,Portuguese Grand Prix,1994-09-25,\N,http://en.wikipedia.org/wiki/1994_Portuguese_Grand_Prix,\N,\N,\N,\N,\N,\N,\N,\N,\N,\N
270,1994,14,26,European Grand Prix,1994-10-16,\N,http://en.wikipedia.org/wiki/1994_European_Grand_Prix,\N,\N,\N,\N,\N,\N,\N,\N,\N,\N
271,1994,15,22,Japanese Grand Prix,1994-11-06,\N,http://en.wikipedia.org/wiki/1994_Japanese_Grand_Prix,\N,\N,\N,\N,\N,\N,\N,\N,\N,\N
272,1994,16,29,Australian Grand Prix,1994-11-13,\N,http://en.wikipedia.org/wiki/1994_Australian_Grand_Prix,\N,\N,\N,\N,\N,\N,\N,\N,\N,\N
273,1993,1,30,South African Grand Prix,1993-03-14,\N,http://en.wikipedia.org/wiki/1993_South_African_Grand_Prix,\N,\N,\N,\N,\N,\N,\N,\N,\N,\N
274,1993,2,18,Brazilian Grand Prix,1993-03-28,\N,http://en.wikipedia.org/wiki/1993_Brazilian_Grand_Prix,\N,\N,\N,\N,\N,\N,\N,\N,\N,\N
275,1993,3,31,European Grand Prix,1993-04-11,\N,http://en.wikipedia.org/wiki/1993_European_Grand_Prix,\N,\N,\N,\N,\N,\N,\N,\N,\N,\N
276,1993,4,21,San Marino Grand Prix,1993-04-25,\N,http://en.wikipedia.org/wiki/1993_San_Marino_Grand_Prix,\N,\N,\N,\N,\N,\N,\N,\N,\N,\N
277,1993,5,4,Spanish Grand Prix,1993-05-09,\N,http://en.wikipedia.org/wiki/1993_Spanish_Grand_Prix,\N,\N,\N,\N,\N,\N,\N,\N,\N,\N
278,1993,6,6,Monaco Grand Prix,1993-05-23,\N,http://en.wikipedia.org/wiki/1993_Monaco_Grand_Prix,\N,\N,\N,\N,\N,\N,\N,\N,\N,\N
279,1993,7,7,Canadian Grand Prix,1993-06-13,\N,http://en.wikipedia.org/wiki/1993_Canadian_Grand_Prix,\N,\N,\N,\N,\N,\N,\N,\N,\N,\N
280,1993,8,8,French Grand Prix,1993-07-04,\N,http://en.wikipedia.org/wiki/1993_French_Grand_Prix,\N,\N,\N,\N,\N,\N,\N,\N,\N,\N
281,1993,9,9,British Grand Prix,1993-07-11,\N,http://en.wikipedia.org/wiki/1993_British_Grand_Prix,\N,\N,\N,\N,\N,\N,\N,\N,\N,\N
282,1993,10,10,German Grand Prix,1993-07-25,\N,http://en.wikipedia.org/wiki/1993_German_Grand_Prix,\N,\N,\N,\N,\N,\N,\N,\N,\N,\N
283,1993,11,11,Hungarian Grand Prix,1993-08-15,\N,http://en.wikipedia.org/wiki/1993_Hungarian_Grand_Prix,\N,\N,\N,\N,\N,\N,\N,\N,\N,\N
284,1993,12,13,Belgian Grand Prix,1993-08-29,\N,http://en.wikipedia.org/wiki/1993_Belgian_Grand_Prix,\N,\N,\N,\N,\N,\N,\N,\N,\N,\N
285,1993,13,14,Italian Grand Prix,1993-09-12,\N,http://en.wikipedia.org/wiki/1993_Italian_Grand_Prix,\N,\N,\N,\N,\N,\N,\N,\N,\N,\N
286,1993,14,27,Portuguese Grand Prix,1993-09-26,\N,http://en.wikipedia.org/wiki/1993_Portuguese_Grand_Prix,\N,\N,\N,\N,\N,\N,\N,\N,\N,\N
287,1993,15,22,Japanese Grand Prix,1993-10-24,\N,http://en.wikipedia.org/wiki/1993_Japanese_Grand_Prix,\N,\N,\N,\N,\N,\N,\N,\N,\N,\N
288,1993,16,29,Australian Grand Prix,1993-11-07,\N,http://en.wikipedia.org/wiki/1993_Australian_Grand_Prix,\N,\N,\N,\N,\N,\N,\N,\N,\N,\N
289,1992,1,30,South African Grand Prix,1992-03-01,\N,http://en.wikipedia.org/wiki/1992_South_African_Grand_Prix,\N,\N,\N,\N,\N,\N,\N,\N,\N,\N
290,1992,2,32,Mexican Grand Prix,1992-03-22,\N,http://en.wikipedia.org/wiki/1992_Mexican_Grand_Prix,\N,\N,\N,\N,\N,\N,\N,\N,\N,\N
291,1992,3,18,Brazilian Grand Prix,1992-04-05,\N,http://en.wikipedia.org/wiki/1992_Brazilian_Grand_Prix,\N,\N,\N,\N,\N,\N,\N,\N,\N,\N
292,1992,4,4,Spanish Grand Prix,1992-05-03,\N,http://en.wikipedia.org/wiki/1992_Spanish_Grand_Prix,\N,\N,\N,\N,\N,\N,\N,\N,\N,\N
293,1992,5,21,San Marino Grand Prix,1992-05-17,\N,http://en.wikipedia.org/wiki/1992_San_Marino_Grand_Prix,\N,\N,\N,\N,\N,\N,\N,\N,\N,\N
294,1992,6,6,Monaco Grand Prix,1992-05-31,\N,http://en.wikipedia.org/wiki/1992_Monaco_Grand_Prix,\N,\N,\N,\N,\N,\N,\N,\N,\N,\N
295,1992,7,7,Canadian Grand Prix,1992-06-14,\N,http://en.wikipedia.org/wiki/1992_Canadian_Grand_Prix,\N,\N,\N,\N,\N,\N,\N,\N,\N,\N
296,1992,8,8,French Grand Prix,1992-07-05,\N,http://en.wikipedia.org/wiki/1992_French_Grand_Prix,\N,\N,\N,\N,\N,\N,\N,\N,\N,\N
297,1992,9,9,British Grand Prix,1992-07-12,\N,http://en.wikipedia.org/wiki/1992_British_Grand_Prix,\N,\N,\N,\N,\N,\N,\N,\N,\N,\N
298,1992,10,10,German Grand Prix,1992-07-26,\N,http://en.wikipedia.org/wiki/1992_German_Grand_Prix,\N,\N,\N,\N,\N,\N,\N,\N,\N,\N
299,1992,11,11,Hungarian Grand Prix,1992-08-16,\N,http://en.wikipedia.org/wiki/1992_Hungarian_Grand_Prix,\N,\N,\N,\N,\N,\N,\N,\N,\N,\N
300,1992,12,13,Belgian Grand Prix,1992-08-30,\N,http://en.wikipedia.org/wiki/1992_Belgian_Grand_Prix,\N,\N,\N,\N,\N,\N,\N,\N,\N,\N
301,1992,13,14,Italian Grand Prix,1992-09-13,\N,http://en.wikipedia.org/wiki/1992_Italian_Grand_Prix,\N,\N,\N,\N,\N,\N,\N,\N,\N,\N
302,1992,14,27,Portuguese Grand Prix,1992-09-27,\N,http://en.wikipedia.org/wiki/1992_Portuguese_Grand_Prix,\N,\N,\N,\N,\N,\N,\N,\N,\N,\N
303,1992,15,22,Japanese Grand Prix,1992-10-25,\N,http://en.wikipedia.org/wiki/1992_Japanese_Grand_Prix,\N,\N,\N,\N,\N,\N,\N,\N,\N,\N
304,1992,16,29,Australian Grand Prix,1992-11-08,\N,http://en.wikipedia.org/wiki/1992_Australian_Grand_Prix,\N,\N,\N,\N,\N,\N,\N,\N,\N,\N
305,1991,1,33,United States Grand Prix,1991-03-10,\N,http://en.wikipedia.org/wiki/1991_United_States_Grand_Prix,\N,\N,\N,\N,\N,\N,\N,\N,\N,\N
306,1991,2,18,Brazilian Grand Prix,1991-03-24,\N,http://en.wikipedia.org/wiki/1991_Brazilian_Grand_Prix,\N,\N,\N,\N,\N,\N,\N,\N,\N,\N
307,1991,3,21,San Marino Grand Prix,1991-04-28,\N,http://en.wikipedia.org/wiki/1991_San_Marino_Grand_Prix,\N,\N,\N,\N,\N,\N,\N,\N,\N,\N
308,1991,4,6,Monaco Grand Prix,1991-05-12,\N,http://en.wikipedia.org/wiki/1991_Monaco_Grand_Prix,\N,\N,\N,\N,\N,\N,\N,\N,\N,\N
309,1991,5,7,Canadian Grand Prix,1991-06-02,\N,http://en.wikipedia.org/wiki/1991_Canadian_Grand_Prix,\N,\N,\N,\N,\N,\N,\N,\N,\N,\N
310,1991,6,32,Mexican Grand Prix,1991-06-16,\N,http://en.wikipedia.org/wiki/1991_Mexican_Grand_Prix,\N,\N,\N,\N,\N,\N,\N,\N,\N,\N
311,1991,7,8,French Grand Prix,1991-07-07,\N,http://en.wikipedia.org/wiki/1991_French_Grand_Prix,\N,\N,\N,\N,\N,\N,\N,\N,\N,\N
312,1991,8,9,British Grand Prix,1991-07-14,\N,http://en.wikipedia.org/wiki/1991_British_Grand_Prix,\N,\N,\N,\N,\N,\N,\N,\N,\N,\N
313,1991,9,10,German Grand Prix,1991-07-28,\N,http://en.wikipedia.org/wiki/1991_German_Grand_Prix,\N,\N,\N,\N,\N,\N,\N,\N,\N,\N
314,1991,10,11,Hungarian Grand Prix,1991-08-11,\N,http://en.wikipedia.org/wiki/1991_Hungarian_Grand_Prix,\N,\N,\N,\N,\N,\N,\N,\N,\N,\N
315,1991,11,13,Belgian Grand Prix,1991-08-25,\N,http://en.wikipedia.org/wiki/1991_Belgian_Grand_Prix,\N,\N,\N,\N,\N,\N,\N,\N,\N,\N
316,1991,12,14,Italian Grand Prix,1991-09-08,\N,http://en.wikipedia.org/wiki/1991_Italian_Grand_Prix,\N,\N,\N,\N,\N,\N,\N,\N,\N,\N
317,1991,13,27,Portuguese Grand Prix,1991-09-22,\N,http://en.wikipedia.org/wiki/1991_Portuguese_Grand_Prix,\N,\N,\N,\N,\N,\N,\N,\N,\N,\N
318,1991,14,4,Spanish Grand Prix,1991-09-29,\N,http://en.wikipedia.org/wiki/1991_Spanish_Grand_Prix,\N,\N,\N,\N,\N,\N,\N,\N,\N,\N
319,1991,15,22,Japanese Grand Prix,1991-10-20,\N,http://en.wikipedia.org/wiki/1991_Japanese_Grand_Prix,\N,\N,\N,\N,\N,\N,\N,\N,\N,\N
320,1991,16,29,Australian Grand Prix,1991-11-03,\N,http://en.wikipedia.org/wiki/1991_Australian_Grand_Prix,\N,\N,\N,\N,\N,\N,\N,\N,\N,\N
321,1990,1,33,United States Grand Prix,1990-03-11,\N,http://en.wikipedia.org/wiki/1990_United_States_Grand_Prix,\N,\N,\N,\N,\N,\N,\N,\N,\N,\N
322,1990,2,18,Brazilian Grand Prix,1990-03-25,\N,http://en.wikipedia.org/wiki/1990_Brazilian_Grand_Prix,\N,\N,\N,\N,\N,\N,\N,\N,\N,\N
323,1990,3,21,San Marino Grand Prix,1990-05-13,\N,http://en.wikipedia.org/wiki/1990_San_Marino_Grand_Prix,\N,\N,\N,\N,\N,\N,\N,\N,\N,\N
324,1990,4,6,Monaco Grand Prix,1990-05-27,\N,http://en.wikipedia.org/wiki/1990_Monaco_Grand_Prix,\N,\N,\N,\N,\N,\N,\N,\N,\N,\N
325,1990,5,7,Canadian Grand Prix,1990-06-10,\N,http://en.wikipedia.org/wiki/1990_Canadian_Grand_Prix,\N,\N,\N,\N,\N,\N,\N,\N,\N,\N
326,1990,6,32,Mexican Grand Prix,1990-06-24,\N,http://en.wikipedia.org/wiki/1990_Mexican_Grand_Prix,\N,\N,\N,\N,\N,\N,\N,\N,\N,\N
327,1990,7,34,French Grand Prix,1990-07-08,\N,http://en.wikipedia.org/wiki/1990_French_Grand_Prix,\N,\N,\N,\N,\N,\N,\N,\N,\N,\N
328,1990,8,9,British Grand Prix,1990-07-15,\N,http://en.wikipedia.org/wiki/1990_British_Grand_Prix,\N,\N,\N,\N,\N,\N,\N,\N,\N,\N
329,1990,9,10,German Grand Prix,1990-07-29,\N,http://en.wikipedia.org/wiki/1990_German_Grand_Prix,\N,\N,\N,\N,\N,\N,\N,\N,\N,\N
330,1990,10,11,Hungarian Grand Prix,1990-08-12,\N,http://en.wikipedia.org/wiki/1990_Hungarian_Grand_Prix,\N,\N,\N,\N,\N,\N,\N,\N,\N,\N
331,1990,11,13,Belgian Grand Prix,1990-08-26,\N,http://en.wikipedia.org/wiki/1990_Belgian_Grand_Prix,\N,\N,\N,\N,\N,\N,\N,\N,\N,\N
332,1990,12,14,Italian Grand Prix,1990-09-09,\N,http://en.wikipedia.org/wiki/1990_Italian_Grand_Prix,\N,\N,\N,\N,\N,\N,\N,\N,\N,\N
333,1990,13,27,Portuguese Grand Prix,1990-09-23,\N,http://en.wikipedia.org/wiki/1990_Portuguese_Grand_Prix,\N,\N,\N,\N,\N,\N,\N,\N,\N,\N
334,1990,14,26,Spanish Grand Prix,1990-09-30,\N,http://en.wikipedia.org/wiki/1990_Spanish_Grand_Prix,\N,\N,\N,\N,\N,\N,\N,\N,\N,\N
335,1990,15,22,Japanese Grand Prix,1990-10-21,\N,http://en.wikipedia.org/wiki/1990_Japanese_Grand_Prix,\N,\N,\N,\N,\N,\N,\N,\N,\N,\N
336,1990,16,29,Australian Grand Prix,1990-11-04,\N,http://en.wikipedia.org/wiki/1990_Australian_Grand_Prix,\N,\N,\N,\N,\N,\N,\N,\N,\N,\N
356,1989,1,36,Brazilian Grand Prix,1989-03-26,\N,http://en.wikipedia.org/wiki/1989_Brazilian_Grand_Prix,\N,\N,\N,\N,\N,\N,\N,\N,\N,\N
357,1989,2,21,San Marino Grand Prix,1989-04-23,\N,http://en.wikipedia.org/wiki/1989_San_Marino_Grand_Prix,\N,\N,\N,\N,\N,\N,\N,\N,\N,\N
358,1989,3,6,Monaco Grand Prix,1989-05-07,\N,http://en.wikipedia.org/wiki/1989_Monaco_Grand_Prix,\N,\N,\N,\N,\N,\N,\N,\N,\N,\N
359,1989,4,32,Mexican Grand Prix,1989-05-28,\N,http://en.wikipedia.org/wiki/1989_Mexican_Grand_Prix,\N,\N,\N,\N,\N,\N,\N,\N,\N,\N
360,1989,5,33,United States Grand Prix,1989-06-04,\N,http://en.wikipedia.org/wiki/1989_United_States_Grand_Prix,\N,\N,\N,\N,\N,\N,\N,\N,\N,\N
361,1989,6,7,Canadian Grand Prix,1989-06-18,\N,http://en.wikipedia.org/wiki/1989_Canadian_Grand_Prix,\N,\N,\N,\N,\N,\N,\N,\N,\N,\N
362,1989,7,34,French Grand Prix,1989-07-09,\N,http://en.wikipedia.org/wiki/1989_French_Grand_Prix,\N,\N,\N,\N,\N,\N,\N,\N,\N,\N
363,1989,8,9,British Grand Prix,1989-07-16,\N,http://en.wikipedia.org/wiki/1989_British_Grand_Prix,\N,\N,\N,\N,\N,\N,\N,\N,\N,\N
364,1989,9,10,German Grand Prix,1989-07-30,\N,http://en.wikipedia.org/wiki/1989_German_Grand_Prix,\N,\N,\N,\N,\N,\N,\N,\N,\N,\N
365,1989,10,11,Hungarian Grand Prix,1989-08-13,\N,http://en.wikipedia.org/wiki/1989_Hungarian_Grand_Prix,\N,\N,\N,\N,\N,\N,\N,\N,\N,\N
366,1989,11,13,Belgian Grand Prix,1989-08-27,\N,http://en.wikipedia.org/wiki/1989_Belgian_Grand_Prix,\N,\N,\N,\N,\N,\N,\N,\N,\N,\N
367,1989,12,14,Italian Grand Prix,1989-09-10,\N,http://en.wikipedia.org/wiki/1989_Italian_Grand_Prix,\N,\N,\N,\N,\N,\N,\N,\N,\N,\N
368,1989,13,27,Portuguese Grand Prix,1989-09-24,\N,http://en.wikipedia.org/wiki/1989_Portuguese_Grand_Prix,\N,\N,\N,\N,\N,\N,\N,\N,\N,\N
369,1989,14,26,Spanish Grand Prix,1989-10-01,\N,http://en.wikipedia.org/wiki/1989_Spanish_Grand_Prix,\N,\N,\N,\N,\N,\N,\N,\N,\N,\N
370,1989,15,22,Japanese Grand Prix,1989-10-22,\N,http://en.wikipedia.org/wiki/1989_Japanese_Grand_Prix,\N,\N,\N,\N,\N,\N,\N,\N,\N,\N
371,1989,16,29,Australian Grand Prix,1989-11-05,\N,http://en.wikipedia.org/wiki/1989_Australian_Grand_Prix,\N,\N,\N,\N,\N,\N,\N,\N,\N,\N
372,1988,1,36,Brazilian Grand Prix,1988-04-03,\N,http://en.wikipedia.org/wiki/1988_Brazilian_Grand_Prix,\N,\N,\N,\N,\N,\N,\N,\N,\N,\N
373,1988,2,21,San Marino Grand Prix,1988-05-01,\N,http://en.wikipedia.org/wiki/1988_San_Marino_Grand_Prix,\N,\N,\N,\N,\N,\N,\N,\N,\N,\N
374,1988,3,6,Monaco Grand Prix,1988-05-15,\N,http://en.wikipedia.org/wiki/1988_Monaco_Grand_Prix,\N,\N,\N,\N,\N,\N,\N,\N,\N,\N
375,1988,4,32,Mexican Grand Prix,1988-05-29,\N,http://en.wikipedia.org/wiki/1988_Mexican_Grand_Prix,\N,\N,\N,\N,\N,\N,\N,\N,\N,\N
376,1988,5,7,Canadian Grand Prix,1988-06-12,\N,http://en.wikipedia.org/wiki/1988_Canadian_Grand_Prix,\N,\N,\N,\N,\N,\N,\N,\N,\N,\N
377,1988,6,37,Detroit Grand Prix,1988-06-19,\N,http://en.wikipedia.org/wiki/1988_Detroit_Grand_Prix,\N,\N,\N,\N,\N,\N,\N,\N,\N,\N
378,1988,7,34,French Grand Prix,1988-07-03,\N,http://en.wikipedia.org/wiki/1988_French_Grand_Prix,\N,\N,\N,\N,\N,\N,\N,\N,\N,\N
379,1988,8,9,British Grand Prix,1988-07-10,\N,http://en.wikipedia.org/wiki/1988_British_Grand_Prix,\N,\N,\N,\N,\N,\N,\N,\N,\N,\N
380,1988,9,10,German Grand Prix,1988-07-24,\N,http://en.wikipedia.org/wiki/1988_German_Grand_Prix,\N,\N,\N,\N,\N,\N,\N,\N,\N,\N
381,1988,10,11,Hungarian Grand Prix,1988-08-07,\N,http://en.wikipedia.org/wiki/1988_Hungarian_Grand_Prix,\N,\N,\N,\N,\N,\N,\N,\N,\N,\N
382,1988,11,13,Belgian Grand Prix,1988-08-28,\N,http://en.wikipedia.org/wiki/1988_Belgian_Grand_Prix,\N,\N,\N,\N,\N,\N,\N,\N,\N,\N
383,1988,12,14,Italian Grand Prix,1988-09-11,\N,http://en.wikipedia.org/wiki/1988_Italian_Grand_Prix,\N,\N,\N,\N,\N,\N,\N,\N,\N,\N
384,1988,13,27,Portuguese Grand Prix,1988-09-25,\N,http://en.wikipedia.org/wiki/1988_Portuguese_Grand_Prix,\N,\N,\N,\N,\N,\N,\N,\N,\N,\N
385,1988,14,26,Spanish Grand Prix,1988-10-02,\N,http://en.wikipedia.org/wiki/1988_Spanish_Grand_Prix,\N,\N,\N,\N,\N,\N,\N,\N,\N,\N
386,1988,15,22,Japanese Grand Prix,1988-10-30,\N,http://en.wikipedia.org/wiki/1988_Japanese_Grand_Prix,\N,\N,\N,\N,\N,\N,\N,\N,\N,\N
387,1988,16,29,Australian Grand Prix,1988-11-13,\N,http://en.wikipedia.org/wiki/1988_Australian_Grand_Prix,\N,\N,\N,\N,\N,\N,\N,\N,\N,\N
388,1987,1,36,Brazilian Grand Prix,1987-04-12,\N,http://en.wikipedia.org/wiki/1987_Brazilian_Grand_Prix,\N,\N,\N,\N,\N,\N,\N,\N,\N,\N
389,1987,2,21,San Marino Grand Prix,1987-05-03,\N,http://en.wikipedia.org/wiki/1987_San_Marino_Grand_Prix,\N,\N,\N,\N,\N,\N,\N,\N,\N,\N
390,1987,3,13,Belgian Grand Prix,1987-05-17,\N,http://en.wikipedia.org/wiki/1987_Belgian_Grand_Prix,\N,\N,\N,\N,\N,\N,\N,\N,\N,\N
391,1987,4,6,Monaco Grand Prix,1987-05-31,\N,http://en.wikipedia.org/wiki/1987_Monaco_Grand_Prix,\N,\N,\N,\N,\N,\N,\N,\N,\N,\N
392,1987,5,37,Detroit Grand Prix,1987-06-21,\N,http://en.wikipedia.org/wiki/1987_Detroit_Grand_Prix,\N,\N,\N,\N,\N,\N,\N,\N,\N,\N
393,1987,6,34,French Grand Prix,1987-07-05,\N,http://en.wikipedia.org/wiki/1987_French_Grand_Prix,\N,\N,\N,\N,\N,\N,\N,\N,\N,\N
394,1987,7,9,British Grand Prix,1987-07-12,\N,http://en.wikipedia.org/wiki/1987_British_Grand_Prix,\N,\N,\N,\N,\N,\N,\N,\N,\N,\N
395,1987,8,10,German Grand Prix,1987-07-26,\N,http://en.wikipedia.org/wiki/1987_German_Grand_Prix,\N,\N,\N,\N,\N,\N,\N,\N,\N,\N
396,1987,9,11,Hungarian Grand Prix,1987-08-09,\N,http://en.wikipedia.org/wiki/1987_Hungarian_Grand_Prix,\N,\N,\N,\N,\N,\N,\N,\N,\N,\N
397,1987,10,70,Austrian Grand Prix,1987-08-16,\N,http://en.wikipedia.org/wiki/1987_Austrian_Grand_Prix,\N,\N,\N,\N,\N,\N,\N,\N,\N,\N
398,1987,11,14,Italian Grand Prix,1987-09-06,\N,http://en.wikipedia.org/wiki/1987_Italian_Grand_Prix,\N,\N,\N,\N,\N,\N,\N,\N,\N,\N
399,1987,12,27,Portuguese Grand Prix,1987-09-20,\N,http://en.wikipedia.org/wiki/1987_Portuguese_Grand_Prix,\N,\N,\N,\N,\N,\N,\N,\N,\N,\N
400,1987,13,26,Spanish Grand Prix,1987-09-27,\N,http://en.wikipedia.org/wiki/1987_Spanish_Grand_Prix,\N,\N,\N,\N,\N,\N,\N,\N,\N,\N
401,1987,14,32,Mexican Grand Prix,1987-10-18,\N,http://en.wikipedia.org/wiki/1987_Mexican_Grand_Prix,\N,\N,\N,\N,\N,\N,\N,\N,\N,\N
402,1987,15,22,Japanese Grand Prix,1987-11-01,\N,http://en.wikipedia.org/wiki/1987_Japanese_Grand_Prix,\N,\N,\N,\N,\N,\N,\N,\N,\N,\N
403,1987,16,29,Australian Grand Prix,1987-11-15,\N,http://en.wikipedia.org/wiki/1987_Australian_Grand_Prix,\N,\N,\N,\N,\N,\N,\N,\N,\N,\N
404,1986,1,36,Brazilian Grand Prix,1986-03-23,\N,http://en.wikipedia.org/wiki/1986_Brazilian_Grand_Prix,\N,\N,\N,\N,\N,\N,\N,\N,\N,\N
405,1986,2,26,Spanish Grand Prix,1986-04-13,\N,http://en.wikipedia.org/wiki/1986_Spanish_Grand_Prix,\N,\N,\N,\N,\N,\N,\N,\N,\N,\N
406,1986,3,21,San Marino Grand Prix,1986-04-27,\N,http://en.wikipedia.org/wiki/1986_San_Marino_Grand_Prix,\N,\N,\N,\N,\N,\N,\N,\N,\N,\N
407,1986,4,6,Monaco Grand Prix,1986-05-11,\N,http://en.wikipedia.org/wiki/1986_Monaco_Grand_Prix,\N,\N,\N,\N,\N,\N,\N,\N,\N,\N
408,1986,5,13,Belgian Grand Prix,1986-05-25,\N,http://en.wikipedia.org/wiki/1986_Belgian_Grand_Prix,\N,\N,\N,\N,\N,\N,\N,\N,\N,\N
409,1986,6,7,Canadian Grand Prix,1986-06-15,\N,http://en.wikipedia.org/wiki/1986_Canadian_Grand_Prix,\N,\N,\N,\N,\N,\N,\N,\N,\N,\N
410,1986,7,37,Detroit Grand Prix,1986-06-22,\N,http://en.wikipedia.org/wiki/1986_Detroit_Grand_Prix,\N,\N,\N,\N,\N,\N,\N,\N,\N,\N
411,1986,8,34,French Grand Prix,1986-07-06,\N,http://en.wikipedia.org/wiki/1986_French_Grand_Prix,\N,\N,\N,\N,\N,\N,\N,\N,\N,\N
412,1986,9,38,British Grand Prix,1986-07-13,\N,http://en.wikipedia.org/wiki/1986_British_Grand_Prix,\N,\N,\N,\N,\N,\N,\N,\N,\N,\N
413,1986,10,10,German Grand Prix,1986-07-27,\N,http://en.wikipedia.org/wiki/1986_German_Grand_Prix,\N,\N,\N,\N,\N,\N,\N,\N,\N,\N
414,1986,11,11,Hungarian Grand Prix,1986-08-10,\N,http://en.wikipedia.org/wiki/1986_Hungarian_Grand_Prix,\N,\N,\N,\N,\N,\N,\N,\N,\N,\N
415,1986,12,70,Austrian Grand Prix,1986-08-17,\N,http://en.wikipedia.org/wiki/1986_Austrian_Grand_Prix,\N,\N,\N,\N,\N,\N,\N,\N,\N,\N
416,1986,13,14,Italian Grand Prix,1986-09-07,\N,http://en.wikipedia.org/wiki/1986_Italian_Grand_Prix,\N,\N,\N,\N,\N,\N,\N,\N,\N,\N
417,1986,14,27,Portuguese Grand Prix,1986-09-21,\N,http://en.wikipedia.org/wiki/1986_Portuguese_Grand_Prix,\N,\N,\N,\N,\N,\N,\N,\N,\N,\N
418,1986,15,32,Mexican Grand Prix,1986-10-12,\N,http://en.wikipedia.org/wiki/1986_Mexican_Grand_Prix,\N,\N,\N,\N,\N,\N,\N,\N,\N,\N
419,1986,16,29,Australian Grand Prix,1986-10-26,\N,http://en.wikipedia.org/wiki/1986_Australian_Grand_Prix,\N,\N,\N,\N,\N,\N,\N,\N,\N,\N
420,1985,1,36,Brazilian Grand Prix,1985-04-07,\N,http://en.wikipedia.org/wiki/1985_Brazilian_Grand_Prix,\N,\N,\N,\N,\N,\N,\N,\N,\N,\N
421,1985,2,27,Portuguese Grand Prix,1985-04-21,\N,http://en.wikipedia.org/wiki/1985_Portuguese_Grand_Prix,\N,\N,\N,\N,\N,\N,\N,\N,\N,\N
422,1985,3,21,San Marino Grand Prix,1985-05-05,\N,http://en.wikipedia.org/wiki/1985_San_Marino_Grand_Prix,\N,\N,\N,\N,\N,\N,\N,\N,\N,\N
423,1985,4,6,Monaco Grand Prix,1985-05-19,\N,http://en.wikipedia.org/wiki/1985_Monaco_Grand_Prix,\N,\N,\N,\N,\N,\N,\N,\N,\N,\N
424,1985,5,7,Canadian Grand Prix,1985-06-16,\N,http://en.wikipedia.org/wiki/1985_Canadian_Grand_Prix,\N,\N,\N,\N,\N,\N,\N,\N,\N,\N
425,1985,6,37,Detroit Grand Prix,1985-06-23,\N,http://en.wikipedia.org/wiki/1985_Detroit_Grand_Prix,\N,\N,\N,\N,\N,\N,\N,\N,\N,\N
426,1985,7,34,French Grand Prix,1985-07-07,\N,http://en.wikipedia.org/wiki/1985_French_Grand_Prix,\N,\N,\N,\N,\N,\N,\N,\N,\N,\N
427,1985,8,9,British Grand Prix,1985-07-21,\N,http://en.wikipedia.org/wiki/1985_British_Grand_Prix,\N,\N,\N,\N,\N,\N,\N,\N,\N,\N
428,1985,9,20,German Grand Prix,1985-08-04,\N,http://en.wikipedia.org/wiki/1985_German_Grand_Prix,\N,\N,\N,\N,\N,\N,\N,\N,\N,\N
429,1985,10,70,Austrian Grand Prix,1985-08-18,\N,http://en.wikipedia.org/wiki/1985_Austrian_Grand_Prix,\N,\N,\N,\N,\N,\N,\N,\N,\N,\N
430,1985,11,39,Dutch Grand Prix,1985-08-25,\N,http://en.wikipedia.org/wiki/1985_Dutch_Grand_Prix,\N,\N,\N,\N,\N,\N,\N,\N,\N,\N
431,1985,12,14,Italian Grand Prix,1985-09-08,\N,http://en.wikipedia.org/wiki/1985_Italian_Grand_Prix,\N,\N,\N,\N,\N,\N,\N,\N,\N,\N
432,1985,13,13,Belgian Grand Prix,1985-09-15,\N,http://en.wikipedia.org/wiki/1985_Belgian_Grand_Prix,\N,\N,\N,\N,\N,\N,\N,\N,\N,\N
433,1985,14,38,European Grand Prix,1985-10-06,\N,http://en.wikipedia.org/wiki/1985_European_Grand_Prix,\N,\N,\N,\N,\N,\N,\N,\N,\N,\N
434,1985,15,30,South African Grand Prix,1985-10-19,\N,http://en.wikipedia.org/wiki/1985_South_African_Grand_Prix,\N,\N,\N,\N,\N,\N,\N,\N,\N,\N
435,1985,16,29,Australian Grand Prix,1985-11-03,\N,http://en.wikipedia.org/wiki/1985_Australian_Grand_Prix,\N,\N,\N,\N,\N,\N,\N,\N,\N,\N
436,1984,1,36,Brazilian Grand Prix,1984-03-25,\N,http://en.wikipedia.org/wiki/1984_Brazilian_Grand_Prix,\N,\N,\N,\N,\N,\N,\N,\N,\N,\N
437,1984,2,30,South African Grand Prix,1984-04-07,\N,http://en.wikipedia.org/wiki/1984_South_African_Grand_Prix,\N,\N,\N,\N,\N,\N,\N,\N,\N,\N
438,1984,3,40,Belgian Grand Prix,1984-04-29,\N,http://en.wikipedia.org/wiki/1984_Belgian_Grand_Prix,\N,\N,\N,\N,\N,\N,\N,\N,\N,\N
439,1984,4,21,San Marino Grand Prix,1984-05-06,\N,http://en.wikipedia.org/wiki/1984_San_Marino_Grand_Prix,\N,\N,\N,\N,\N,\N,\N,\N,\N,\N
440,1984,5,41,French Grand Prix,1984-05-20,\N,http://en.wikipedia.org/wiki/1984_French_Grand_Prix,\N,\N,\N,\N,\N,\N,\N,\N,\N,\N
441,1984,6,6,Monaco Grand Prix,1984-06-03,\N,http://en.wikipedia.org/wiki/1984_Monaco_Grand_Prix,\N,\N,\N,\N,\N,\N,\N,\N,\N,\N
442,1984,7,7,Canadian Grand Prix,1984-06-17,\N,http://en.wikipedia.org/wiki/1984_Canadian_Grand_Prix,\N,\N,\N,\N,\N,\N,\N,\N,\N,\N
443,1984,8,37,Detroit Grand Prix,1984-06-24,\N,http://en.wikipedia.org/wiki/1984_Detroit_Grand_Prix,\N,\N,\N,\N,\N,\N,\N,\N,\N,\N
444,1984,9,42,Dallas Grand Prix,1984-07-08,\N,http://en.wikipedia.org/wiki/1984_Dallas_Grand_Prix,\N,\N,\N,\N,\N,\N,\N,\N,\N,\N
445,1984,10,38,British Grand Prix,1984-07-22,\N,http://en.wikipedia.org/wiki/1984_British_Grand_Prix,\N,\N,\N,\N,\N,\N,\N,\N,\N,\N
446,1984,11,10,German Grand Prix,1984-08-05,\N,http://en.wikipedia.org/wiki/1984_German_Grand_Prix,\N,\N,\N,\N,\N,\N,\N,\N,\N,\N
447,1984,12,70,Austrian Grand Prix,1984-08-19,\N,http://en.wikipedia.org/wiki/1984_Austrian_Grand_Prix,\N,\N,\N,\N,\N,\N,\N,\N,\N,\N
448,1984,13,39,Dutch Grand Prix,1984-08-26,\N,http://en.wikipedia.org/wiki/1984_Dutch_Grand_Prix,\N,\N,\N,\N,\N,\N,\N,\N,\N,\N
449,1984,14,14,Italian Grand Prix,1984-09-09,\N,http://en.wikipedia.org/wiki/1984_Italian_Grand_Prix,\N,\N,\N,\N,\N,\N,\N,\N,\N,\N
450,1984,15,20,European Grand Prix,1984-10-07,\N,http://en.wikipedia.org/wiki/1984_European_Grand_Prix,\N,\N,\N,\N,\N,\N,\N,\N,\N,\N
451,1984,16,27,Portuguese Grand Prix,1984-10-21,\N,http://en.wikipedia.org/wiki/1984_Portuguese_Grand_Prix,\N,\N,\N,\N,\N,\N,\N,\N,\N,\N
452,1983,1,36,Brazilian Grand Prix,1983-03-13,\N,http://en.wikipedia.org/wiki/1983_Brazilian_Grand_Prix,\N,\N,\N,\N,\N,\N,\N,\N,\N,\N
453,1983,2,43,United States Grand Prix West,1983-03-27,\N,http://en.wikipedia.org/wiki/1983_United_States_Grand_Prix_West,\N,\N,\N,\N,\N,\N,\N,\N,\N,\N
454,1983,3,34,French Grand Prix,1983-04-17,\N,http://en.wikipedia.org/wiki/1983_French_Grand_Prix,\N,\N,\N,\N,\N,\N,\N,\N,\N,\N
455,1983,4,21,San Marino Grand Prix,1983-05-01,\N,http://en.wikipedia.org/wiki/1983_San_Marino_Grand_Prix,\N,\N,\N,\N,\N,\N,\N,\N,\N,\N
456,1983,5,6,Monaco Grand Prix,1983-05-15,\N,http://en.wikipedia.org/wiki/1983_Monaco_Grand_Prix,\N,\N,\N,\N,\N,\N,\N,\N,\N,\N
457,1983,6,13,Belgian Grand Prix,1983-05-22,\N,http://en.wikipedia.org/wiki/1983_Belgian_Grand_Prix,\N,\N,\N,\N,\N,\N,\N,\N,\N,\N
458,1983,7,37,Detroit Grand Prix,1983-06-05,\N,http://en.wikipedia.org/wiki/1983_Detroit_Grand_Prix,\N,\N,\N,\N,\N,\N,\N,\N,\N,\N
459,1983,8,7,Canadian Grand Prix,1983-06-12,\N,http://en.wikipedia.org/wiki/1983_Canadian_Grand_Prix,\N,\N,\N,\N,\N,\N,\N,\N,\N,\N
460,1983,9,9,British Grand Prix,1983-07-16,\N,http://en.wikipedia.org/wiki/1983_British_Grand_Prix,\N,\N,\N,\N,\N,\N,\N,\N,\N,\N
461,1983,10,10,German Grand Prix,1983-08-07,\N,http://en.wikipedia.org/wiki/1983_German_Grand_Prix,\N,\N,\N,\N,\N,\N,\N,\N,\N,\N
462,1983,11,70,Austrian Grand Prix,1983-08-14,\N,http://en.wikipedia.org/wiki/1983_Austrian_Grand_Prix,\N,\N,\N,\N,\N,\N,\N,\N,\N,\N
463,1983,12,39,Dutch Grand Prix,1983-08-28,\N,http://en.wikipedia.org/wiki/1983_Dutch_Grand_Prix,\N,\N,\N,\N,\N,\N,\N,\N,\N,\N
464,1983,13,14,Italian Grand Prix,1983-09-11,\N,http://en.wikipedia.org/wiki/1983_Italian_Grand_Prix,\N,\N,\N,\N,\N,\N,\N,\N,\N,\N
465,1983,14,38,European Grand Prix,1983-09-25,\N,http://en.wikipedia.org/wiki/1983_European_Grand_Prix,\N,\N,\N,\N,\N,\N,\N,\N,\N,\N
466,1983,15,30,South African Grand Prix,1983-10-15,\N,http://en.wikipedia.org/wiki/1983_South_African_Grand_Prix,\N,\N,\N,\N,\N,\N,\N,\N,\N,\N
467,1982,1,30,South African Grand Prix,1982-01-23,\N,http://en.wikipedia.org/wiki/1982_South_African_Grand_Prix,\N,\N,\N,\N,\N,\N,\N,\N,\N,\N
468,1982,2,36,Brazilian Grand Prix,1982-03-21,\N,http://en.wikipedia.org/wiki/1982_Brazilian_Grand_Prix,\N,\N,\N,\N,\N,\N,\N,\N,\N,\N
469,1982,3,43,United States Grand Prix West,1982-04-04,\N,http://en.wikipedia.org/wiki/1982_United_States_Grand_Prix_West,\N,\N,\N,\N,\N,\N,\N,\N,\N,\N
470,1982,4,21,San Marino Grand Prix,1982-04-25,\N,http://en.wikipedia.org/wiki/1982_San_Marino_Grand_Prix,\N,\N,\N,\N,\N,\N,\N,\N,\N,\N
471,1982,5,40,Belgian Grand Prix,1982-05-09,\N,http://en.wikipedia.org/wiki/1982_Belgian_Grand_Prix,\N,\N,\N,\N,\N,\N,\N,\N,\N,\N
472,1982,6,6,Monaco Grand Prix,1982-05-23,\N,http://en.wikipedia.org/wiki/1982_Monaco_Grand_Prix,\N,\N,\N,\N,\N,\N,\N,\N,\N,\N
473,1982,7,37,Detroit Grand Prix,1982-06-06,\N,http://en.wikipedia.org/wiki/1982_Detroit_Grand_Prix,\N,\N,\N,\N,\N,\N,\N,\N,\N,\N
474,1982,8,7,Canadian Grand Prix,1982-06-13,\N,http://en.wikipedia.org/wiki/1982_Canadian_Grand_Prix,\N,\N,\N,\N,\N,\N,\N,\N,\N,\N
475,1982,9,39,Dutch Grand Prix,1982-07-03,\N,http://en.wikipedia.org/wiki/1982_Dutch_Grand_Prix,\N,\N,\N,\N,\N,\N,\N,\N,\N,\N
476,1982,10,38,British Grand Prix,1982-07-18,\N,http://en.wikipedia.org/wiki/1982_British_Grand_Prix,\N,\N,\N,\N,\N,\N,\N,\N,\N,\N
477,1982,11,34,French Grand Prix,1982-07-25,\N,http://en.wikipedia.org/wiki/1982_French_Grand_Prix,\N,\N,\N,\N,\N,\N,\N,\N,\N,\N
478,1982,12,10,German Grand Prix,1982-08-08,\N,http://en.wikipedia.org/wiki/1982_German_Grand_Prix,\N,\N,\N,\N,\N,\N,\N,\N,\N,\N
479,1982,13,70,Austrian Grand Prix,1982-08-15,\N,http://en.wikipedia.org/wiki/1982_Austrian_Grand_Prix,\N,\N,\N,\N,\N,\N,\N,\N,\N,\N
480,1982,14,41,Swiss Grand Prix,1982-08-29,\N,http://en.wikipedia.org/wiki/1982_Swiss_Grand_Prix,\N,\N,\N,\N,\N,\N,\N,\N,\N,\N
481,1982,15,14,Italian Grand Prix,1982-09-12,\N,http://en.wikipedia.org/wiki/1982_Italian_Grand_Prix,\N,\N,\N,\N,\N,\N,\N,\N,\N,\N
482,1982,16,44,Caesars Palace Grand Prix,1982-09-25,\N,http://en.wikipedia.org/wiki/1982_Caesars_Palace_Grand_Prix,\N,\N,\N,\N,\N,\N,\N,\N,\N,\N
483,1981,1,43,United States Grand Prix West,1981-03-15,\N,http://en.wikipedia.org/wiki/1981_United_States_Grand_Prix_West,\N,\N,\N,\N,\N,\N,\N,\N,\N,\N
484,1981,2,36,Brazilian Grand Prix,1981-03-29,\N,http://en.wikipedia.org/wiki/1981_Brazilian_Grand_Prix,\N,\N,\N,\N,\N,\N,\N,\N,\N,\N
485,1981,3,25,Argentine Grand Prix,1981-04-12,\N,http://en.wikipedia.org/wiki/1981_Argentine_Grand_Prix,\N,\N,\N,\N,\N,\N,\N,\N,\N,\N
486,1981,4,21,San Marino Grand Prix,1981-05-03,\N,http://en.wikipedia.org/wiki/1981_San_Marino_Grand_Prix,\N,\N,\N,\N,\N,\N,\N,\N,\N,\N
487,1981,5,40,Belgian Grand Prix,1981-05-17,\N,http://en.wikipedia.org/wiki/1981_Belgian_Grand_Prix,\N,\N,\N,\N,\N,\N,\N,\N,\N,\N
488,1981,6,6,Monaco Grand Prix,1981-05-31,\N,http://en.wikipedia.org/wiki/1981_Monaco_Grand_Prix,\N,\N,\N,\N,\N,\N,\N,\N,\N,\N
489,1981,7,45,Spanish Grand Prix,1981-06-21,\N,http://en.wikipedia.org/wiki/1981_Spanish_Grand_Prix,\N,\N,\N,\N,\N,\N,\N,\N,\N,\N
490,1981,8,41,French Grand Prix,1981-07-05,\N,http://en.wikipedia.org/wiki/1981_French_Grand_Prix,\N,\N,\N,\N,\N,\N,\N,\N,\N,\N
491,1981,9,9,British Grand Prix,1981-07-18,\N,http://en.wikipedia.org/wiki/1981_British_Grand_Prix,\N,\N,\N,\N,\N,\N,\N,\N,\N,\N
492,1981,10,10,German Grand Prix,1981-08-02,\N,http://en.wikipedia.org/wiki/1981_German_Grand_Prix,\N,\N,\N,\N,\N,\N,\N,\N,\N,\N
493,1981,11,70,Austrian Grand Prix,1981-08-16,\N,http://en.wikipedia.org/wiki/1981_Austrian_Grand_Prix,\N,\N,\N,\N,\N,\N,\N,\N,\N,\N
494,1981,12,39,Dutch Grand Prix,1981-08-30,\N,http://en.wikipedia.org/wiki/1981_Dutch_Grand_Prix,\N,\N,\N,\N,\N,\N,\N,\N,\N,\N
495,1981,13,14,Italian Grand Prix,1981-09-13,\N,http://en.wikipedia.org/wiki/1981_Italian_Grand_Prix,\N,\N,\N,\N,\N,\N,\N,\N,\N,\N
496,1981,14,7,Canadian Grand Prix,1981-09-27,\N,http://en.wikipedia.org/wiki/1981_Canadian_Grand_Prix,\N,\N,\N,\N,\N,\N,\N,\N,\N,\N
497,1981,15,44,Caesars Palace Grand Prix,1981-10-17,\N,http://en.wikipedia.org/wiki/1981_Caesars_Palace_Grand_Prix,\N,\N,\N,\N,\N,\N,\N,\N,\N,\N
498,1980,1,25,Argentine Grand Prix,1980-01-13,\N,http://en.wikipedia.org/wiki/1980_Argentine_Grand_Prix,\N,\N,\N,\N,\N,\N,\N,\N,\N,\N
499,1980,2,18,Brazilian Grand Prix,1980-01-27,\N,http://en.wikipedia.org/wiki/1980_Brazilian_Grand_Prix,\N,\N,\N,\N,\N,\N,\N,\N,\N,\N
500,1980,3,30,South African Grand Prix,1980-03-01,\N,http://en.wikipedia.org/wiki/1980_South_African_Grand_Prix,\N,\N,\N,\N,\N,\N,\N,\N,\N,\N
501,1980,4,43,United States Grand Prix West,1980-03-30,\N,http://en.wikipedia.org/wiki/1980_United_States_Grand_Prix_West,\N,\N,\N,\N,\N,\N,\N,\N,\N,\N
502,1980,5,40,Belgian Grand Prix,1980-05-04,\N,http://en.wikipedia.org/wiki/1980_Belgian_Grand_Prix,\N,\N,\N,\N,\N,\N,\N,\N,\N,\N
503,1980,6,6,Monaco Grand Prix,1980-05-18,\N,http://en.wikipedia.org/wiki/1980_Monaco_Grand_Prix,\N,\N,\N,\N,\N,\N,\N,\N,\N,\N
504,1980,7,34,French Grand Prix,1980-06-29,\N,http://en.wikipedia.org/wiki/1980_French_Grand_Prix,\N,\N,\N,\N,\N,\N,\N,\N,\N,\N
505,1980,8,38,British Grand Prix,1980-07-13,\N,http://en.wikipedia.org/wiki/1980_British_Grand_Prix,\N,\N,\N,\N,\N,\N,\N,\N,\N,\N
506,1980,9,10,German Grand Prix,1980-08-10,\N,http://en.wikipedia.org/wiki/1980_German_Grand_Prix,\N,\N,\N,\N,\N,\N,\N,\N,\N,\N
507,1980,10,70,Austrian Grand Prix,1980-08-17,\N,http://en.wikipedia.org/wiki/1980_Austrian_Grand_Prix,\N,\N,\N,\N,\N,\N,\N,\N,\N,\N
508,1980,11,39,Dutch Grand Prix,1980-08-31,\N,http://en.wikipedia.org/wiki/1980_Dutch_Grand_Prix,\N,\N,\N,\N,\N,\N,\N,\N,\N,\N
509,1980,12,21,Italian Grand Prix,1980-09-14,\N,http://en.wikipedia.org/wiki/1980_Italian_Grand_Prix,\N,\N,\N,\N,\N,\N,\N,\N,\N,\N
510,1980,13,7,Canadian Grand Prix,1980-09-28,\N,http://en.wikipedia.org/wiki/1980_Canadian_Grand_Prix,\N,\N,\N,\N,\N,\N,\N,\N,\N,\N
511,1980,14,46,United States Grand Prix,1980-10-05,\N,http://en.wikipedia.org/wiki/1980_United_States_Grand_Prix,\N,\N,\N,\N,\N,\N,\N,\N,\N,\N
512,1979,1,25,Argentine Grand Prix,1979-01-21,\N,http://en.wikipedia.org/wiki/1979_Argentine_Grand_Prix,\N,\N,\N,\N,\N,\N,\N,\N,\N,\N
513,1979,2,18,Brazilian Grand Prix,1979-02-04,\N,http://en.wikipedia.org/wiki/1979_Brazilian_Grand_Prix,\N,\N,\N,\N,\N,\N,\N,\N,\N,\N
514,1979,3,30,South African Grand Prix,1979-03-03,\N,http://en.wikipedia.org/wiki/1979_South_African_Grand_Prix,\N,\N,\N,\N,\N,\N,\N,\N,\N,\N
515,1979,4,43,United States Grand Prix West,1979-04-08,\N,http://en.wikipedia.org/wiki/1979_United_States_Grand_Prix_West,\N,\N,\N,\N,\N,\N,\N,\N,\N,\N
516,1979,5,45,Spanish Grand Prix,1979-04-29,\N,http://en.wikipedia.org/wiki/1979_Spanish_Grand_Prix,\N,\N,\N,\N,\N,\N,\N,\N,\N,\N
517,1979,6,40,Belgian Grand Prix,1979-05-13,\N,http://en.wikipedia.org/wiki/1979_Belgian_Grand_Prix,\N,\N,\N,\N,\N,\N,\N,\N,\N,\N
518,1979,7,6,Monaco Grand Prix,1979-05-27,\N,http://en.wikipedia.org/wiki/1979_Monaco_Grand_Prix,\N,\N,\N,\N,\N,\N,\N,\N,\N,\N
519,1979,8,41,French Grand Prix,1979-07-01,\N,http://en.wikipedia.org/wiki/1979_French_Grand_Prix,\N,\N,\N,\N,\N,\N,\N,\N,\N,\N
520,1979,9,9,British Grand Prix,1979-07-14,\N,http://en.wikipedia.org/wiki/1979_British_Grand_Prix,\N,\N,\N,\N,\N,\N,\N,\N,\N,\N
521,1979,10,10,German Grand Prix,1979-07-29,\N,http://en.wikipedia.org/wiki/1979_German_Grand_Prix,\N,\N,\N,\N,\N,\N,\N,\N,\N,\N
522,1979,11,70,Austrian Grand Prix,1979-08-12,\N,http://en.wikipedia.org/wiki/1979_Austrian_Grand_Prix,\N,\N,\N,\N,\N,\N,\N,\N,\N,\N
523,1979,12,39,Dutch Grand Prix,1979-08-26,\N,http://en.wikipedia.org/wiki/1979_Dutch_Grand_Prix,\N,\N,\N,\N,\N,\N,\N,\N,\N,\N
524,1979,13,14,Italian Grand Prix,1979-09-09,\N,http://en.wikipedia.org/wiki/1979_Italian_Grand_Prix,\N,\N,\N,\N,\N,\N,\N,\N,\N,\N
525,1979,14,7,Canadian Grand Prix,1979-09-30,\N,http://en.wikipedia.org/wiki/1979_Canadian_Grand_Prix,\N,\N,\N,\N,\N,\N,\N,\N,\N,\N
526,1979,15,46,United States Grand Prix,1979-10-07,\N,http://en.wikipedia.org/wiki/1979_United_States_Grand_Prix,\N,\N,\N,\N,\N,\N,\N,\N,\N,\N
527,1978,1,25,Argentine Grand Prix,1978-01-15,\N,http://en.wikipedia.org/wiki/1978_Argentine_Grand_Prix,\N,\N,\N,\N,\N,\N,\N,\N,\N,\N
528,1978,2,36,Brazilian Grand Prix,1978-01-29,\N,http://en.wikipedia.org/wiki/1978_Brazilian_Grand_Prix,\N,\N,\N,\N,\N,\N,\N,\N,\N,\N
529,1978,3,30,South African Grand Prix,1978-03-04,\N,http://en.wikipedia.org/wiki/1978_South_African_Grand_Prix,\N,\N,\N,\N,\N,\N,\N,\N,\N,\N
530,1978,4,43,United States Grand Prix West,1978-04-02,\N,http://en.wikipedia.org/wiki/1978_United_States_Grand_Prix_West,\N,\N,\N,\N,\N,\N,\N,\N,\N,\N
531,1978,5,6,Monaco Grand Prix,1978-05-07,\N,http://en.wikipedia.org/wiki/1978_Monaco_Grand_Prix,\N,\N,\N,\N,\N,\N,\N,\N,\N,\N
532,1978,6,40,Belgian Grand Prix,1978-05-21,\N,http://en.wikipedia.org/wiki/1978_Belgian_Grand_Prix,\N,\N,\N,\N,\N,\N,\N,\N,\N,\N
533,1978,7,45,Spanish Grand Prix,1978-06-04,\N,http://en.wikipedia.org/wiki/1978_Spanish_Grand_Prix,\N,\N,\N,\N,\N,\N,\N,\N,\N,\N
534,1978,8,47,Swedish Grand Prix,1978-06-17,\N,http://en.wikipedia.org/wiki/1978_Swedish_Grand_Prix,\N,\N,\N,\N,\N,\N,\N,\N,\N,\N
535,1978,9,34,French Grand Prix,1978-07-02,\N,http://en.wikipedia.org/wiki/1978_French_Grand_Prix,\N,\N,\N,\N,\N,\N,\N,\N,\N,\N
536,1978,10,38,British Grand Prix,1978-07-16,\N,http://en.wikipedia.org/wiki/1978_British_Grand_Prix,\N,\N,\N,\N,\N,\N,\N,\N,\N,\N
537,1978,11,10,German Grand Prix,1978-07-30,\N,http://en.wikipedia.org/wiki/1978_German_Grand_Prix,\N,\N,\N,\N,\N,\N,\N,\N,\N,\N
538,1978,12,70,Austrian Grand Prix,1978-08-13,\N,http://en.wikipedia.org/wiki/1978_Austrian_Grand_Prix,\N,\N,\N,\N,\N,\N,\N,\N,\N,\N
539,1978,13,39,Dutch Grand Prix,1978-08-27,\N,http://en.wikipedia.org/wiki/1978_Dutch_Grand_Prix,\N,\N,\N,\N,\N,\N,\N,\N,\N,\N
540,1978,14,14,Italian Grand Prix,1978-09-10,\N,http://en.wikipedia.org/wiki/1978_Italian_Grand_Prix,\N,\N,\N,\N,\N,\N,\N,\N,\N,\N
541,1978,15,46,United States Grand Prix,1978-10-01,\N,http://en.wikipedia.org/wiki/1978_United_States_Grand_Prix,\N,\N,\N,\N,\N,\N,\N,\N,\N,\N
542,1978,16,7,Canadian Grand Prix,1978-10-08,\N,http://en.wikipedia.org/wiki/1978_Canadian_Grand_Prix,\N,\N,\N,\N,\N,\N,\N,\N,\N,\N
543,1977,1,25,Argentine Grand Prix,1977-01-09,\N,http://en.wikipedia.org/wiki/1977_Argentine_Grand_Prix,\N,\N,\N,\N,\N,\N,\N,\N,\N,\N
544,1977,2,18,Brazilian Grand Prix,1977-01-23,\N,http://en.wikipedia.org/wiki/1977_Brazilian_Grand_Prix,\N,\N,\N,\N,\N,\N,\N,\N,\N,\N
545,1977,3,30,South African Grand Prix,1977-03-05,\N,http://en.wikipedia.org/wiki/1977_South_African_Grand_Prix,\N,\N,\N,\N,\N,\N,\N,\N,\N,\N
546,1977,4,43,United States Grand Prix West,1977-04-03,\N,http://en.wikipedia.org/wiki/1977_United_States_Grand_Prix_West,\N,\N,\N,\N,\N,\N,\N,\N,\N,\N
547,1977,5,45,Spanish Grand Prix,1977-05-08,\N,http://en.wikipedia.org/wiki/1977_Spanish_Grand_Prix,\N,\N,\N,\N,\N,\N,\N,\N,\N,\N
548,1977,6,6,Monaco Grand Prix,1977-05-22,\N,http://en.wikipedia.org/wiki/1977_Monaco_Grand_Prix,\N,\N,\N,\N,\N,\N,\N,\N,\N,\N
549,1977,7,40,Belgian Grand Prix,1977-06-05,\N,http://en.wikipedia.org/wiki/1977_Belgian_Grand_Prix,\N,\N,\N,\N,\N,\N,\N,\N,\N,\N
550,1977,8,47,Swedish Grand Prix,1977-06-19,\N,http://en.wikipedia.org/wiki/1977_Swedish_Grand_Prix,\N,\N,\N,\N,\N,\N,\N,\N,\N,\N
551,1977,9,41,French Grand Prix,1977-07-03,\N,http://en.wikipedia.org/wiki/1977_French_Grand_Prix,\N,\N,\N,\N,\N,\N,\N,\N,\N,\N
552,1977,10,9,British Grand Prix,1977-07-16,\N,http://en.wikipedia.org/wiki/1977_British_Grand_Prix,\N,\N,\N,\N,\N,\N,\N,\N,\N,\N
553,1977,11,10,German Grand Prix,1977-07-31,\N,http://en.wikipedia.org/wiki/1977_German_Grand_Prix,\N,\N,\N,\N,\N,\N,\N,\N,\N,\N
554,1977,12,70,Austrian Grand Prix,1977-08-14,\N,http://en.wikipedia.org/wiki/1977_Austrian_Grand_Prix,\N,\N,\N,\N,\N,\N,\N,\N,\N,\N
555,1977,13,39,Dutch Grand Prix,1977-08-28,\N,http://en.wikipedia.org/wiki/1977_Dutch_Grand_Prix,\N,\N,\N,\N,\N,\N,\N,\N,\N,\N
556,1977,14,14,Italian Grand Prix,1977-09-11,\N,http://en.wikipedia.org/wiki/1977_Italian_Grand_Prix,\N,\N,\N,\N,\N,\N,\N,\N,\N,\N
557,1977,15,46,United States Grand Prix,1977-10-02,\N,http://en.wikipedia.org/wiki/1977_United_States_Grand_Prix,\N,\N,\N,\N,\N,\N,\N,\N,\N,\N
558,1977,16,48,Canadian Grand Prix,1977-10-09,\N,http://en.wikipedia.org/wiki/1977_Canadian_Grand_Prix,\N,\N,\N,\N,\N,\N,\N,\N,\N,\N
559,1977,17,16,Japanese Grand Prix,1977-10-23,\N,http://en.wikipedia.org/wiki/1977_Japanese_Grand_Prix,\N,\N,\N,\N,\N,\N,\N,\N,\N,\N
560,1976,1,18,Brazilian Grand Prix,1976-01-25,\N,http://en.wikipedia.org/wiki/1976_Brazilian_Grand_Prix,\N,\N,\N,\N,\N,\N,\N,\N,\N,\N
561,1976,2,30,South African Grand Prix,1976-03-06,\N,http://en.wikipedia.org/wiki/1976_South_African_Grand_Prix,\N,\N,\N,\N,\N,\N,\N,\N,\N,\N
562,1976,3,43,United States Grand Prix West,1976-03-28,\N,http://en.wikipedia.org/wiki/1976_United_States_Grand_Prix_West,\N,\N,\N,\N,\N,\N,\N,\N,\N,\N
563,1976,4,45,Spanish Grand Prix,1976-05-02,\N,http://en.wikipedia.org/wiki/1976_Spanish_Grand_Prix,\N,\N,\N,\N,\N,\N,\N,\N,\N,\N
564,1976,5,40,Belgian Grand Prix,1976-05-16,\N,http://en.wikipedia.org/wiki/1976_Belgian_Grand_Prix,\N,\N,\N,\N,\N,\N,\N,\N,\N,\N
565,1976,6,6,Monaco Grand Prix,1976-05-30,\N,http://en.wikipedia.org/wiki/1976_Monaco_Grand_Prix,\N,\N,\N,\N,\N,\N,\N,\N,\N,\N
566,1976,7,47,Swedish Grand Prix,1976-06-13,\N,http://en.wikipedia.org/wiki/1976_Swedish_Grand_Prix,\N,\N,\N,\N,\N,\N,\N,\N,\N,\N
567,1976,8,34,French Grand Prix,1976-07-04,\N,http://en.wikipedia.org/wiki/1976_French_Grand_Prix,\N,\N,\N,\N,\N,\N,\N,\N,\N,\N
568,1976,9,38,British Grand Prix,1976-07-18,\N,http://en.wikipedia.org/wiki/1976_British_Grand_Prix,\N,\N,\N,\N,\N,\N,\N,\N,\N,\N
569,1976,10,20,German Grand Prix,1976-08-01,\N,http://en.wikipedia.org/wiki/1976_German_Grand_Prix,\N,\N,\N,\N,\N,\N,\N,\N,\N,\N
570,1976,11,70,Austrian Grand Prix,1976-08-15,\N,http://en.wikipedia.org/wiki/1976_Austrian_Grand_Prix,\N,\N,\N,\N,\N,\N,\N,\N,\N,\N
571,1976,12,39,Dutch Grand Prix,1976-08-29,\N,http://en.wikipedia.org/wiki/1976_Dutch_Grand_Prix,\N,\N,\N,\N,\N,\N,\N,\N,\N,\N
572,1976,13,14,Italian Grand Prix,1976-09-12,\N,http://en.wikipedia.org/wiki/1976_Italian_Grand_Prix,\N,\N,\N,\N,\N,\N,\N,\N,\N,\N
573,1976,14,48,Canadian Grand Prix,1976-10-03,\N,http://en.wikipedia.org/wiki/1976_Canadian_Grand_Prix,\N,\N,\N,\N,\N,\N,\N,\N,\N,\N
574,1976,15,46,United States Grand Prix,1976-10-10,\N,http://en.wikipedia.org/wiki/1976_United_States_Grand_Prix,\N,\N,\N,\N,\N,\N,\N,\N,\N,\N
575,1976,16,16,Japanese Grand Prix,1976-10-24,\N,http://en.wikipedia.org/wiki/1976_Japanese_Grand_Prix,\N,\N,\N,\N,\N,\N,\N,\N,\N,\N
576,1975,1,25,Argentine Grand Prix,1975-01-12,\N,http://en.wikipedia.org/wiki/1975_Argentine_Grand_Prix,\N,\N,\N,\N,\N,\N,\N,\N,\N,\N
577,1975,2,18,Brazilian Grand Prix,1975-01-26,\N,http://en.wikipedia.org/wiki/1975_Brazilian_Grand_Prix,\N,\N,\N,\N,\N,\N,\N,\N,\N,\N
578,1975,3,30,South African Grand Prix,1975-03-01,\N,http://en.wikipedia.org/wiki/1975_South_African_Grand_Prix,\N,\N,\N,\N,\N,\N,\N,\N,\N,\N
579,1975,4,49,Spanish Grand Prix,1975-04-27,\N,http://en.wikipedia.org/wiki/1975_Spanish_Grand_Prix,\N,\N,\N,\N,\N,\N,\N,\N,\N,\N
580,1975,5,6,Monaco Grand Prix,1975-05-11,\N,http://en.wikipedia.org/wiki/1975_Monaco_Grand_Prix,\N,\N,\N,\N,\N,\N,\N,\N,\N,\N
581,1975,6,40,Belgian Grand Prix,1975-05-25,\N,http://en.wikipedia.org/wiki/1975_Belgian_Grand_Prix,\N,\N,\N,\N,\N,\N,\N,\N,\N,\N
582,1975,7,47,Swedish Grand Prix,1975-06-08,\N,http://en.wikipedia.org/wiki/1975_Swedish_Grand_Prix,\N,\N,\N,\N,\N,\N,\N,\N,\N,\N
583,1975,8,39,Dutch Grand Prix,1975-06-22,\N,http://en.wikipedia.org/wiki/1975_Dutch_Grand_Prix,\N,\N,\N,\N,\N,\N,\N,\N,\N,\N
584,1975,9,34,French Grand Prix,1975-07-06,\N,http://en.wikipedia.org/wiki/1975_French_Grand_Prix,\N,\N,\N,\N,\N,\N,\N,\N,\N,\N
585,1975,10,9,British Grand Prix,1975-07-19,\N,http://en.wikipedia.org/wiki/1975_British_Grand_Prix,\N,\N,\N,\N,\N,\N,\N,\N,\N,\N
586,1975,11,20,German Grand Prix,1975-08-03,\N,http://en.wikipedia.org/wiki/1975_German_Grand_Prix,\N,\N,\N,\N,\N,\N,\N,\N,\N,\N
587,1975,12,70,Austrian Grand Prix,1975-08-17,\N,http://en.wikipedia.org/wiki/1975_Austrian_Grand_Prix,\N,\N,\N,\N,\N,\N,\N,\N,\N,\N
588,1975,13,14,Italian Grand Prix,1975-09-07,\N,http://en.wikipedia.org/wiki/1975_Italian_Grand_Prix,\N,\N,\N,\N,\N,\N,\N,\N,\N,\N
589,1975,14,46,United States Grand Prix,1975-10-05,\N,http://en.wikipedia.org/wiki/1975_United_States_Grand_Prix,\N,\N,\N,\N,\N,\N,\N,\N,\N,\N
590,1974,1,25,Argentine Grand Prix,1974-01-13,\N,http://en.wikipedia.org/wiki/1974_Argentine_Grand_Prix,\N,\N,\N,\N,\N,\N,\N,\N,\N,\N
591,1974,2,18,Brazilian Grand Prix,1974-01-27,\N,http://en.wikipedia.org/wiki/1974_Brazilian_Grand_Prix,\N,\N,\N,\N,\N,\N,\N,\N,\N,\N
592,1974,3,30,South African Grand Prix,1974-03-30,\N,http://en.wikipedia.org/wiki/1974_South_African_Grand_Prix,\N,\N,\N,\N,\N,\N,\N,\N,\N,\N
593,1974,4,45,Spanish Grand Prix,1974-04-28,\N,http://en.wikipedia.org/wiki/1974_Spanish_Grand_Prix,\N,\N,\N,\N,\N,\N,\N,\N,\N,\N
594,1974,5,50,Belgian Grand Prix,1974-05-12,\N,http://en.wikipedia.org/wiki/1974_Belgian_Grand_Prix,\N,\N,\N,\N,\N,\N,\N,\N,\N,\N
595,1974,6,6,Monaco Grand Prix,1974-05-26,\N,http://en.wikipedia.org/wiki/1974_Monaco_Grand_Prix,\N,\N,\N,\N,\N,\N,\N,\N,\N,\N
596,1974,7,47,Swedish Grand Prix,1974-06-09,\N,http://en.wikipedia.org/wiki/1974_Swedish_Grand_Prix,\N,\N,\N,\N,\N,\N,\N,\N,\N,\N
597,1974,8,39,Dutch Grand Prix,1974-06-23,\N,http://en.wikipedia.org/wiki/1974_Dutch_Grand_Prix,\N,\N,\N,\N,\N,\N,\N,\N,\N,\N
598,1974,9,41,French Grand Prix,1974-07-07,\N,http://en.wikipedia.org/wiki/1974_French_Grand_Prix,\N,\N,\N,\N,\N,\N,\N,\N,\N,\N
599,1974,10,38,British Grand Prix,1974-07-20,\N,http://en.wikipedia.org/wiki/1974_British_Grand_Prix,\N,\N,\N,\N,\N,\N,\N,\N,\N,\N
600,1974,11,20,German Grand Prix,1974-08-04,\N,http://en.wikipedia.org/wiki/1974_German_Grand_Prix,\N,\N,\N,\N,\N,\N,\N,\N,\N,\N
601,1974,12,70,Austrian Grand Prix,1974-08-18,\N,http://en.wikipedia.org/wiki/1974_Austrian_Grand_Prix,\N,\N,\N,\N,\N,\N,\N,\N,\N,\N
602,1974,13,14,Italian Grand Prix,1974-09-08,\N,http://en.wikipedia.org/wiki/1974_Italian_Grand_Prix,\N,\N,\N,\N,\N,\N,\N,\N,\N,\N
603,1974,14,48,Canadian Grand Prix,1974-09-22,\N,http://en.wikipedia.org/wiki/1974_Canadian_Grand_Prix,\N,\N,\N,\N,\N,\N,\N,\N,\N,\N
604,1974,15,46,United States Grand Prix,1974-10-06,\N,http://en.wikipedia.org/wiki/1974_United_States_Grand_Prix,\N,\N,\N,\N,\N,\N,\N,\N,\N,\N
605,1973,1,25,Argentine Grand Prix,1973-01-28,\N,http://en.wikipedia.org/wiki/1973_Argentine_Grand_Prix,\N,\N,\N,\N,\N,\N,\N,\N,\N,\N
606,1973,2,18,Brazilian Grand Prix,1973-02-11,\N,http://en.wikipedia.org/wiki/1973_Brazilian_Grand_Prix,\N,\N,\N,\N,\N,\N,\N,\N,\N,\N
607,1973,3,30,South African Grand Prix,1973-03-03,\N,http://en.wikipedia.org/wiki/1973_South_African_Grand_Prix,\N,\N,\N,\N,\N,\N,\N,\N,\N,\N
608,1973,4,49,Spanish Grand Prix,1973-04-29,\N,http://en.wikipedia.org/wiki/1973_Spanish_Grand_Prix,\N,\N,\N,\N,\N,\N,\N,\N,\N,\N
609,1973,5,40,Belgian Grand Prix,1973-05-20,\N,http://en.wikipedia.org/wiki/1973_Belgian_Grand_Prix,\N,\N,\N,\N,\N,\N,\N,\N,\N,\N
610,1973,6,6,Monaco Grand Prix,1973-06-03,\N,http://en.wikipedia.org/wiki/1973_Monaco_Grand_Prix,\N,\N,\N,\N,\N,\N,\N,\N,\N,\N
611,1973,7,47,Swedish Grand Prix,1973-06-17,\N,http://en.wikipedia.org/wiki/1973_Swedish_Grand_Prix,\N,\N,\N,\N,\N,\N,\N,\N,\N,\N
612,1973,8,34,French Grand Prix,1973-07-01,\N,http://en.wikipedia.org/wiki/1973_French_Grand_Prix,\N,\N,\N,\N,\N,\N,\N,\N,\N,\N
613,1973,9,9,British Grand Prix,1973-07-14,\N,http://en.wikipedia.org/wiki/1973_British_Grand_Prix,\N,\N,\N,\N,\N,\N,\N,\N,\N,\N
614,1973,10,39,Dutch Grand Prix,1973-07-29,\N,http://en.wikipedia.org/wiki/1973_Dutch_Grand_Prix,\N,\N,\N,\N,\N,\N,\N,\N,\N,\N
615,1973,11,20,German Grand Prix,1973-08-05,\N,http://en.wikipedia.org/wiki/1973_German_Grand_Prix,\N,\N,\N,\N,\N,\N,\N,\N,\N,\N
616,1973,12,70,Austrian Grand Prix,1973-08-19,\N,http://en.wikipedia.org/wiki/1973_Austrian_Grand_Prix,\N,\N,\N,\N,\N,\N,\N,\N,\N,\N
617,1973,13,14,Italian Grand Prix,1973-09-09,\N,http://en.wikipedia.org/wiki/1973_Italian_Grand_Prix,\N,\N,\N,\N,\N,\N,\N,\N,\N,\N
618,1973,14,48,Canadian Grand Prix,1973-09-23,\N,http://en.wikipedia.org/wiki/1973_Canadian_Grand_Prix,\N,\N,\N,\N,\N,\N,\N,\N,\N,\N
619,1973,15,46,United States Grand Prix,1973-10-07,\N,http://en.wikipedia.org/wiki/1973_United_States_Grand_Prix,\N,\N,\N,\N,\N,\N,\N,\N,\N,\N
620,1972,1,25,Argentine Grand Prix,1972-01-23,\N,http://en.wikipedia.org/wiki/1972_Argentine_Grand_Prix,\N,\N,\N,\N,\N,\N,\N,\N,\N,\N
621,1972,2,30,South African Grand Prix,1972-03-04,\N,http://en.wikipedia.org/wiki/1972_South_African_Grand_Prix,\N,\N,\N,\N,\N,\N,\N,\N,\N,\N
622,1972,3,45,Spanish Grand Prix,1972-05-01,\N,http://en.wikipedia.org/wiki/1972_Spanish_Grand_Prix,\N,\N,\N,\N,\N,\N,\N,\N,\N,\N
623,1972,4,6,Monaco Grand Prix,1972-05-14,\N,http://en.wikipedia.org/wiki/1972_Monaco_Grand_Prix,\N,\N,\N,\N,\N,\N,\N,\N,\N,\N
624,1972,5,50,Belgian Grand Prix,1972-06-04,\N,http://en.wikipedia.org/wiki/1972_Belgian_Grand_Prix,\N,\N,\N,\N,\N,\N,\N,\N,\N,\N
625,1972,6,51,French Grand Prix,1972-07-02,\N,http://en.wikipedia.org/wiki/1972_French_Grand_Prix,\N,\N,\N,\N,\N,\N,\N,\N,\N,\N
626,1972,7,38,British Grand Prix,1972-07-15,\N,http://en.wikipedia.org/wiki/1972_British_Grand_Prix,\N,\N,\N,\N,\N,\N,\N,\N,\N,\N
627,1972,8,20,German Grand Prix,1972-07-30,\N,http://en.wikipedia.org/wiki/1972_German_Grand_Prix,\N,\N,\N,\N,\N,\N,\N,\N,\N,\N
628,1972,9,70,Austrian Grand Prix,1972-08-13,\N,http://en.wikipedia.org/wiki/1972_Austrian_Grand_Prix,\N,\N,\N,\N,\N,\N,\N,\N,\N,\N
629,1972,10,14,Italian Grand Prix,1972-09-10,\N,http://en.wikipedia.org/wiki/1972_Italian_Grand_Prix,\N,\N,\N,\N,\N,\N,\N,\N,\N,\N
630,1972,11,48,Canadian Grand Prix,1972-09-24,\N,http://en.wikipedia.org/wiki/1972_Canadian_Grand_Prix,\N,\N,\N,\N,\N,\N,\N,\N,\N,\N
631,1972,12,46,United States Grand Prix,1972-10-08,\N,http://en.wikipedia.org/wiki/1972_United_States_Grand_Prix,\N,\N,\N,\N,\N,\N,\N,\N,\N,\N
632,1971,1,30,South African Grand Prix,1971-03-06,\N,http://en.wikipedia.org/wiki/1971_South_African_Grand_Prix,\N,\N,\N,\N,\N,\N,\N,\N,\N,\N
633,1971,2,49,Spanish Grand Prix,1971-04-18,\N,http://en.wikipedia.org/wiki/1971_Spanish_Grand_Prix,\N,\N,\N,\N,\N,\N,\N,\N,\N,\N
634,1971,3,6,Monaco Grand Prix,1971-05-23,\N,http://en.wikipedia.org/wiki/1971_Monaco_Grand_Prix,\N,\N,\N,\N,\N,\N,\N,\N,\N,\N
635,1971,4,39,Dutch Grand Prix,1971-06-20,\N,http://en.wikipedia.org/wiki/1971_Dutch_Grand_Prix,\N,\N,\N,\N,\N,\N,\N,\N,\N,\N
636,1971,5,34,French Grand Prix,1971-07-04,\N,http://en.wikipedia.org/wiki/1971_French_Grand_Prix,\N,\N,\N,\N,\N,\N,\N,\N,\N,\N
637,1971,6,9,British Grand Prix,1971-07-17,\N,http://en.wikipedia.org/wiki/1971_British_Grand_Prix,\N,\N,\N,\N,\N,\N,\N,\N,\N,\N
638,1971,7,20,German Grand Prix,1971-08-01,\N,http://en.wikipedia.org/wiki/1971_German_Grand_Prix,\N,\N,\N,\N,\N,\N,\N,\N,\N,\N
639,1971,8,70,Austrian Grand Prix,1971-08-15,\N,http://en.wikipedia.org/wiki/1971_Austrian_Grand_Prix,\N,\N,\N,\N,\N,\N,\N,\N,\N,\N
640,1971,9,14,Italian Grand Prix,1971-09-05,\N,http://en.wikipedia.org/wiki/1971_Italian_Grand_Prix,\N,\N,\N,\N,\N,\N,\N,\N,\N,\N
641,1971,10,48,Canadian Grand Prix,1971-09-19,\N,http://en.wikipedia.org/wiki/1971_Canadian_Grand_Prix,\N,\N,\N,\N,\N,\N,\N,\N,\N,\N
642,1971,11,46,United States Grand Prix,1971-10-03,\N,http://en.wikipedia.org/wiki/1971_United_States_Grand_Prix,\N,\N,\N,\N,\N,\N,\N,\N,\N,\N
643,1970,1,30,South African Grand Prix,1970-03-07,\N,http://en.wikipedia.org/wiki/1970_South_African_Grand_Prix,\N,\N,\N,\N,\N,\N,\N,\N,\N,\N
644,1970,2,45,Spanish Grand Prix,1970-04-19,\N,http://en.wikipedia.org/wiki/1970_Spanish_Grand_Prix,\N,\N,\N,\N,\N,\N,\N,\N,\N,\N
645,1970,3,6,Monaco Grand Prix,1970-05-10,\N,http://en.wikipedia.org/wiki/1970_Monaco_Grand_Prix,\N,\N,\N,\N,\N,\N,\N,\N,\N,\N
646,1970,4,13,Belgian Grand Prix,1970-06-07,\N,http://en.wikipedia.org/wiki/1970_Belgian_Grand_Prix,\N,\N,\N,\N,\N,\N,\N,\N,\N,\N
647,1970,5,39,Dutch Grand Prix,1970-06-21,\N,http://en.wikipedia.org/wiki/1970_Dutch_Grand_Prix,\N,\N,\N,\N,\N,\N,\N,\N,\N,\N
648,1970,6,51,French Grand Prix,1970-07-05,\N,http://en.wikipedia.org/wiki/1970_French_Grand_Prix,\N,\N,\N,\N,\N,\N,\N,\N,\N,\N
649,1970,7,38,British Grand Prix,1970-07-18,\N,http://en.wikipedia.org/wiki/1970_British_Grand_Prix,\N,\N,\N,\N,\N,\N,\N,\N,\N,\N
650,1970,8,10,German Grand Prix,1970-08-02,\N,http://en.wikipedia.org/wiki/1970_German_Grand_Prix,\N,\N,\N,\N,\N,\N,\N,\N,\N,\N
651,1970,9,70,Austrian Grand Prix,1970-08-16,\N,http://en.wikipedia.org/wiki/1970_Austrian_Grand_Prix,\N,\N,\N,\N,\N,\N,\N,\N,\N,\N
652,1970,10,14,Italian Grand Prix,1970-09-06,\N,http://en.wikipedia.org/wiki/1970_Italian_Grand_Prix,\N,\N,\N,\N,\N,\N,\N,\N,\N,\N
653,1970,11,52,Canadian Grand Prix,1970-09-20,\N,http://en.wikipedia.org/wiki/1970_Canadian_Grand_Prix,\N,\N,\N,\N,\N,\N,\N,\N,\N,\N
654,1970,12,46,United States Grand Prix,1970-10-04,\N,http://en.wikipedia.org/wiki/1970_United_States_Grand_Prix,\N,\N,\N,\N,\N,\N,\N,\N,\N,\N
655,1970,13,32,Mexican Grand Prix,1970-10-25,\N,http://en.wikipedia.org/wiki/1970_Mexican_Grand_Prix,\N,\N,\N,\N,\N,\N,\N,\N,\N,\N
656,1969,1,30,South African Grand Prix,1969-03-01,\N,http://en.wikipedia.org/wiki/1969_South_African_Grand_Prix,\N,\N,\N,\N,\N,\N,\N,\N,\N,\N
657,1969,2,49,Spanish Grand Prix,1969-05-04,\N,http://en.wikipedia.org/wiki/1969_Spanish_Grand_Prix,\N,\N,\N,\N,\N,\N,\N,\N,\N,\N
658,1969,3,6,Monaco Grand Prix,1969-05-18,\N,http://en.wikipedia.org/wiki/1969_Monaco_Grand_Prix,\N,\N,\N,\N,\N,\N,\N,\N,\N,\N
659,1969,4,39,Dutch Grand Prix,1969-06-21,\N,http://en.wikipedia.org/wiki/1969_Dutch_Grand_Prix,\N,\N,\N,\N,\N,\N,\N,\N,\N,\N
660,1969,5,51,French Grand Prix,1969-07-06,\N,http://en.wikipedia.org/wiki/1969_French_Grand_Prix,\N,\N,\N,\N,\N,\N,\N,\N,\N,\N
661,1969,6,9,British Grand Prix,1969-07-19,\N,http://en.wikipedia.org/wiki/1969_British_Grand_Prix,\N,\N,\N,\N,\N,\N,\N,\N,\N,\N
662,1969,7,20,German Grand Prix,1969-08-03,\N,http://en.wikipedia.org/wiki/1969_German_Grand_Prix,\N,\N,\N,\N,\N,\N,\N,\N,\N,\N
663,1969,8,14,Italian Grand Prix,1969-09-07,\N,http://en.wikipedia.org/wiki/1969_Italian_Grand_Prix,\N,\N,\N,\N,\N,\N,\N,\N,\N,\N
664,1969,9,48,Canadian Grand Prix,1969-09-20,\N,http://en.wikipedia.org/wiki/1969_Canadian_Grand_Prix,\N,\N,\N,\N,\N,\N,\N,\N,\N,\N
665,1969,10,46,United States Grand Prix,1969-10-05,\N,http://en.wikipedia.org/wiki/1969_United_States_Grand_Prix,\N,\N,\N,\N,\N,\N,\N,\N,\N,\N
666,1969,11,32,Mexican Grand Prix,1969-10-19,\N,http://en.wikipedia.org/wiki/1969_Mexican_Grand_Prix,\N,\N,\N,\N,\N,\N,\N,\N,\N,\N
667,1968,1,30,South African Grand Prix,1968-01-01,\N,http://en.wikipedia.org/wiki/1968_South_African_Grand_Prix,\N,\N,\N,\N,\N,\N,\N,\N,\N,\N
668,1968,2,45,Spanish Grand Prix,1968-05-12,\N,http://en.wikipedia.org/wiki/1968_Spanish_Grand_Prix,\N,\N,\N,\N,\N,\N,\N,\N,\N,\N
669,1968,3,6,Monaco Grand Prix,1968-05-26,\N,http://en.wikipedia.org/wiki/1968_Monaco_Grand_Prix,\N,\N,\N,\N,\N,\N,\N,\N,\N,\N
670,1968,4,13,Belgian Grand Prix,1968-06-09,\N,http://en.wikipedia.org/wiki/1968_Belgian_Grand_Prix,\N,\N,\N,\N,\N,\N,\N,\N,\N,\N
671,1968,5,39,Dutch Grand Prix,1968-06-23,\N,http://en.wikipedia.org/wiki/1968_Dutch_Grand_Prix,\N,\N,\N,\N,\N,\N,\N,\N,\N,\N
672,1968,6,53,French Grand Prix,1968-07-07,\N,http://en.wikipedia.org/wiki/1968_French_Grand_Prix,\N,\N,\N,\N,\N,\N,\N,\N,\N,\N
673,1968,7,38,British Grand Prix,1968-07-20,\N,http://en.wikipedia.org/wiki/1968_British_Grand_Prix,\N,\N,\N,\N,\N,\N,\N,\N,\N,\N
674,1968,8,20,German Grand Prix,1968-08-04,\N,http://en.wikipedia.org/wiki/1968_German_Grand_Prix,\N,\N,\N,\N,\N,\N,\N,\N,\N,\N
675,1968,9,14,Italian Grand Prix,1968-09-08,\N,http://en.wikipedia.org/wiki/1968_Italian_Grand_Prix,\N,\N,\N,\N,\N,\N,\N,\N,\N,\N
676,1968,10,52,Canadian Grand Prix,1968-09-22,\N,http://en.wikipedia.org/wiki/1968_Canadian_Grand_Prix,\N,\N,\N,\N,\N,\N,\N,\N,\N,\N
677,1968,11,46,United States Grand Prix,1968-10-06,\N,http://en.wikipedia.org/wiki/1968_United_States_Grand_Prix,\N,\N,\N,\N,\N,\N,\N,\N,\N,\N
678,1968,12,32,Mexican Grand Prix,1968-11-03,\N,http://en.wikipedia.org/wiki/1968_Mexican_Grand_Prix,\N,\N,\N,\N,\N,\N,\N,\N,\N,\N
679,1967,1,30,South African Grand Prix,1967-01-02,\N,http://en.wikipedia.org/wiki/1967_South_African_Grand_Prix,\N,\N,\N,\N,\N,\N,\N,\N,\N,\N
680,1967,2,6,Monaco Grand Prix,1967-05-07,\N,http://en.wikipedia.org/wiki/1967_Monaco_Grand_Prix,\N,\N,\N,\N,\N,\N,\N,\N,\N,\N
681,1967,3,39,Dutch Grand Prix,1967-06-04,\N,http://en.wikipedia.org/wiki/1967_Dutch_Grand_Prix,\N,\N,\N,\N,\N,\N,\N,\N,\N,\N
682,1967,4,13,Belgian Grand Prix,1967-06-18,\N,http://en.wikipedia.org/wiki/1967_Belgian_Grand_Prix,\N,\N,\N,\N,\N,\N,\N,\N,\N,\N
683,1967,5,54,French Grand Prix,1967-07-02,\N,http://en.wikipedia.org/wiki/1967_French_Grand_Prix,\N,\N,\N,\N,\N,\N,\N,\N,\N,\N
684,1967,6,9,British Grand Prix,1967-07-15,\N,http://en.wikipedia.org/wiki/1967_British_Grand_Prix,\N,\N,\N,\N,\N,\N,\N,\N,\N,\N
685,1967,7,20,German Grand Prix,1967-08-06,\N,http://en.wikipedia.org/wiki/1967_German_Grand_Prix,\N,\N,\N,\N,\N,\N,\N,\N,\N,\N
686,1967,8,48,Canadian Grand Prix,1967-08-27,\N,http://en.wikipedia.org/wiki/1967_Canadian_Grand_Prix,\N,\N,\N,\N,\N,\N,\N,\N,\N,\N
687,1967,9,14,Italian Grand Prix,1967-09-10,\N,http://en.wikipedia.org/wiki/1967_Italian_Grand_Prix,\N,\N,\N,\N,\N,\N,\N,\N,\N,\N
688,1967,10,46,United States Grand Prix,1967-10-01,\N,http://en.wikipedia.org/wiki/1967_United_States_Grand_Prix,\N,\N,\N,\N,\N,\N,\N,\N,\N,\N
689,1967,11,32,Mexican Grand Prix,1967-10-22,\N,http://en.wikipedia.org/wiki/1967_Mexican_Grand_Prix,\N,\N,\N,\N,\N,\N,\N,\N,\N,\N
690,1966,1,6,Monaco Grand Prix,1966-05-22,\N,http://en.wikipedia.org/wiki/1966_Monaco_Grand_Prix,\N,\N,\N,\N,\N,\N,\N,\N,\N,\N
691,1966,2,13,Belgian Grand Prix,1966-06-12,\N,http://en.wikipedia.org/wiki/1966_Belgian_Grand_Prix,\N,\N,\N,\N,\N,\N,\N,\N,\N,\N
692,1966,3,55,French Grand Prix,1966-07-03,\N,http://en.wikipedia.org/wiki/1966_French_Grand_Prix,\N,\N,\N,\N,\N,\N,\N,\N,\N,\N
693,1966,4,38,British Grand Prix,1966-07-16,\N,http://en.wikipedia.org/wiki/1966_British_Grand_Prix,\N,\N,\N,\N,\N,\N,\N,\N,\N,\N
694,1966,5,39,Dutch Grand Prix,1966-07-24,\N,http://en.wikipedia.org/wiki/1966_Dutch_Grand_Prix,\N,\N,\N,\N,\N,\N,\N,\N,\N,\N
695,1966,6,20,German Grand Prix,1966-08-07,\N,http://en.wikipedia.org/wiki/1966_German_Grand_Prix,\N,\N,\N,\N,\N,\N,\N,\N,\N,\N
696,1966,7,14,Italian Grand Prix,1966-09-04,\N,http://en.wikipedia.org/wiki/1966_Italian_Grand_Prix,\N,\N,\N,\N,\N,\N,\N,\N,\N,\N
697,1966,8,46,United States Grand Prix,1966-10-02,\N,http://en.wikipedia.org/wiki/1966_United_States_Grand_Prix,\N,\N,\N,\N,\N,\N,\N,\N,\N,\N
698,1966,9,32,Mexican Grand Prix,1966-10-23,\N,http://en.wikipedia.org/wiki/1966_Mexican_Grand_Prix,\N,\N,\N,\N,\N,\N,\N,\N,\N,\N
699,1965,1,56,South African Grand Prix,1965-01-01,\N,http://en.wikipedia.org/wiki/1965_South_African_Grand_Prix,\N,\N,\N,\N,\N,\N,\N,\N,\N,\N
700,1965,2,6,Monaco Grand Prix,1965-05-30,\N,http://en.wikipedia.org/wiki/1965_Monaco_Grand_Prix,\N,\N,\N,\N,\N,\N,\N,\N,\N,\N
701,1965,3,13,Belgian Grand Prix,1965-06-13,\N,http://en.wikipedia.org/wiki/1965_Belgian_Grand_Prix,\N,\N,\N,\N,\N,\N,\N,\N,\N,\N
702,1965,4,51,French Grand Prix,1965-06-27,\N,http://en.wikipedia.org/wiki/1965_French_Grand_Prix,\N,\N,\N,\N,\N,\N,\N,\N,\N,\N
703,1965,5,9,British Grand Prix,1965-07-10,\N,http://en.wikipedia.org/wiki/1965_British_Grand_Prix,\N,\N,\N,\N,\N,\N,\N,\N,\N,\N
704,1965,6,39,Dutch Grand Prix,1965-07-18,\N,http://en.wikipedia.org/wiki/1965_Dutch_Grand_Prix,\N,\N,\N,\N,\N,\N,\N,\N,\N,\N
705,1965,7,20,German Grand Prix,1965-08-01,\N,http://en.wikipedia.org/wiki/1965_German_Grand_Prix,\N,\N,\N,\N,\N,\N,\N,\N,\N,\N
706,1965,8,14,Italian Grand Prix,1965-09-12,\N,http://en.wikipedia.org/wiki/1965_Italian_Grand_Prix,\N,\N,\N,\N,\N,\N,\N,\N,\N,\N
707,1965,9,46,United States Grand Prix,1965-10-03,\N,http://en.wikipedia.org/wiki/1965_United_States_Grand_Prix,\N,\N,\N,\N,\N,\N,\N,\N,\N,\N
708,1965,10,32,Mexican Grand Prix,1965-10-24,\N,http://en.wikipedia.org/wiki/1965_Mexican_Grand_Prix,\N,\N,\N,\N,\N,\N,\N,\N,\N,\N
709,1964,1,6,Monaco Grand Prix,1964-05-10,\N,http://en.wikipedia.org/wiki/1964_Monaco_Grand_Prix,\N,\N,\N,\N,\N,\N,\N,\N,\N,\N
710,1964,2,39,Dutch Grand Prix,1964-05-24,\N,http://en.wikipedia.org/wiki/1964_Dutch_Grand_Prix,\N,\N,\N,\N,\N,\N,\N,\N,\N,\N
711,1964,3,13,Belgian Grand Prix,1964-06-14,\N,http://en.wikipedia.org/wiki/1964_Belgian_Grand_Prix,\N,\N,\N,\N,\N,\N,\N,\N,\N,\N
712,1964,4,53,French Grand Prix,1964-06-28,\N,http://en.wikipedia.org/wiki/1964_French_Grand_Prix,\N,\N,\N,\N,\N,\N,\N,\N,\N,\N
713,1964,5,38,British Grand Prix,1964-07-11,\N,http://en.wikipedia.org/wiki/1964_British_Grand_Prix,\N,\N,\N,\N,\N,\N,\N,\N,\N,\N
714,1964,6,20,German Grand Prix,1964-08-02,\N,http://en.wikipedia.org/wiki/1964_German_Grand_Prix,\N,\N,\N,\N,\N,\N,\N,\N,\N,\N
715,1964,7,57,Austrian Grand Prix,1964-08-23,\N,http://en.wikipedia.org/wiki/1964_Austrian_Grand_Prix,\N,\N,\N,\N,\N,\N,\N,\N,\N,\N
716,1964,8,14,Italian Grand Prix,1964-09-06,\N,http://en.wikipedia.org/wiki/1964_Italian_Grand_Prix,\N,\N,\N,\N,\N,\N,\N,\N,\N,\N
717,1964,9,46,United States Grand Prix,1964-10-04,\N,http://en.wikipedia.org/wiki/1964_United_States_Grand_Prix,\N,\N,\N,\N,\N,\N,\N,\N,\N,\N
718,1964,10,32,Mexican Grand Prix,1964-10-25,\N,http://en.wikipedia.org/wiki/1964_Mexican_Grand_Prix,\N,\N,\N,\N,\N,\N,\N,\N,\N,\N
719,1963,1,6,Monaco Grand Prix,1963-05-26,\N,http://en.wikipedia.org/wiki/1963_Monaco_Grand_Prix,\N,\N,\N,\N,\N,\N,\N,\N,\N,\N
720,1963,2,13,Belgian Grand Prix,1963-06-09,\N,http://en.wikipedia.org/wiki/1963_Belgian_Grand_Prix,\N,\N,\N,\N,\N,\N,\N,\N,\N,\N
721,1963,3,39,Dutch Grand Prix,1963-06-23,\N,http://en.wikipedia.org/wiki/1963_Dutch_Grand_Prix,\N,\N,\N,\N,\N,\N,\N,\N,\N,\N
722,1963,4,55,French Grand Prix,1963-06-30,\N,http://en.wikipedia.org/wiki/1963_French_Grand_Prix,\N,\N,\N,\N,\N,\N,\N,\N,\N,\N
723,1963,5,9,British Grand Prix,1963-07-20,\N,http://en.wikipedia.org/wiki/1963_British_Grand_Prix,\N,\N,\N,\N,\N,\N,\N,\N,\N,\N
724,1963,6,20,German Grand Prix,1963-08-04,\N,http://en.wikipedia.org/wiki/1963_German_Grand_Prix,\N,\N,\N,\N,\N,\N,\N,\N,\N,\N
725,1963,7,14,Italian Grand Prix,1963-09-08,\N,http://en.wikipedia.org/wiki/1963_Italian_Grand_Prix,\N,\N,\N,\N,\N,\N,\N,\N,\N,\N
726,1963,8,46,United States Grand Prix,1963-10-06,\N,http://en.wikipedia.org/wiki/1963_United_States_Grand_Prix,\N,\N,\N,\N,\N,\N,\N,\N,\N,\N
727,1963,9,32,Mexican Grand Prix,1963-10-27,\N,http://en.wikipedia.org/wiki/1963_Mexican_Grand_Prix,\N,\N,\N,\N,\N,\N,\N,\N,\N,\N
728,1963,10,56,South African Grand Prix,1963-12-28,\N,http://en.wikipedia.org/wiki/1963_South_African_Grand_Prix,\N,\N,\N,\N,\N,\N,\N,\N,\N,\N
729,1962,1,39,Dutch Grand Prix,1962-05-20,\N,http://en.wikipedia.org/wiki/1962_Dutch_Grand_Prix,\N,\N,\N,\N,\N,\N,\N,\N,\N,\N
730,1962,2,6,Monaco Grand Prix,1962-06-03,\N,http://en.wikipedia.org/wiki/1962_Monaco_Grand_Prix,\N,\N,\N,\N,\N,\N,\N,\N,\N,\N
731,1962,3,13,Belgian Grand Prix,1962-06-17,\N,http://en.wikipedia.org/wiki/1962_Belgian_Grand_Prix,\N,\N,\N,\N,\N,\N,\N,\N,\N,\N
732,1962,4,53,French Grand Prix,1962-07-08,\N,http://en.wikipedia.org/wiki/1962_French_Grand_Prix,\N,\N,\N,\N,\N,\N,\N,\N,\N,\N
733,1962,5,58,British Grand Prix,1962-07-21,\N,http://en.wikipedia.org/wiki/1962_British_Grand_Prix,\N,\N,\N,\N,\N,\N,\N,\N,\N,\N
734,1962,6,20,German Grand Prix,1962-08-05,\N,http://en.wikipedia.org/wiki/1962_German_Grand_Prix,\N,\N,\N,\N,\N,\N,\N,\N,\N,\N
735,1962,7,14,Italian Grand Prix,1962-09-16,\N,http://en.wikipedia.org/wiki/1962_Italian_Grand_Prix,\N,\N,\N,\N,\N,\N,\N,\N,\N,\N
736,1962,8,46,United States Grand Prix,1962-10-07,\N,http://en.wikipedia.org/wiki/1962_United_States_Grand_Prix,\N,\N,\N,\N,\N,\N,\N,\N,\N,\N
737,1962,9,56,South African Grand Prix,1962-12-29,\N,http://en.wikipedia.org/wiki/1962_South_African_Grand_Prix,\N,\N,\N,\N,\N,\N,\N,\N,\N,\N
738,1961,1,6,Monaco Grand Prix,1961-05-14,\N,http://en.wikipedia.org/wiki/1961_Monaco_Grand_Prix,\N,\N,\N,\N,\N,\N,\N,\N,\N,\N
739,1961,2,39,Dutch Grand Prix,1961-05-22,\N,http://en.wikipedia.org/wiki/1961_Dutch_Grand_Prix,\N,\N,\N,\N,\N,\N,\N,\N,\N,\N
740,1961,3,13,Belgian Grand Prix,1961-06-18,\N,http://en.wikipedia.org/wiki/1961_Belgian_Grand_Prix,\N,\N,\N,\N,\N,\N,\N,\N,\N,\N
741,1961,4,55,French Grand Prix,1961-07-02,\N,http://en.wikipedia.org/wiki/1961_French_Grand_Prix,\N,\N,\N,\N,\N,\N,\N,\N,\N,\N
742,1961,5,58,British Grand Prix,1961-07-15,\N,http://en.wikipedia.org/wiki/1961_British_Grand_Prix,\N,\N,\N,\N,\N,\N,\N,\N,\N,\N
743,1961,6,20,German Grand Prix,1961-08-06,\N,http://en.wikipedia.org/wiki/1961_German_Grand_Prix,\N,\N,\N,\N,\N,\N,\N,\N,\N,\N
744,1961,7,14,Italian Grand Prix,1961-09-10,\N,http://en.wikipedia.org/wiki/1961_Italian_Grand_Prix,\N,\N,\N,\N,\N,\N,\N,\N,\N,\N
745,1961,8,46,United States Grand Prix,1961-10-08,\N,http://en.wikipedia.org/wiki/1961_United_States_Grand_Prix,\N,\N,\N,\N,\N,\N,\N,\N,\N,\N
746,1960,1,25,Argentine Grand Prix,1960-02-07,\N,http://en.wikipedia.org/wiki/1960_Argentine_Grand_Prix,\N,\N,\N,\N,\N,\N,\N,\N,\N,\N
747,1960,2,6,Monaco Grand Prix,1960-05-29,\N,http://en.wikipedia.org/wiki/1960_Monaco_Grand_Prix,\N,\N,\N,\N,\N,\N,\N,\N,\N,\N
748,1960,3,19,Indianapolis 500,1960-05-30,\N,http://en.wikipedia.org/wiki/1960_Indianapolis_500,\N,\N,\N,\N,\N,\N,\N,\N,\N,\N
749,1960,4,39,Dutch Grand Prix,1960-06-06,\N,http://en.wikipedia.org/wiki/1960_Dutch_Grand_Prix,\N,\N,\N,\N,\N,\N,\N,\N,\N,\N
750,1960,5,13,Belgian Grand Prix,1960-06-19,\N,http://en.wikipedia.org/wiki/1960_Belgian_Grand_Prix,\N,\N,\N,\N,\N,\N,\N,\N,\N,\N
751,1960,6,55,French Grand Prix,1960-07-03,\N,http://en.wikipedia.org/wiki/1960_French_Grand_Prix,\N,\N,\N,\N,\N,\N,\N,\N,\N,\N
752,1960,7,9,British Grand Prix,1960-07-16,\N,http://en.wikipedia.org/wiki/1960_British_Grand_Prix,\N,\N,\N,\N,\N,\N,\N,\N,\N,\N
753,1960,8,59,Portuguese Grand Prix,1960-08-14,\N,http://en.wikipedia.org/wiki/1960_Portuguese_Grand_Prix,\N,\N,\N,\N,\N,\N,\N,\N,\N,\N
754,1960,9,14,Italian Grand Prix,1960-09-04,\N,http://en.wikipedia.org/wiki/1960_Italian_Grand_Prix,\N,\N,\N,\N,\N,\N,\N,\N,\N,\N
755,1960,10,60,United States Grand Prix,1960-11-20,\N,http://en.wikipedia.org/wiki/1960_United_States_Grand_Prix,\N,\N,\N,\N,\N,\N,\N,\N,\N,\N
756,1959,1,6,Monaco Grand Prix,1959-05-10,\N,http://en.wikipedia.org/wiki/1959_Monaco_Grand_Prix,\N,\N,\N,\N,\N,\N,\N,\N,\N,\N
757,1959,2,19,Indianapolis 500,1959-05-30,\N,http://en.wikipedia.org/wiki/1959_Indianapolis_500,\N,\N,\N,\N,\N,\N,\N,\N,\N,\N
758,1959,3,39,Dutch Grand Prix,1959-05-31,\N,http://en.wikipedia.org/wiki/1959_Dutch_Grand_Prix,\N,\N,\N,\N,\N,\N,\N,\N,\N,\N
759,1959,4,55,French Grand Prix,1959-07-05,\N,http://en.wikipedia.org/wiki/1959_French_Grand_Prix,\N,\N,\N,\N,\N,\N,\N,\N,\N,\N
760,1959,5,58,British Grand Prix,1959-07-18,\N,http://en.wikipedia.org/wiki/1959_British_Grand_Prix,\N,\N,\N,\N,\N,\N,\N,\N,\N,\N
761,1959,6,61,German Grand Prix,1959-08-02,\N,http://en.wikipedia.org/wiki/1959_German_Grand_Prix,\N,\N,\N,\N,\N,\N,\N,\N,\N,\N
762,1959,7,62,Portuguese Grand Prix,1959-08-23,\N,http://en.wikipedia.org/wiki/1959_Portuguese_Grand_Prix,\N,\N,\N,\N,\N,\N,\N,\N,\N,\N
763,1959,8,14,Italian Grand Prix,1959-09-13,\N,http://en.wikipedia.org/wiki/1959_Italian_Grand_Prix,\N,\N,\N,\N,\N,\N,\N,\N,\N,\N
764,1959,9,63,United States Grand Prix,1959-12-12,\N,http://en.wikipedia.org/wiki/1959_United_States_Grand_Prix,\N,\N,\N,\N,\N,\N,\N,\N,\N,\N
765,1958,1,25,Argentine Grand Prix,1958-01-19,\N,http://en.wikipedia.org/wiki/1958_Argentine_Grand_Prix,\N,\N,\N,\N,\N,\N,\N,\N,\N,\N
766,1958,2,6,Monaco Grand Prix,1958-05-18,\N,http://en.wikipedia.org/wiki/1958_Monaco_Grand_Prix,\N,\N,\N,\N,\N,\N,\N,\N,\N,\N
767,1958,3,39,Dutch Grand Prix,1958-05-26,\N,http://en.wikipedia.org/wiki/1958_Dutch_Grand_Prix,\N,\N,\N,\N,\N,\N,\N,\N,\N,\N
768,1958,4,19,Indianapolis 500,1958-05-30,\N,http://en.wikipedia.org/wiki/1958_Indianapolis_500,\N,\N,\N,\N,\N,\N,\N,\N,\N,\N
769,1958,5,13,Belgian Grand Prix,1958-06-15,\N,http://en.wikipedia.org/wiki/1958_Belgian_Grand_Prix,\N,\N,\N,\N,\N,\N,\N,\N,\N,\N
770,1958,6,55,French Grand Prix,1958-07-06,\N,http://en.wikipedia.org/wiki/1958_French_Grand_Prix,\N,\N,\N,\N,\N,\N,\N,\N,\N,\N
771,1958,7,9,British Grand Prix,1958-07-19,\N,http://en.wikipedia.org/wiki/1958_British_Grand_Prix,\N,\N,\N,\N,\N,\N,\N,\N,\N,\N
772,1958,8,20,German Grand Prix,1958-08-03,\N,http://en.wikipedia.org/wiki/1958_German_Grand_Prix,\N,\N,\N,\N,\N,\N,\N,\N,\N,\N
773,1958,9,59,Portuguese Grand Prix,1958-08-24,\N,http://en.wikipedia.org/wiki/1958_Portuguese_Grand_Prix,\N,\N,\N,\N,\N,\N,\N,\N,\N,\N
774,1958,10,14,Italian Grand Prix,1958-09-07,\N,http://en.wikipedia.org/wiki/1958_Italian_Grand_Prix,\N,\N,\N,\N,\N,\N,\N,\N,\N,\N
775,1958,11,64,Moroccan Grand Prix,1958-10-19,\N,http://en.wikipedia.org/wiki/1958_Moroccan_Grand_Prix,\N,\N,\N,\N,\N,\N,\N,\N,\N,\N
776,1957,1,25,Argentine Grand Prix,1957-01-13,\N,http://en.wikipedia.org/wiki/1957_Argentine_Grand_Prix,\N,\N,\N,\N,\N,\N,\N,\N,\N,\N
777,1957,2,6,Monaco Grand Prix,1957-05-19,\N,http://en.wikipedia.org/wiki/1957_Monaco_Grand_Prix,\N,\N,\N,\N,\N,\N,\N,\N,\N,\N
778,1957,3,19,Indianapolis 500,1957-05-30,\N,http://en.wikipedia.org/wiki/1957_Indianapolis_500,\N,\N,\N,\N,\N,\N,\N,\N,\N,\N
779,1957,4,53,French Grand Prix,1957-07-07,\N,http://en.wikipedia.org/wiki/1957_French_Grand_Prix,\N,\N,\N,\N,\N,\N,\N,\N,\N,\N
780,1957,5,58,British Grand Prix,1957-07-20,\N,http://en.wikipedia.org/wiki/1957_British_Grand_Prix,\N,\N,\N,\N,\N,\N,\N,\N,\N,\N
781,1957,6,20,German Grand Prix,1957-08-04,\N,http://en.wikipedia.org/wiki/1957_German_Grand_Prix,\N,\N,\N,\N,\N,\N,\N,\N,\N,\N
782,1957,7,65,Pescara Grand Prix,1957-08-18,\N,http://en.wikipedia.org/wiki/1957_Pescara_Grand_Prix,\N,\N,\N,\N,\N,\N,\N,\N,\N,\N
783,1957,8,14,Italian Grand Prix,1957-09-08,\N,http://en.wikipedia.org/wiki/1957_Italian_Grand_Prix,\N,\N,\N,\N,\N,\N,\N,\N,\N,\N
784,1956,1,25,Argentine Grand Prix,1956-01-22,\N,http://en.wikipedia.org/wiki/1956_Argentine_Grand_Prix,\N,\N,\N,\N,\N,\N,\N,\N,\N,\N
785,1956,2,6,Monaco Grand Prix,1956-05-13,\N,http://en.wikipedia.org/wiki/1956_Monaco_Grand_Prix,\N,\N,\N,\N,\N,\N,\N,\N,\N,\N
786,1956,3,19,Indianapolis 500,1956-05-30,\N,http://en.wikipedia.org/wiki/1956_Indianapolis_500,\N,\N,\N,\N,\N,\N,\N,\N,\N,\N
787,1956,4,13,Belgian Grand Prix,1956-06-03,\N,http://en.wikipedia.org/wiki/1956_Belgian_Grand_Prix,\N,\N,\N,\N,\N,\N,\N,\N,\N,\N
788,1956,5,55,French Grand Prix,1956-07-01,\N,http://en.wikipedia.org/wiki/1956_French_Grand_Prix,\N,\N,\N,\N,\N,\N,\N,\N,\N,\N
789,1956,6,9,British Grand Prix,1956-07-14,\N,http://en.wikipedia.org/wiki/1956_British_Grand_Prix,\N,\N,\N,\N,\N,\N,\N,\N,\N,\N
790,1956,7,20,German Grand Prix,1956-08-05,\N,http://en.wikipedia.org/wiki/1956_German_Grand_Prix,\N,\N,\N,\N,\N,\N,\N,\N,\N,\N
791,1956,8,14,Italian Grand Prix,1956-09-02,\N,http://en.wikipedia.org/wiki/1956_Italian_Grand_Prix,\N,\N,\N,\N,\N,\N,\N,\N,\N,\N
792,1955,1,25,Argentine Grand Prix,1955-01-16,\N,http://en.wikipedia.org/wiki/1955_Argentine_Grand_Prix,\N,\N,\N,\N,\N,\N,\N,\N,\N,\N
793,1955,2,6,Monaco Grand Prix,1955-05-22,\N,http://en.wikipedia.org/wiki/1955_Monaco_Grand_Prix,\N,\N,\N,\N,\N,\N,\N,\N,\N,\N
794,1955,3,19,Indianapolis 500,1955-05-30,\N,http://en.wikipedia.org/wiki/1955_Indianapolis_500,\N,\N,\N,\N,\N,\N,\N,\N,\N,\N
795,1955,4,13,Belgian Grand Prix,1955-06-05,\N,http://en.wikipedia.org/wiki/1955_Belgian_Grand_Prix,\N,\N,\N,\N,\N,\N,\N,\N,\N,\N
796,1955,5,39,Dutch Grand Prix,1955-06-19,\N,http://en.wikipedia.org/wiki/1955_Dutch_Grand_Prix,\N,\N,\N,\N,\N,\N,\N,\N,\N,\N
797,1955,6,58,British Grand Prix,1955-07-16,\N,http://en.wikipedia.org/wiki/1955_British_Grand_Prix,\N,\N,\N,\N,\N,\N,\N,\N,\N,\N
798,1955,7,14,Italian Grand Prix,1955-09-11,\N,http://en.wikipedia.org/wiki/1955_Italian_Grand_Prix,\N,\N,\N,\N,\N,\N,\N,\N,\N,\N
799,1954,1,25,Argentine Grand Prix,1954-01-17,\N,http://en.wikipedia.org/wiki/1954_Argentine_Grand_Prix,\N,\N,\N,\N,\N,\N,\N,\N,\N,\N
800,1954,2,19,Indianapolis 500,1954-05-31,\N,http://en.wikipedia.org/wiki/1954_Indianapolis_500,\N,\N,\N,\N,\N,\N,\N,\N,\N,\N
801,1954,3,13,Belgian Grand Prix,1954-06-20,\N,http://en.wikipedia.org/wiki/1954_Belgian_Grand_Prix,\N,\N,\N,\N,\N,\N,\N,\N,\N,\N
802,1954,4,55,French Grand Prix,1954-07-04,\N,http://en.wikipedia.org/wiki/1954_French_Grand_Prix,\N,\N,\N,\N,\N,\N,\N,\N,\N,\N
803,1954,5,9,British Grand Prix,1954-07-17,\N,http://en.wikipedia.org/wiki/1954_British_Grand_Prix,\N,\N,\N,\N,\N,\N,\N,\N,\N,\N
804,1954,6,20,German Grand Prix,1954-08-01,\N,http://en.wikipedia.org/wiki/1954_German_Grand_Prix,\N,\N,\N,\N,\N,\N,\N,\N,\N,\N
805,1954,7,66,Swiss Grand Prix,1954-08-22,\N,http://en.wikipedia.org/wiki/1954_Swiss_Grand_Prix,\N,\N,\N,\N,\N,\N,\N,\N,\N,\N
806,1954,8,14,Italian Grand Prix,1954-09-05,\N,http://en.wikipedia.org/wiki/1954_Italian_Grand_Prix,\N,\N,\N,\N,\N,\N,\N,\N,\N,\N
807,1954,9,67,Spanish Grand Prix,1954-10-24,\N,http://en.wikipedia.org/wiki/1954_Spanish_Grand_Prix,\N,\N,\N,\N,\N,\N,\N,\N,\N,\N
808,1953,1,25,Argentine Grand Prix,1953-01-18,\N,http://en.wikipedia.org/wiki/1953_Argentine_Grand_Prix,\N,\N,\N,\N,\N,\N,\N,\N,\N,\N
809,1953,2,19,Indianapolis 500,1953-05-30,\N,http://en.wikipedia.org/wiki/1953_Indianapolis_500,\N,\N,\N,\N,\N,\N,\N,\N,\N,\N
810,1953,3,39,Dutch Grand Prix,1953-06-07,\N,http://en.wikipedia.org/wiki/1953_Dutch_Grand_Prix,\N,\N,\N,\N,\N,\N,\N,\N,\N,\N
811,1953,4,13,Belgian Grand Prix,1953-06-21,\N,http://en.wikipedia.org/wiki/1953_Belgian_Grand_Prix,\N,\N,\N,\N,\N,\N,\N,\N,\N,\N
812,1953,5,55,French Grand Prix,1953-07-05,\N,http://en.wikipedia.org/wiki/1953_French_Grand_Prix,\N,\N,\N,\N,\N,\N,\N,\N,\N,\N
813,1953,6,9,British Grand Prix,1953-07-18,\N,http://en.wikipedia.org/wiki/1953_British_Grand_Prix,\N,\N,\N,\N,\N,\N,\N,\N,\N,\N
814,1953,7,20,German Grand Prix,1953-08-02,\N,http://en.wikipedia.org/wiki/1953_German_Grand_Prix,\N,\N,\N,\N,\N,\N,\N,\N,\N,\N
815,1953,8,66,Swiss Grand Prix,1953-08-23,\N,http://en.wikipedia.org/wiki/1953_Swiss_Grand_Prix,\N,\N,\N,\N,\N,\N,\N,\N,\N,\N
816,1953,9,14,Italian Grand Prix,1953-09-13,\N,http://en.wikipedia.org/wiki/1953_Italian_Grand_Prix,\N,\N,\N,\N,\N,\N,\N,\N,\N,\N
817,1952,1,66,Swiss Grand Prix,1952-05-18,\N,http://en.wikipedia.org/wiki/1952_Swiss_Grand_Prix,\N,\N,\N,\N,\N,\N,\N,\N,\N,\N
818,1952,2,19,Indianapolis 500,1952-05-30,\N,http://en.wikipedia.org/wiki/1952_Indianapolis_500,\N,\N,\N,\N,\N,\N,\N,\N,\N,\N
819,1952,3,13,Belgian Grand Prix,1952-06-22,\N,http://en.wikipedia.org/wiki/1952_Belgian_Grand_Prix,\N,\N,\N,\N,\N,\N,\N,\N,\N,\N
820,1952,4,53,French Grand Prix,1952-07-06,\N,http://en.wikipedia.org/wiki/1952_French_Grand_Prix,\N,\N,\N,\N,\N,\N,\N,\N,\N,\N
821,1952,5,9,British Grand Prix,1952-07-19,\N,http://en.wikipedia.org/wiki/1952_British_Grand_Prix,\N,\N,\N,\N,\N,\N,\N,\N,\N,\N
822,1952,6,20,German Grand Prix,1952-08-03,\N,http://en.wikipedia.org/wiki/1952_German_Grand_Prix,\N,\N,\N,\N,\N,\N,\N,\N,\N,\N
823,1952,7,39,Dutch Grand Prix,1952-08-17,\N,http://en.wikipedia.org/wiki/1952_Dutch_Grand_Prix,\N,\N,\N,\N,\N,\N,\N,\N,\N,\N
824,1952,8,14,Italian Grand Prix,1952-09-07,\N,http://en.wikipedia.org/wiki/1952_Italian_Grand_Prix,\N,\N,\N,\N,\N,\N,\N,\N,\N,\N
825,1951,1,66,Swiss Grand Prix,1951-05-27,\N,http://en.wikipedia.org/wiki/1951_Swiss_Grand_Prix,\N,\N,\N,\N,\N,\N,\N,\N,\N,\N
826,1951,2,19,Indianapolis 500,1951-05-30,\N,http://en.wikipedia.org/wiki/1951_Indianapolis_500,\N,\N,\N,\N,\N,\N,\N,\N,\N,\N
827,1951,3,13,Belgian Grand Prix,1951-06-17,\N,http://en.wikipedia.org/wiki/1951_Belgian_Grand_Prix,\N,\N,\N,\N,\N,\N,\N,\N,\N,\N
828,1951,4,55,French Grand Prix,1951-07-01,\N,http://en.wikipedia.org/wiki/1951_French_Grand_Prix,\N,\N,\N,\N,\N,\N,\N,\N,\N,\N
829,1951,5,9,British Grand Prix,1951-07-14,\N,http://en.wikipedia.org/wiki/1951_British_Grand_Prix,\N,\N,\N,\N,\N,\N,\N,\N,\N,\N
830,1951,6,20,German Grand Prix,1951-07-29,\N,http://en.wikipedia.org/wiki/1951_German_Grand_Prix,\N,\N,\N,\N,\N,\N,\N,\N,\N,\N
831,1951,7,14,Italian Grand Prix,1951-09-16,\N,http://en.wikipedia.org/wiki/1951_Italian_Grand_Prix,\N,\N,\N,\N,\N,\N,\N,\N,\N,\N
832,1951,8,67,Spanish Grand Prix,1951-10-28,\N,http://en.wikipedia.org/wiki/1951_Spanish_Grand_Prix,\N,\N,\N,\N,\N,\N,\N,\N,\N,\N
833,1950,1,9,British Grand Prix,1950-05-13,\N,http://en.wikipedia.org/wiki/1950_British_Grand_Prix,\N,\N,\N,\N,\N,\N,\N,\N,\N,\N
834,1950,2,6,Monaco Grand Prix,1950-05-21,\N,http://en.wikipedia.org/wiki/1950_Monaco_Grand_Prix,\N,\N,\N,\N,\N,\N,\N,\N,\N,\N
835,1950,3,19,Indianapolis 500,1950-05-30,\N,http://en.wikipedia.org/wiki/1950_Indianapolis_500,\N,\N,\N,\N,\N,\N,\N,\N,\N,\N
836,1950,4,66,Swiss Grand Prix,1950-06-04,\N,http://en.wikipedia.org/wiki/1950_Swiss_Grand_Prix,\N,\N,\N,\N,\N,\N,\N,\N,\N,\N
837,1950,5,13,Belgian Grand Prix,1950-06-18,\N,http://en.wikipedia.org/wiki/1950_Belgian_Grand_Prix,\N,\N,\N,\N,\N,\N,\N,\N,\N,\N
838,1950,6,55,French Grand Prix,1950-07-02,\N,http://en.wikipedia.org/wiki/1950_French_Grand_Prix,\N,\N,\N,\N,\N,\N,\N,\N,\N,\N
839,1950,7,14,Italian Grand Prix,1950-09-03,\N,http://en.wikipedia.org/wiki/1950_Italian_Grand_Prix,\N,\N,\N,\N,\N,\N,\N,\N,\N,\N
