constructorId,constructorRef,name,nationality,url
1,mclaren,McLaren,British,http://en.wikipedia.org/wiki/McLaren
3,williams,Williams,British,http://en.wikipedia.org/wiki/Williams_Grand_Prix_Engineering
4,renault,Renault,French,http://en.wikipedia.org/wiki/Renault_in_Formula_One
5,toro_rosso,Toro Rosso,Italian,http://en.wikipedia.org/wiki/Scuderia_Toro_Rosso
6,ferrari,Ferrari,Italian,http://en.wikipedia.org/wiki/Scuderia_Ferrari
9,red_bull,Red Bull,Austrian,http://en.wikipedia.org/wiki/Red_Bull_Racing
10,force_india,Force India,Indian,http://en.wikipedia.org/wiki/Racing_Point_Force_India
15,sauber,Sauber,Swiss,http://en.wikipedia.org/wiki/Sauber_Motorsport
51,alfa,Alfa Romeo,Swiss,http://en.wikipedia.org/wiki/Alfa_Romeo_in_Formula_One
117,aston_martin,Aston Martin,British,http://en.wikipedia.org/wiki/Aston_Martin_in_Formula_One
131,mercedes,Mercedes,German,http://en.wikipedia.org/wiki/Mercedes-Benz_in_Formula_One
164,hrt,HRT,Spanish,http://en.wikipedia.org/wiki/Hispania_Racing
206,marussia,Marussia,Russian,http://en.wikipedia.org/wiki/Marussia_F1
207,caterham,Caterham,Malaysian,http://en.wikipedia.org/wiki/Caterham_F1
208,lotus_f1,Lotus F1,British,http://en.wikipedia.org/wiki/Lotus_F1
209,manor,Manor Marussia,British,http://en.wikipedia.org/wiki/Manor_Motorsport
210,haas,Haas F1 Team,American,http://en.wikipedia.org/wiki/Haas_F1_Team
211,racing_point,Racing Point,British,http://en.wikipedia.org/wiki/Racing_Point_F1_Team
213,alphatauri,AlphaTauri,Italian,http://en.wikipedia.org/wiki/Scuderia_AlphaTauri
214,alpine,Alpine F1 Team,French,http://en.wikipedia.org/wiki/Alpine_F1_Team
215,rb,RB F1 Team,Italian,http://en.wikipedia.org/wiki/RB_Formula_One_Team
